arc_target,K562_GWPS__measured,K562_GWPS__n_cells,K562_GWPS__context,K562_GWPS__quality,K562_GWPS__usable,H1_2025_full__measured,H1_2025_full__n_cells,H1_2025_full__context,H1_2025_full__quality,H1_2025_full__usable,CD4_DE__measured,CD4_DE__n_cells,CD4_DE__context,CD4_DE__quality,CD4_DE__usable,Kaden_RPE1__measured,Kaden_RPE1__n_cells,Kaden_RPE1__context,Kaden_RPE1__quality,Kaden_RPE1__usable,n_usable_contexts_c1,usable_contexts_c1,n_measured_green_incl_kaden,n_usable_contexts_c0,v1_tier
ABCD1,False,0,K562,,False,False,0,H1 hESC,,False,False,0,primary CD4 T cell,Rest:absent;Stim48hr:absent;Stim8hr:absent,False,False,,RPE1,excluded: not in C0 backbone; weak reproducibility,False,0,,0,2,0
ACLY,True,90,K562,n_cells=90,True,True,1026,H1 hESC,n_cells=1026; split=validation,True,True,433,primary CD4 T cell,Rest:pass;Stim48hr:pass;Stim8hr:pass,True,False,,RPE1,excluded: not in C0 backbone; weak reproducibility,False,3,K562|H1 hESC|primary CD4 T cell,3,5,0
ADNP,True,156,K562,n_cells=156,True,True,291,H1 hESC,n_cells=291; split=test,True,True,1298,primary CD4 T cell,Rest:pass;Stim48hr:pass;Stim8hr:pass,True,True,,RPE1,excluded: not in C0 backbone; weak reproducibility,False,3,K562|H1 hESC|primary CD4 T cell,4,6,1
AGO1,True,165,K562,n_cells=165,True,False,0,H1 hESC,,False,True,321,primary CD4 T cell,Rest:pass;Stim48hr:pass;Stim8hr:pass,True,False,,RPE1,excluded: not in C0 backbone; weak reproducibility,False,2,K562|primary CD4 T cell,2,4,0
AKAP1,True,126,K562,n_cells=126,True,False,0,H1 hESC,,False,True,1277,primary CD4 T cell,Rest:pass;Stim48hr:pass;Stim8hr:pass,True,False,,RPE1,excluded: not in C0 backbone; weak reproducibility,False,2,K562|primary CD4 T cell,2,4,0
AKIRIN1,True,126,K562,n_cells=126,True,False,0,H1 hESC,,False,True,562,primary CD4 T cell,Rest:pass;Stim48hr:pass;Stim8hr:pass,True,False,,RPE1,excluded: not in C0 backbone; weak reproducibility,False,2,K562|primary CD4 T cell,2,4,0
AKT2,True,105,K562,n_cells=105,True,True,938,H1 hESC,n_cells=938; split=train,True,True,531,primary CD4 T cell,Rest:pass;Stim48hr:pass;Stim8hr:pass,True,False,,RPE1,excluded: not in C0 backbone; weak reproducibility,False,3,K562|H1 hESC|primary CD4 T cell,3,5,1
ALG12,True,168,K562,n_cells=168,True,False,0,H1 hESC,,False,True,710,primary CD4 T cell,Rest:pass;Stim48hr:pass;Stim8hr:pass,True,False,,RPE1,excluded: not in C0 backbone; weak reproducibility,False,2,K562|primary CD4 T cell,2,4,0
ANKRD52,True,13,K562,n_cells=13,False,False,0,H1 hESC,,False,True,63,primary CD4 T cell,Rest:absent;Stim48hr:fail;Stim8hr:fail,False,False,,RPE1,excluded: not in C0 backbone; weak reproducibility,False,0,,2,2,0
ANKZF1,True,252,K562,n_cells=252,True,True,1063,H1 hESC,n_cells=1063; split=test,True,True,228,primary CD4 T cell,Rest:pass;Stim48hr:pass;Stim8hr:pass,True,False,,RPE1,excluded: not in C0 backbone; weak reproducibility,False,3,K562|H1 hESC|primary CD4 T cell,3,5,0
ANP32B,True,260,K562,n_cells=260,True,False,0,H1 hESC,,False,True,378,primary CD4 T cell,Rest:fail;Stim48hr:pass;Stim8hr:pass,True,False,,RPE1,excluded: not in C0 backbone; weak reproducibility,False,2,K562|primary CD4 T cell,2,4,0
AP2A2,True,193,K562,n_cells=193,True,False,0,H1 hESC,,False,True,379,primary CD4 T cell,Rest:pass;Stim48hr:pass;Stim8hr:pass,True,False,,RPE1,excluded: not in C0 backbone; weak reproducibility,False,2,K562|primary CD4 T cell,2,4,0
API5,True,206,K562,n_cells=206,True,False,0,H1 hESC,,False,True,230,primary CD4 T cell,Rest:pass;Stim48hr:pass;Stim8hr:pass,True,False,,RPE1,excluded: not in C0 backbone; weak reproducibility,False,2,K562|primary CD4 T cell,2,4,0
ARL14EP,True,233,K562,n_cells=233,True,False,0,H1 hESC,,False,True,351,primary CD4 T cell,Rest:pass;Stim48hr:pass;Stim8hr:pass,True,False,,RPE1,excluded: not in C0 backbone; weak reproducibility,False,2,K562|primary CD4 T cell,2,4,0
ASCC2,True,182,K562,n_cells=182,True,False,0,H1 hESC,,False,True,455,primary CD4 T cell,Rest:pass;Stim48hr:pass;Stim8hr:pass,True,False,,RPE1,excluded: not in C0 backbone; weak reproducibility,False,2,K562|primary CD4 T cell,2,4,0
BCKDK,True,293,K562,n_cells=293,True,False,0,H1 hESC,,False,True,521,primary CD4 T cell,Rest:pass;Stim48hr:pass;Stim8hr:pass,True,False,,RPE1,excluded: not in C0 backbone; weak reproducibility,False,2,K562|primary CD4 T cell,2,4,0
BCL6,True,155,K562,n_cells=155,True,False,0,H1 hESC,,False,True,503,primary CD4 T cell,Rest:pass;Stim48hr:pass;Stim8hr:pass,True,True,,RPE1,excluded: not in C0 backbone; weak reproducibility,False,2,K562|primary CD4 T cell,3,5,1
BCL7C,True,119,K562,n_cells=119,True,False,0,H1 hESC,,False,True,347,primary CD4 T cell,Rest:pass;Stim48hr:pass;Stim8hr:pass,True,False,,RPE1,excluded: not in C0 backbone; weak reproducibility,False,2,K562|primary CD4 T cell,2,4,0
BRD1,True,246,K562,n_cells=246,True,False,0,H1 hESC,,False,True,245,primary CD4 T cell,Rest:pass;Stim48hr:pass;Stim8hr:pass,True,False,,RPE1,excluded: not in C0 backbone; weak reproducibility,False,2,K562|primary CD4 T cell,2,3,0
BRPF1,True,230,K562,n_cells=230,True,True,366,H1 hESC,n_cells=366; split=test,True,True,720,primary CD4 T cell,Rest:pass;Stim48hr:pass;Stim8hr:pass,True,True,,RPE1,excluded: not in C0 backbone; weak reproducibility,False,3,K562|H1 hESC|primary CD4 T cell,4,6,1
C5orf22,True,208,K562,n_cells=208,True,False,0,H1 hESC,,False,False,0,primary CD4 T cell,Rest:absent;Stim48hr:absent;Stim8hr:absent,False,False,,RPE1,excluded: not in C0 backbone; weak reproducibility,False,1,K562,1,1,0
CAND1,True,59,K562,n_cells=59,True,False,0,H1 hESC,,False,True,886,primary CD4 T cell,Rest:pass;Stim48hr:pass;Stim8hr:pass,True,False,,RPE1,excluded: not in C0 backbone; weak reproducibility,False,2,K562|primary CD4 T cell,2,4,0
CAPRIN2,False,0,K562,,False,False,0,H1 hESC,,False,True,121,primary CD4 T cell,Rest:fail;Stim48hr:fail;Stim8hr:fail,False,False,,RPE1,excluded: not in C0 backbone; weak reproducibility,False,0,,1,2,0
CARM1,True,156,K562,n_cells=156,True,False,0,H1 hESC,,False,True,752,primary CD4 T cell,Rest:pass;Stim48hr:pass;Stim8hr:pass,True,False,,RPE1,excluded: not in C0 backbone; weak reproducibility,False,2,K562|primary CD4 T cell,2,4,0
CAT,True,220,K562,n_cells=220,True,False,0,H1 hESC,,False,True,605,primary CD4 T cell,Rest:pass;Stim48hr:pass;Stim8hr:pass,True,False,,RPE1,excluded: not in C0 backbone; weak reproducibility,False,2,K562|primary CD4 T cell,2,4,0
CCDC112,True,91,K562,n_cells=91,True,False,0,H1 hESC,,False,True,872,primary CD4 T cell,Rest:pass;Stim48hr:fail;Stim8hr:fail,True,False,,RPE1,excluded: not in C0 backbone; weak reproducibility,False,2,K562|primary CD4 T cell,2,4,0
CDK8,True,181,K562,n_cells=181,True,False,0,H1 hESC,,False,True,677,primary CD4 T cell,Rest:pass;Stim48hr:pass;Stim8hr:pass,True,False,,RPE1,excluded: not in C0 backbone; weak reproducibility,False,2,K562|primary CD4 T cell,2,2,0
CHD3,True,174,K562,n_cells=174,True,False,0,H1 hESC,,False,True,415,primary CD4 T cell,Rest:pass;Stim48hr:pass;Stim8hr:pass,True,True,,RPE1,excluded: not in C0 backbone; weak reproducibility,False,2,K562|primary CD4 T cell,3,5,1
CHD6,True,185,K562,n_cells=185,True,False,0,H1 hESC,,False,True,334,primary CD4 T cell,Rest:pass;Stim48hr:pass;Stim8hr:pass,True,True,,RPE1,excluded: not in C0 backbone; weak reproducibility,False,2,K562|primary CD4 T cell,3,5,1
CHKB,True,197,K562,n_cells=197,True,False,0,H1 hESC,,False,True,579,primary CD4 T cell,Rest:pass;Stim48hr:pass;Stim8hr:pass,True,False,,RPE1,excluded: not in C0 backbone; weak reproducibility,False,2,K562|primary CD4 T cell,2,4,0
CLCN6,True,236,K562,n_cells=236,True,False,0,H1 hESC,,False,True,337,primary CD4 T cell,Rest:fail;Stim48hr:fail;Stim8hr:fail,False,False,,RPE1,excluded: not in C0 backbone; weak reproducibility,False,1,K562,2,3,0
COIL,True,148,K562,n_cells=148,True,False,0,H1 hESC,,False,True,837,primary CD4 T cell,Rest:pass;Stim48hr:pass;Stim8hr:pass,True,False,,RPE1,excluded: not in C0 backbone; weak reproducibility,False,2,K562|primary CD4 T cell,2,4,0
COMMD8,True,157,K562,n_cells=157,True,False,0,H1 hESC,,False,True,395,primary CD4 T cell,Rest:pass;Stim48hr:pass;Stim8hr:pass,True,False,,RPE1,excluded: not in C0 backbone; weak reproducibility,False,2,K562|primary CD4 T cell,2,4,0
COQ10B,True,160,K562,n_cells=160,True,False,0,H1 hESC,,False,True,528,primary CD4 T cell,Rest:pass;Stim48hr:pass;Stim8hr:pass,True,False,,RPE1,excluded: not in C0 backbone; weak reproducibility,False,2,K562|primary CD4 T cell,2,4,0
CSNK2A1,True,153,K562,n_cells=153,True,False,0,H1 hESC,,False,True,608,primary CD4 T cell,Rest:pass;Stim48hr:pass;Stim8hr:pass,True,False,,RPE1,excluded: not in C0 backbone; weak reproducibility,False,2,K562|primary CD4 T cell,2,4,0
CYTH2,True,203,K562,n_cells=203,True,False,0,H1 hESC,,False,True,649,primary CD4 T cell,Rest:fail;Stim48hr:fail;Stim8hr:fail,False,False,,RPE1,excluded: not in C0 backbone; weak reproducibility,False,1,K562,2,3,0
DBF4B,True,158,K562,n_cells=158,True,False,0,H1 hESC,,False,True,783,primary CD4 T cell,Rest:pass;Stim48hr:pass;Stim8hr:pass,True,False,,RPE1,excluded: not in C0 backbone; weak reproducibility,False,2,K562|primary CD4 T cell,2,4,0
DBN1,True,187,K562,n_cells=187,True,False,0,H1 hESC,,False,True,456,primary CD4 T cell,Rest:fail;Stim48hr:fail;Stim8hr:fail,False,False,,RPE1,excluded: not in C0 backbone; weak reproducibility,False,1,K562,2,3,0
DCAF16,True,84,K562,n_cells=84,True,False,0,H1 hESC,,False,True,333,primary CD4 T cell,Rest:pass;Stim48hr:pass;Stim8hr:pass,True,False,,RPE1,excluded: not in C0 backbone; weak reproducibility,False,2,K562|primary CD4 T cell,2,4,0
DCP2,True,241,K562,n_cells=241,True,False,0,H1 hESC,,False,True,151,primary CD4 T cell,Rest:pass;Stim48hr:fail;Stim8hr:pass,True,False,,RPE1,excluded: not in C0 backbone; weak reproducibility,False,2,K562|primary CD4 T cell,2,4,0
DDHD1,True,126,K562,n_cells=126,True,False,0,H1 hESC,,False,True,297,primary CD4 T cell,Rest:pass;Stim48hr:pass;Stim8hr:pass,True,False,,RPE1,excluded: not in C0 backbone; weak reproducibility,False,2,K562|primary CD4 T cell,2,4,0
DEAF1,True,100,K562,n_cells=100,True,False,0,H1 hESC,,False,True,711,primary CD4 T cell,Rest:fail;Stim48hr:fail;Stim8hr:fail,False,True,,RPE1,excluded: not in C0 backbone; weak reproducibility,False,1,K562,3,4,1
DEK,True,140,K562,n_cells=140,True,False,0,H1 hESC,,False,True,771,primary CD4 T cell,Rest:pass;Stim48hr:pass;Stim8hr:pass,True,True,,RPE1,excluded: not in C0 backbone; weak reproducibility,False,2,K562|primary CD4 T cell,3,5,1
DHRS1,True,126,K562,n_cells=126,True,False,0,H1 hESC,,False,True,430,primary CD4 T cell,Rest:fail;Stim48hr:pass;Stim8hr:fail,True,False,,RPE1,excluded: not in C0 backbone; weak reproducibility,False,2,K562|primary CD4 T cell,2,4,0
DHX35,True,71,K562,n_cells=71,True,False,0,H1 hESC,,False,True,132,primary CD4 T cell,Rest:fail;Stim48hr:fail;Stim8hr:pass,True,False,,RPE1,excluded: not in C0 backbone; weak reproducibility,False,2,K562|primary CD4 T cell,2,4,0
DLAT,True,18,K562,n_cells=18,False,False,0,H1 hESC,,False,True,479,primary CD4 T cell,Rest:pass;Stim48hr:pass;Stim8hr:pass,True,False,,RPE1,excluded: not in C0 backbone; weak reproducibility,False,1,primary CD4 T cell,2,3,0
DMTF1,True,40,K562,n_cells=40,True,False,0,H1 hESC,,False,True,510,primary CD4 T cell,Rest:pass;Stim48hr:pass;Stim8hr:pass,True,True,,RPE1,excluded: not in C0 backbone; weak reproducibility,False,2,K562|primary CD4 T cell,3,5,1
DNTTIP1,True,267,K562,n_cells=267,True,False,0,H1 hESC,,False,True,1768,primary CD4 T cell,Rest:pass;Stim48hr:pass;Stim8hr:pass,True,False,,RPE1,excluded: not in C0 backbone; weak reproducibility,False,2,K562|primary CD4 T cell,2,4,0
DRG2,True,188,K562,n_cells=188,True,False,0,H1 hESC,,False,True,753,primary CD4 T cell,Rest:pass;Stim48hr:pass;Stim8hr:pass,True,False,,RPE1,excluded: not in C0 backbone; weak reproducibility,False,2,K562|primary CD4 T cell,2,4,0
DTNBP1,True,327,K562,n_cells=327,True,False,0,H1 hESC,,False,True,475,primary CD4 T cell,Rest:pass;Stim48hr:pass;Stim8hr:pass,True,False,,RPE1,excluded: not in C0 backbone; weak reproducibility,False,2,K562|primary CD4 T cell,2,4,0
DVL3,True,338,K562,n_cells=338,True,False,0,H1 hESC,,False,True,719,primary CD4 T cell,Rest:pass;Stim48hr:pass;Stim8hr:pass,True,False,,RPE1,excluded: not in C0 backbone; weak reproducibility,False,2,K562|primary CD4 T cell,2,4,0
E2F1,True,226,K562,n_cells=226,True,False,0,H1 hESC,,False,True,179,primary CD4 T cell,Rest:pass;Stim48hr:pass;Stim8hr:pass,True,True,,RPE1,excluded: not in C0 backbone; weak reproducibility,False,2,K562|primary CD4 T cell,3,5,1
E2F4,True,158,K562,n_cells=158,True,False,0,H1 hESC,,False,True,199,primary CD4 T cell,Rest:pass;Stim48hr:pass;Stim8hr:pass,True,True,,RPE1,excluded: not in C0 backbone; weak reproducibility,False,2,K562|primary CD4 T cell,3,5,1
EAPP,True,216,K562,n_cells=216,True,False,0,H1 hESC,,False,True,48,primary CD4 T cell,Rest:absent;Stim48hr:fail;Stim8hr:fail,False,False,,RPE1,excluded: not in C0 backbone; weak reproducibility,False,1,K562,2,3,0
EEF1A2,True,273,K562,n_cells=273,True,False,0,H1 hESC,,False,False,0,primary CD4 T cell,Rest:absent;Stim48hr:absent;Stim8hr:absent,False,False,,RPE1,excluded: not in C0 backbone; weak reproducibility,False,1,K562,1,3,0
ELK1,True,143,K562,n_cells=143,True,False,0,H1 hESC,,False,True,710,primary CD4 T cell,Rest:pass;Stim48hr:pass;Stim8hr:pass,True,True,,RPE1,excluded: not in C0 backbone; weak reproducibility,False,2,K562|primary CD4 T cell,3,5,1
EPC2,True,259,K562,n_cells=259,True,False,0,H1 hESC,,False,True,534,primary CD4 T cell,Rest:pass;Stim48hr:pass;Stim8hr:pass,True,False,,RPE1,excluded: not in C0 backbone; weak reproducibility,False,2,K562|primary CD4 T cell,2,4,0
EPHB2,False,0,K562,,False,False,0,H1 hESC,,False,False,0,primary CD4 T cell,Rest:absent;Stim48hr:absent;Stim8hr:absent,False,False,,RPE1,excluded: not in C0 backbone; weak reproducibility,False,0,,0,2,0
EPM2AIP1,True,87,K562,n_cells=87,True,False,0,H1 hESC,,False,True,354,primary CD4 T cell,Rest:pass;Stim48hr:pass;Stim8hr:pass,True,False,,RPE1,excluded: not in C0 backbone; weak reproducibility,False,2,K562|primary CD4 T cell,2,4,0
EZH2,True,198,K562,n_cells=198,True,False,0,H1 hESC,,False,True,153,primary CD4 T cell,Rest:fail;Stim48hr:pass;Stim8hr:fail,True,True,,RPE1,excluded: not in C0 backbone; weak reproducibility,False,2,K562|primary CD4 T cell,3,5,1
FAM120A,True,228,K562,n_cells=228,True,False,0,H1 hESC,,False,True,453,primary CD4 T cell,Rest:pass;Stim48hr:pass;Stim8hr:pass,True,False,,RPE1,excluded: not in C0 backbone; weak reproducibility,False,2,K562|primary CD4 T cell,2,4,0
FCGRT,True,224,K562,n_cells=224,True,False,0,H1 hESC,,False,True,677,primary CD4 T cell,Rest:pass;Stim48hr:pass;Stim8hr:fail,True,False,,RPE1,excluded: not in C0 backbone; weak reproducibility,False,2,K562|primary CD4 T cell,2,4,0
FHL3,True,320,K562,n_cells=320,True,False,0,H1 hESC,,False,True,845,primary CD4 T cell,Rest:pass;Stim48hr:pass;Stim8hr:pass,True,False,,RPE1,excluded: not in C0 backbone; weak reproducibility,False,2,K562|primary CD4 T cell,2,4,0
FOXN2,True,232,K562,n_cells=232,True,False,0,H1 hESC,,False,True,1150,primary CD4 T cell,Rest:pass;Stim48hr:pass;Stim8hr:pass,True,True,,RPE1,excluded: not in C0 backbone; weak reproducibility,False,2,K562|primary CD4 T cell,3,5,1
FOXO4,True,293,K562,n_cells=293,True,False,0,H1 hESC,,False,True,778,primary CD4 T cell,Rest:pass;Stim48hr:pass;Stim8hr:pass,True,True,,RPE1,excluded: not in C0 backbone; weak reproducibility,False,2,K562|primary CD4 T cell,3,5,1
FUBP3,True,118,K562,n_cells=118,True,False,0,H1 hESC,,False,True,283,primary CD4 T cell,Rest:fail;Stim48hr:pass;Stim8hr:pass,True,False,,RPE1,excluded: not in C0 backbone; weak reproducibility,False,2,K562|primary CD4 T cell,2,4,0
FXYD5,True,318,K562,n_cells=318,True,False,0,H1 hESC,,False,True,1362,primary CD4 T cell,Rest:pass;Stim48hr:pass;Stim8hr:pass,True,False,,RPE1,excluded: not in C0 backbone; weak reproducibility,False,2,K562|primary CD4 T cell,2,4,0
FZD2,True,187,K562,n_cells=187,True,False,0,H1 hESC,,False,False,0,primary CD4 T cell,Rest:absent;Stim48hr:absent;Stim8hr:absent,False,False,,RPE1,excluded: not in C0 backbone; weak reproducibility,False,1,K562,1,3,0
GIGYF2,True,251,K562,n_cells=251,True,False,0,H1 hESC,,False,True,460,primary CD4 T cell,Rest:pass;Stim48hr:pass;Stim8hr:pass,True,False,,RPE1,excluded: not in C0 backbone; weak reproducibility,False,2,K562|primary CD4 T cell,2,4,0
GLI3,True,324,K562,n_cells=324,True,False,0,H1 hESC,,False,True,1224,primary CD4 T cell,Rest:fail;Stim48hr:fail;Stim8hr:fail,False,True,,RPE1,excluded: not in C0 backbone; weak reproducibility,False,1,K562,3,4,1
GLYR1,True,237,K562,n_cells=237,True,False,0,H1 hESC,,False,True,1417,primary CD4 T cell,Rest:pass;Stim48hr:pass;Stim8hr:pass,True,False,,RPE1,excluded: not in C0 backbone; weak reproducibility,False,2,K562|primary CD4 T cell,2,2,0
GMEB2,True,140,K562,n_cells=140,True,False,0,H1 hESC,,False,True,310,primary CD4 T cell,Rest:fail;Stim48hr:absent;Stim8hr:fail,False,True,,RPE1,excluded: not in C0 backbone; weak reproducibility,False,1,K562,3,4,1
GPATCH8,True,284,K562,n_cells=284,True,False,0,H1 hESC,,False,True,663,primary CD4 T cell,Rest:pass;Stim48hr:pass;Stim8hr:pass,True,False,,RPE1,excluded: not in C0 backbone; weak reproducibility,False,2,K562|primary CD4 T cell,2,4,0
GRAMD1A,True,255,K562,n_cells=255,True,False,0,H1 hESC,,False,True,328,primary CD4 T cell,Rest:pass;Stim48hr:pass;Stim8hr:pass,True,False,,RPE1,excluded: not in C0 backbone; weak reproducibility,False,2,K562|primary CD4 T cell,2,4,0
GTF2IRD1,True,93,K562,n_cells=93,True,False,0,H1 hESC,,False,True,262,primary CD4 T cell,Rest:fail;Stim48hr:pass;Stim8hr:fail,True,True,,RPE1,excluded: not in C0 backbone; weak reproducibility,False,2,K562|primary CD4 T cell,3,5,1
HDAC1,True,165,K562,n_cells=165,True,False,0,H1 hESC,,False,True,547,primary CD4 T cell,Rest:pass;Stim48hr:pass;Stim8hr:pass,True,True,,RPE1,excluded: not in C0 backbone; weak reproducibility,False,2,K562|primary CD4 T cell,3,5,1
HDAC8,True,133,K562,n_cells=133,True,True,1204,H1 hESC,n_cells=1204; split=validation,True,True,433,primary CD4 T cell,Rest:pass;Stim48hr:pass;Stim8hr:pass,True,False,,RPE1,excluded: not in C0 backbone; weak reproducibility,False,3,K562|H1 hESC|primary CD4 T cell,3,5,0
HEATR6,False,0,K562,,False,False,0,H1 hESC,,False,True,812,primary CD4 T cell,Rest:pass;Stim48hr:pass;Stim8hr:pass,True,False,,RPE1,excluded: not in C0 backbone; weak reproducibility,False,1,primary CD4 T cell,1,3,0
HMGN3,True,130,K562,n_cells=130,True,False,0,H1 hESC,,False,True,633,primary CD4 T cell,Rest:pass;Stim48hr:pass;Stim8hr:pass,True,True,,RPE1,excluded: not in C0 backbone; weak reproducibility,False,2,K562|primary CD4 T cell,3,5,1
HMGN4,True,177,K562,n_cells=177,True,False,0,H1 hESC,,False,True,765,primary CD4 T cell,Rest:pass;Stim48hr:pass;Stim8hr:pass,True,False,,RPE1,excluded: not in C0 backbone; weak reproducibility,False,2,K562|primary CD4 T cell,2,4,0
HMGXB3,True,342,K562,n_cells=342,True,False,0,H1 hESC,,False,True,128,primary CD4 T cell,Rest:fail;Stim48hr:pass;Stim8hr:pass,True,True,,RPE1,excluded: not in C0 backbone; weak reproducibility,False,2,K562|primary CD4 T cell,3,5,1
HOMEZ,True,198,K562,n_cells=198,True,False,0,H1 hESC,,False,True,769,primary CD4 T cell,Rest:pass;Stim48hr:pass;Stim8hr:pass,True,True,,RPE1,excluded: not in C0 backbone; weak reproducibility,False,2,K562|primary CD4 T cell,3,5,1
HSBP1,True,168,K562,n_cells=168,True,True,166,H1 hESC,n_cells=166; split=train,True,True,784,primary CD4 T cell,Rest:fail;Stim48hr:pass;Stim8hr:pass,True,True,,RPE1,excluded: not in C0 backbone; weak reproducibility,False,3,K562|H1 hESC|primary CD4 T cell,4,6,2
HSP90AB1,True,74,K562,n_cells=74,True,False,0,H1 hESC,,False,True,593,primary CD4 T cell,Rest:pass;Stim48hr:pass;Stim8hr:pass,True,False,,RPE1,excluded: not in C0 backbone; weak reproducibility,False,2,K562|primary CD4 T cell,2,4,0
IFI27L2,True,89,K562,n_cells=89,True,False,0,H1 hESC,,False,True,564,primary CD4 T cell,Rest:pass;Stim48hr:pass;Stim8hr:pass,True,False,,RPE1,excluded: not in C0 backbone; weak reproducibility,False,2,K562|primary CD4 T cell,2,4,0
IFNAR2,True,183,K562,n_cells=183,True,False,0,H1 hESC,,False,True,352,primary CD4 T cell,Rest:pass;Stim48hr:pass;Stim8hr:pass,True,False,,RPE1,excluded: not in C0 backbone; weak reproducibility,False,2,K562|primary CD4 T cell,2,4,0
IFNGR2,True,295,K562,n_cells=295,True,False,0,H1 hESC,,False,True,603,primary CD4 T cell,Rest:fail;Stim48hr:pass;Stim8hr:pass,True,False,,RPE1,excluded: not in C0 backbone; weak reproducibility,False,2,K562|primary CD4 T cell,2,4,0
IL10RB,True,241,K562,n_cells=241,True,False,0,H1 hESC,,False,True,395,primary CD4 T cell,Rest:pass;Stim48hr:pass;Stim8hr:pass,True,False,,RPE1,excluded: not in C0 backbone; weak reproducibility,False,2,K562|primary CD4 T cell,2,2,0
IREB2,True,157,K562,n_cells=157,True,False,0,H1 hESC,,False,True,298,primary CD4 T cell,Rest:pass;Stim48hr:pass;Stim8hr:pass,True,False,,RPE1,excluded: not in C0 backbone; weak reproducibility,False,2,K562|primary CD4 T cell,2,4,0
KDM5A,True,185,K562,n_cells=185,True,False,0,H1 hESC,,False,True,237,primary CD4 T cell,Rest:pass;Stim48hr:pass;Stim8hr:pass,True,True,,RPE1,excluded: not in C0 backbone; weak reproducibility,False,2,K562|primary CD4 T cell,3,5,1
KHDRBS1,True,129,K562,n_cells=129,True,False,0,H1 hESC,,False,True,231,primary CD4 T cell,Rest:pass;Stim48hr:pass;Stim8hr:pass,True,False,,RPE1,excluded: not in C0 backbone; weak reproducibility,False,2,K562|primary CD4 T cell,2,4,0
KHSRP,True,101,K562,n_cells=101,True,False,0,H1 hESC,,False,True,199,primary CD4 T cell,Rest:pass;Stim48hr:pass;Stim8hr:pass,True,False,,RPE1,excluded: not in C0 backbone; weak reproducibility,False,2,K562|primary CD4 T cell,2,4,0
KIF21B,False,0,K562,,False,False,0,H1 hESC,,False,False,0,primary CD4 T cell,Rest:absent;Stim48hr:absent;Stim8hr:absent,False,False,,RPE1,excluded: not in C0 backbone; weak reproducibility,False,0,,0,2,0
KIF2A,True,301,K562,n_cells=301,True,False,0,H1 hESC,,False,True,696,primary CD4 T cell,Rest:pass;Stim48hr:pass;Stim8hr:pass,True,False,,RPE1,excluded: not in C0 backbone; weak reproducibility,False,2,K562|primary CD4 T cell,2,4,0
KMT2A,True,205,K562,n_cells=205,True,False,0,H1 hESC,,False,True,51,primary CD4 T cell,Rest:absent;Stim48hr:fail;Stim8hr:pass,True,False,,RPE1,excluded: not in C0 backbone; weak reproducibility,False,2,K562|primary CD4 T cell,2,4,0
LDLR,True,175,K562,n_cells=175,True,False,0,H1 hESC,,False,True,122,primary CD4 T cell,Rest:fail;Stim48hr:fail;Stim8hr:fail,False,False,,RPE1,excluded: not in C0 backbone; weak reproducibility,False,1,K562,2,3,0
LENG1,True,66,K562,n_cells=66,True,False,0,H1 hESC,,False,False,0,primary CD4 T cell,Rest:absent;Stim48hr:absent;Stim8hr:absent,False,False,,RPE1,excluded: not in C0 backbone; weak reproducibility,False,1,K562,1,3,0
LMAN1,True,244,K562,n_cells=244,True,False,0,H1 hESC,,False,True,265,primary CD4 T cell,Rest:pass;Stim48hr:pass;Stim8hr:pass,True,False,,RPE1,excluded: not in C0 backbone; weak reproducibility,False,2,K562|primary CD4 T cell,2,4,0
LMBRD2,True,169,K562,n_cells=169,True,False,0,H1 hESC,,False,True,301,primary CD4 T cell,Rest:pass;Stim48hr:pass;Stim8hr:pass,True,False,,RPE1,excluded: not in C0 backbone; weak reproducibility,False,2,K562|primary CD4 T cell,2,4,0
LPCAT3,True,129,K562,n_cells=129,True,False,0,H1 hESC,,False,True,791,primary CD4 T cell,Rest:pass;Stim48hr:fail;Stim8hr:pass,True,False,,RPE1,excluded: not in C0 backbone; weak reproducibility,False,2,K562|primary CD4 T cell,2,4,0
MAN2A1,True,196,K562,n_cells=196,True,False,0,H1 hESC,,False,True,629,primary CD4 T cell,Rest:pass;Stim48hr:pass;Stim8hr:pass,True,False,,RPE1,excluded: not in C0 backbone; weak reproducibility,False,2,K562|primary CD4 T cell,2,3,0
MAP2K2,True,185,K562,n_cells=185,True,False,0,H1 hESC,,False,True,1161,primary CD4 T cell,Rest:pass;Stim48hr:pass;Stim8hr:pass,True,False,,RPE1,excluded: not in C0 backbone; weak reproducibility,False,2,K562|primary CD4 T cell,2,4,0
MAPK12,True,46,K562,n_cells=46,True,False,0,H1 hESC,,False,True,1090,primary CD4 T cell,Rest:fail;Stim48hr:pass;Stim8hr:pass,True,False,,RPE1,excluded: not in C0 backbone; weak reproducibility,False,2,K562|primary CD4 T cell,2,3,0
MAPK7,False,0,K562,,False,False,0,H1 hESC,,False,True,536,primary CD4 T cell,Rest:fail;Stim48hr:pass;Stim8hr:pass,True,False,,RPE1,excluded: not in C0 backbone; weak reproducibility,False,1,primary CD4 T cell,1,3,0
MARCKSL1,True,150,K562,n_cells=150,True,False,0,H1 hESC,,False,True,854,primary CD4 T cell,Rest:pass;Stim48hr:pass;Stim8hr:pass,True,False,,RPE1,excluded: not in C0 backbone; weak reproducibility,False,2,K562|primary CD4 T cell,2,4,0
MBD4,True,200,K562,n_cells=200,True,False,0,H1 hESC,,False,True,602,primary CD4 T cell,Rest:pass;Stim48hr:pass;Stim8hr:pass,True,True,,RPE1,excluded: not in C0 backbone; weak reproducibility,False,2,K562|primary CD4 T cell,3,5,1
MED13,True,268,K562,n_cells=268,True,True,2787,H1 hESC,n_cells=2787; split=train,True,True,1501,primary CD4 T cell,Rest:pass;Stim48hr:pass;Stim8hr:pass,True,False,,RPE1,excluded: not in C0 backbone; weak reproducibility,False,3,K562|H1 hESC|primary CD4 T cell,3,5,1
MED15,True,306,K562,n_cells=306,True,True,3637,H1 hESC,n_cells=3637; split=test,True,True,1294,primary CD4 T cell,Rest:pass;Stim48hr:pass;Stim8hr:pass,True,False,,RPE1,excluded: not in C0 backbone; weak reproducibility,False,3,K562|H1 hESC|primary CD4 T cell,3,5,0
MED25,True,186,K562,n_cells=186,True,True,2028,H1 hESC,n_cells=2028; split=test,True,True,824,primary CD4 T cell,Rest:pass;Stim48hr:pass;Stim8hr:pass,True,False,,RPE1,excluded: not in C0 backbone; weak reproducibility,False,3,K562|H1 hESC|primary CD4 T cell,3,5,0
MLKL,False,0,K562,,False,False,0,H1 hESC,,False,True,2261,primary CD4 T cell,Rest:pass;Stim48hr:pass;Stim8hr:pass,True,False,,RPE1,excluded: not in C0 backbone; weak reproducibility,False,1,primary CD4 T cell,1,3,0
MLLT10,True,198,K562,n_cells=198,True,False,0,H1 hESC,,False,True,799,primary CD4 T cell,Rest:fail;Stim48hr:fail;Stim8hr:fail,False,True,,RPE1,excluded: not in C0 backbone; weak reproducibility,False,1,K562,3,4,1
MSANTD4,True,140,K562,n_cells=140,True,False,0,H1 hESC,,False,True,294,primary CD4 T cell,Rest:fail;Stim48hr:fail;Stim8hr:pass,True,False,,RPE1,excluded: not in C0 backbone; weak reproducibility,False,2,K562|primary CD4 T cell,2,4,0
MSI2,True,136,K562,n_cells=136,True,False,0,H1 hESC,,False,True,967,primary CD4 T cell,Rest:pass;Stim48hr:pass;Stim8hr:pass,True,False,,RPE1,excluded: not in C0 backbone; weak reproducibility,False,2,K562|primary CD4 T cell,2,4,0
MTA1,True,144,K562,n_cells=144,True,True,1434,H1 hESC,n_cells=1434; split=train,True,True,620,primary CD4 T cell,Rest:pass;Stim48hr:pass;Stim8hr:pass,True,True,,RPE1,excluded: not in C0 backbone; weak reproducibility,False,3,K562|H1 hESC|primary CD4 T cell,4,6,2
MTF1,True,168,K562,n_cells=168,True,False,0,H1 hESC,,False,True,41,primary CD4 T cell,Rest:fail;Stim48hr:fail;Stim8hr:pass,True,True,,RPE1,excluded: not in C0 backbone; weak reproducibility,False,2,K562|primary CD4 T cell,3,5,1
MTHFSD,True,188,K562,n_cells=188,True,False,0,H1 hESC,,False,True,798,primary CD4 T cell,Rest:pass;Stim48hr:pass;Stim8hr:pass,True,False,,RPE1,excluded: not in C0 backbone; weak reproducibility,False,2,K562|primary CD4 T cell,2,4,0
MTM1,True,188,K562,n_cells=188,True,False,0,H1 hESC,,False,True,1529,primary CD4 T cell,Rest:pass;Stim48hr:pass;Stim8hr:pass,True,False,,RPE1,excluded: not in C0 backbone; weak reproducibility,False,2,K562|primary CD4 T cell,2,4,0
MYD88,True,355,K562,n_cells=355,True,False,0,H1 hESC,,False,True,657,primary CD4 T cell,Rest:pass;Stim48hr:pass;Stim8hr:pass,True,False,,RPE1,excluded: not in C0 backbone; weak reproducibility,False,2,K562|primary CD4 T cell,2,4,0
MYPOP,True,144,K562,n_cells=144,True,False,0,H1 hESC,,False,True,114,primary CD4 T cell,Rest:fail;Stim48hr:fail;Stim8hr:fail,False,False,,RPE1,excluded: not in C0 backbone; weak reproducibility,False,1,K562,2,3,0
MYRF,True,450,K562,n_cells=450,True,False,0,H1 hESC,,False,True,2092,primary CD4 T cell,Rest:fail;Stim48hr:fail;Stim8hr:fail,False,True,,RPE1,excluded: not in C0 backbone; weak reproducibility,False,1,K562,3,4,1
NABP2,True,664,K562,n_cells=664,True,False,0,H1 hESC,,False,True,703,primary CD4 T cell,Rest:fail;Stim48hr:fail;Stim8hr:fail,False,False,,RPE1,excluded: not in C0 backbone; weak reproducibility,False,1,K562,2,3,0
NAIF1,True,264,K562,n_cells=264,True,False,0,H1 hESC,,False,True,757,primary CD4 T cell,Rest:fail;Stim48hr:fail;Stim8hr:fail,False,False,,RPE1,excluded: not in C0 backbone; weak reproducibility,False,1,K562,2,3,0
NCLN,True,74,K562,n_cells=74,True,False,0,H1 hESC,,False,True,693,primary CD4 T cell,Rest:pass;Stim48hr:pass;Stim8hr:pass,True,False,,RPE1,excluded: not in C0 backbone; weak reproducibility,False,2,K562|primary CD4 T cell,2,4,0
NFE2L1,True,93,K562,n_cells=93,True,True,926,H1 hESC,n_cells=926; split=validation,True,True,331,primary CD4 T cell,Rest:pass;Stim48hr:pass;Stim8hr:pass,True,True,,RPE1,excluded: not in C0 backbone; weak reproducibility,False,3,K562|H1 hESC|primary CD4 T cell,4,6,1
NGLY1,True,212,K562,n_cells=212,True,False,0,H1 hESC,,False,True,154,primary CD4 T cell,Rest:fail;Stim48hr:pass;Stim8hr:pass,True,False,,RPE1,excluded: not in C0 backbone; weak reproducibility,False,2,K562|primary CD4 T cell,2,4,0
NICN1,False,0,K562,,False,False,0,H1 hESC,,False,False,0,primary CD4 T cell,Rest:absent;Stim48hr:absent;Stim8hr:absent,False,False,,RPE1,excluded: not in C0 backbone; weak reproducibility,False,0,,0,2,0
NIPAL3,True,133,K562,n_cells=133,True,False,0,H1 hESC,,False,True,906,primary CD4 T cell,Rest:pass;Stim48hr:pass;Stim8hr:pass,True,False,,RPE1,excluded: not in C0 backbone; weak reproducibility,False,2,K562|primary CD4 T cell,2,4,0
NIPSNAP3A,True,123,K562,n_cells=123,True,False,0,H1 hESC,,False,True,365,primary CD4 T cell,Rest:pass;Stim48hr:pass;Stim8hr:pass,True,False,,RPE1,excluded: not in C0 backbone; weak reproducibility,False,2,K562|primary CD4 T cell,2,4,0
NT5DC1,True,207,K562,n_cells=207,True,False,0,H1 hESC,,False,True,974,primary CD4 T cell,Rest:pass;Stim48hr:pass;Stim8hr:pass,True,False,,RPE1,excluded: not in C0 backbone; weak reproducibility,False,2,K562|primary CD4 T cell,2,4,0
NUP37,True,135,K562,n_cells=135,True,False,0,H1 hESC,,False,True,374,primary CD4 T cell,Rest:pass;Stim48hr:pass;Stim8hr:pass,True,False,,RPE1,excluded: not in C0 backbone; weak reproducibility,False,2,K562|primary CD4 T cell,2,4,0
PAN2,True,215,K562,n_cells=215,True,False,0,H1 hESC,,False,True,691,primary CD4 T cell,Rest:fail;Stim48hr:fail;Stim8hr:pass,True,False,,RPE1,excluded: not in C0 backbone; weak reproducibility,False,2,K562|primary CD4 T cell,2,4,0
PAPOLA,True,48,K562,n_cells=48,True,False,0,H1 hESC,,False,True,463,primary CD4 T cell,Rest:pass;Stim48hr:pass;Stim8hr:pass,True,False,,RPE1,excluded: not in C0 backbone; weak reproducibility,False,2,K562|primary CD4 T cell,2,4,0
PARP3,False,0,K562,,False,False,0,H1 hESC,,False,True,213,primary CD4 T cell,Rest:fail;Stim48hr:fail;Stim8hr:fail,False,False,,RPE1,excluded: not in C0 backbone; weak reproducibility,False,0,,1,2,0
PATL1,True,112,K562,n_cells=112,True,False,0,H1 hESC,,False,True,265,primary CD4 T cell,Rest:fail;Stim48hr:pass;Stim8hr:pass,True,False,,RPE1,excluded: not in C0 backbone; weak reproducibility,False,2,K562|primary CD4 T cell,2,4,0
PBLD,False,0,K562,,False,False,0,H1 hESC,,False,True,641,primary CD4 T cell,Rest:fail;Stim48hr:fail;Stim8hr:fail,False,False,,RPE1,excluded: not in C0 backbone; weak reproducibility,False,0,,1,2,0
PCGF1,True,260,K562,n_cells=260,True,False,0,H1 hESC,,False,True,1576,primary CD4 T cell,Rest:pass;Stim48hr:pass;Stim8hr:pass,True,False,,RPE1,excluded: not in C0 backbone; weak reproducibility,False,2,K562|primary CD4 T cell,2,4,0
PCGF6,True,179,K562,n_cells=179,True,False,0,H1 hESC,,False,True,288,primary CD4 T cell,Rest:pass;Stim48hr:pass;Stim8hr:pass,True,False,,RPE1,excluded: not in C0 backbone; weak reproducibility,False,2,K562|primary CD4 T cell,2,4,0
PDCD4,True,190,K562,n_cells=190,True,False,0,H1 hESC,,False,True,520,primary CD4 T cell,Rest:pass;Stim48hr:pass;Stim8hr:pass,True,False,,RPE1,excluded: not in C0 backbone; weak reproducibility,False,2,K562|primary CD4 T cell,2,4,0
PDE6D,True,311,K562,n_cells=311,True,False,0,H1 hESC,,False,True,219,primary CD4 T cell,Rest:fail;Stim48hr:pass;Stim8hr:fail,True,False,,RPE1,excluded: not in C0 backbone; weak reproducibility,False,2,K562|primary CD4 T cell,2,4,0
PDK1,True,69,K562,n_cells=69,True,False,0,H1 hESC,,False,True,281,primary CD4 T cell,Rest:pass;Stim48hr:absent;Stim8hr:pass,True,False,,RPE1,excluded: not in C0 backbone; weak reproducibility,False,2,K562|primary CD4 T cell,2,4,0
PDK3,False,0,K562,,False,False,0,H1 hESC,,False,True,914,primary CD4 T cell,Rest:pass;Stim48hr:pass;Stim8hr:pass,True,False,,RPE1,excluded: not in C0 backbone; weak reproducibility,False,1,primary CD4 T cell,1,3,0
PGLS,True,231,K562,n_cells=231,True,False,0,H1 hESC,,False,True,111,primary CD4 T cell,Rest:pass;Stim48hr:fail;Stim8hr:pass,True,False,,RPE1,excluded: not in C0 backbone; weak reproducibility,False,2,K562|primary CD4 T cell,2,4,0
PHF11,False,0,K562,,False,False,0,H1 hESC,,False,True,454,primary CD4 T cell,Rest:pass;Stim48hr:pass;Stim8hr:pass,True,False,,RPE1,excluded: not in C0 backbone; weak reproducibility,False,1,primary CD4 T cell,1,3,0
PHF19,True,18,K562,n_cells=18,False,False,0,H1 hESC,,False,True,144,primary CD4 T cell,Rest:fail;Stim48hr:fail;Stim8hr:fail,False,False,,RPE1,excluded: not in C0 backbone; weak reproducibility,False,0,,2,2,0
PHF23,True,261,K562,n_cells=261,True,False,0,H1 hESC,,False,True,324,primary CD4 T cell,Rest:pass;Stim48hr:pass;Stim8hr:pass,True,False,,RPE1,excluded: not in C0 backbone; weak reproducibility,False,2,K562|primary CD4 T cell,2,4,0
PHF8,True,188,K562,n_cells=188,True,False,0,H1 hESC,,False,True,418,primary CD4 T cell,Rest:pass;Stim48hr:pass;Stim8hr:pass,True,False,,RPE1,excluded: not in C0 backbone; weak reproducibility,False,2,K562|primary CD4 T cell,2,4,0
PI4KB,True,63,K562,n_cells=63,True,False,0,H1 hESC,,False,True,163,primary CD4 T cell,Rest:fail;Stim48hr:fail;Stim8hr:fail,False,False,,RPE1,excluded: not in C0 backbone; weak reproducibility,False,1,K562,2,3,0
PIM2,True,216,K562,n_cells=216,True,False,0,H1 hESC,,False,True,740,primary CD4 T cell,Rest:fail;Stim48hr:fail;Stim8hr:fail,False,False,,RPE1,excluded: not in C0 backbone; weak reproducibility,False,1,K562,2,3,0
PIN1,True,37,K562,n_cells=37,True,False,0,H1 hESC,,False,True,77,primary CD4 T cell,Rest:absent;Stim48hr:pass;Stim8hr:fail,True,False,,RPE1,excluded: not in C0 backbone; weak reproducibility,False,2,K562|primary CD4 T cell,2,4,0
PINK1,True,1745,K562,n_cells=1745,True,False,0,H1 hESC,,False,True,609,primary CD4 T cell,Rest:pass;Stim48hr:pass;Stim8hr:pass,True,False,,RPE1,excluded: not in C0 backbone; weak reproducibility,False,2,K562|primary CD4 T cell,2,4,0
PKN3,True,197,K562,n_cells=197,True,False,0,H1 hESC,,False,True,772,primary CD4 T cell,Rest:pass;Stim48hr:pass;Stim8hr:pass,True,False,,RPE1,excluded: not in C0 backbone; weak reproducibility,False,2,K562|primary CD4 T cell,2,4,0
PLAGL2,True,278,K562,n_cells=278,True,True,3642,H1 hESC,n_cells=3642; split=test,True,True,84,primary CD4 T cell,Rest:fail;Stim48hr:absent;Stim8hr:absent,False,True,,RPE1,excluded: not in C0 backbone; weak reproducibility,False,2,K562|H1 hESC,4,5,1
PLCG1,True,213,K562,n_cells=213,True,False,0,H1 hESC,,False,True,437,primary CD4 T cell,Rest:pass;Stim48hr:pass;Stim8hr:pass,True,False,,RPE1,excluded: not in C0 backbone; weak reproducibility,False,2,K562|primary CD4 T cell,2,4,0
PNP,True,270,K562,n_cells=270,True,False,0,H1 hESC,,False,True,733,primary CD4 T cell,Rest:pass;Stim48hr:pass;Stim8hr:pass,True,False,,RPE1,excluded: not in C0 backbone; weak reproducibility,False,2,K562|primary CD4 T cell,2,4,0
POLD4,True,352,K562,n_cells=352,True,False,0,H1 hESC,,False,True,858,primary CD4 T cell,Rest:pass;Stim48hr:pass;Stim8hr:pass,True,False,,RPE1,excluded: not in C0 backbone; weak reproducibility,False,2,K562|primary CD4 T cell,2,4,0
POR,True,260,K562,n_cells=260,True,False,0,H1 hESC,,False,True,467,primary CD4 T cell,Rest:pass;Stim48hr:pass;Stim8hr:pass,True,False,,RPE1,excluded: not in C0 backbone; weak reproducibility,False,2,K562|primary CD4 T cell,2,4,0
PPIF,True,256,K562,n_cells=256,True,False,0,H1 hESC,,False,True,374,primary CD4 T cell,Rest:fail;Stim48hr:pass;Stim8hr:pass,True,False,,RPE1,excluded: not in C0 backbone; weak reproducibility,False,2,K562|primary CD4 T cell,2,4,0
PPIP5K2,True,121,K562,n_cells=121,True,False,0,H1 hESC,,False,True,1634,primary CD4 T cell,Rest:pass;Stim48hr:pass;Stim8hr:pass,True,False,,RPE1,excluded: not in C0 backbone; weak reproducibility,False,2,K562|primary CD4 T cell,2,4,0
PQBP1,True,135,K562,n_cells=135,True,False,0,H1 hESC,,False,True,262,primary CD4 T cell,Rest:pass;Stim48hr:pass;Stim8hr:pass,True,False,,RPE1,excluded: not in C0 backbone; weak reproducibility,False,2,K562|primary CD4 T cell,2,4,0
PRDX3,True,217,K562,n_cells=217,True,False,0,H1 hESC,,False,True,1481,primary CD4 T cell,Rest:pass;Stim48hr:pass;Stim8hr:pass,True,False,,RPE1,excluded: not in C0 backbone; weak reproducibility,False,2,K562|primary CD4 T cell,2,4,0
PRKAB2,True,272,K562,n_cells=272,True,False,0,H1 hESC,,False,True,603,primary CD4 T cell,Rest:pass;Stim48hr:pass;Stim8hr:pass,True,False,,RPE1,excluded: not in C0 backbone; weak reproducibility,False,2,K562|primary CD4 T cell,2,4,0
PRKACA,True,64,K562,n_cells=64,True,False,0,H1 hESC,,False,True,1008,primary CD4 T cell,Rest:pass;Stim48hr:pass;Stim8hr:pass,True,False,,RPE1,excluded: not in C0 backbone; weak reproducibility,False,2,K562|primary CD4 T cell,2,4,0
PRMT2,True,217,K562,n_cells=217,True,False,0,H1 hESC,,False,True,401,primary CD4 T cell,Rest:pass;Stim48hr:pass;Stim8hr:pass,True,False,,RPE1,excluded: not in C0 backbone; weak reproducibility,False,2,K562|primary CD4 T cell,2,4,0
PRMT6,True,113,K562,n_cells=113,True,False,0,H1 hESC,,False,True,280,primary CD4 T cell,Rest:fail;Stim48hr:fail;Stim8hr:fail,False,False,,RPE1,excluded: not in C0 backbone; weak reproducibility,False,1,K562,2,3,0
PRMT7,True,157,K562,n_cells=157,True,False,0,H1 hESC,,False,True,89,primary CD4 T cell,Rest:fail;Stim48hr:absent;Stim8hr:absent,False,False,,RPE1,excluded: not in C0 backbone; weak reproducibility,False,1,K562,2,3,0
PRNP,True,193,K562,n_cells=193,True,False,0,H1 hESC,,False,True,674,primary CD4 T cell,Rest:pass;Stim48hr:pass;Stim8hr:pass,True,False,,RPE1,excluded: not in C0 backbone; weak reproducibility,False,2,K562|primary CD4 T cell,2,4,0
PSKH1,True,110,K562,n_cells=110,True,False,0,H1 hESC,,False,True,1559,primary CD4 T cell,Rest:pass;Stim48hr:pass;Stim8hr:pass,True,False,,RPE1,excluded: not in C0 backbone; weak reproducibility,False,2,K562|primary CD4 T cell,2,4,0
PSMB9,False,0,K562,,False,False,0,H1 hESC,,False,True,631,primary CD4 T cell,Rest:pass;Stim48hr:pass;Stim8hr:pass,True,False,,RPE1,excluded: not in C0 backbone; weak reproducibility,False,1,primary CD4 T cell,1,3,0
PTMS,True,186,K562,n_cells=186,True,False,0,H1 hESC,,False,True,614,primary CD4 T cell,Rest:pass;Stim48hr:pass;Stim8hr:pass,True,False,,RPE1,excluded: not in C0 backbone; weak reproducibility,False,2,K562|primary CD4 T cell,2,4,0
PTOV1,True,79,K562,n_cells=79,True,False,0,H1 hESC,,False,True,673,primary CD4 T cell,Rest:pass;Stim48hr:pass;Stim8hr:pass,True,False,,RPE1,excluded: not in C0 backbone; weak reproducibility,False,2,K562|primary CD4 T cell,2,4,0
PYCR1,True,355,K562,n_cells=355,True,False,0,H1 hESC,,False,True,295,primary CD4 T cell,Rest:fail;Stim48hr:pass;Stim8hr:pass,True,False,,RPE1,excluded: not in C0 backbone; weak reproducibility,False,2,K562|primary CD4 T cell,2,4,0
R3HCC1L,True,134,K562,n_cells=134,True,False,0,H1 hESC,,False,True,497,primary CD4 T cell,Rest:pass;Stim48hr:pass;Stim8hr:pass,True,False,,RPE1,excluded: not in C0 backbone; weak reproducibility,False,2,K562|primary CD4 T cell,2,4,0
RAB11FIP5,False,0,K562,,False,False,0,H1 hESC,,False,True,521,primary CD4 T cell,Rest:pass;Stim48hr:pass;Stim8hr:pass,True,False,,RPE1,excluded: not in C0 backbone; weak reproducibility,False,1,primary CD4 T cell,1,3,0
RAB5A,True,163,K562,n_cells=163,True,False,0,H1 hESC,,False,True,569,primary CD4 T cell,Rest:pass;Stim48hr:pass;Stim8hr:pass,True,False,,RPE1,excluded: not in C0 backbone; weak reproducibility,False,2,K562|primary CD4 T cell,2,4,0
RABEP2,True,254,K562,n_cells=254,True,False,0,H1 hESC,,False,True,825,primary CD4 T cell,Rest:pass;Stim48hr:pass;Stim8hr:pass,True,False,,RPE1,excluded: not in C0 backbone; weak reproducibility,False,2,K562|primary CD4 T cell,2,4,0
RBM18,True,168,K562,n_cells=168,True,False,0,H1 hESC,,False,True,288,primary CD4 T cell,Rest:pass;Stim48hr:pass;Stim8hr:pass,True,False,,RPE1,excluded: not in C0 backbone; weak reproducibility,False,2,K562|primary CD4 T cell,2,4,0
RBM26,True,168,K562,n_cells=168,True,False,0,H1 hESC,,False,True,302,primary CD4 T cell,Rest:pass;Stim48hr:fail;Stim8hr:pass,True,False,,RPE1,excluded: not in C0 backbone; weak reproducibility,False,2,K562|primary CD4 T cell,2,4,0
RBM4B,True,199,K562,n_cells=199,True,False,0,H1 hESC,,False,True,1014,primary CD4 T cell,Rest:pass;Stim48hr:pass;Stim8hr:pass,True,False,,RPE1,excluded: not in C0 backbone; weak reproducibility,False,2,K562|primary CD4 T cell,2,4,0
RBM5,True,99,K562,n_cells=99,True,False,0,H1 hESC,,False,True,650,primary CD4 T cell,Rest:pass;Stim48hr:pass;Stim8hr:pass,True,False,,RPE1,excluded: not in C0 backbone; weak reproducibility,False,2,K562|primary CD4 T cell,2,4,0
RC3H2,True,166,K562,n_cells=166,True,False,0,H1 hESC,,False,True,498,primary CD4 T cell,Rest:pass;Stim48hr:pass;Stim8hr:pass,True,False,,RPE1,excluded: not in C0 backbone; weak reproducibility,False,2,K562|primary CD4 T cell,2,4,0
REV1,True,147,K562,n_cells=147,True,False,0,H1 hESC,,False,False,0,primary CD4 T cell,Rest:absent;Stim48hr:absent;Stim8hr:absent,False,False,,RPE1,excluded: not in C0 backbone; weak reproducibility,False,1,K562,1,3,0
RFK,True,46,K562,n_cells=46,True,False,0,H1 hESC,,False,True,276,primary CD4 T cell,Rest:pass;Stim48hr:pass;Stim8hr:pass,True,False,,RPE1,excluded: not in C0 backbone; weak reproducibility,False,2,K562|primary CD4 T cell,2,3,0
RNF10,True,281,K562,n_cells=281,True,False,0,H1 hESC,,False,True,444,primary CD4 T cell,Rest:pass;Stim48hr:pass;Stim8hr:pass,True,False,,RPE1,excluded: not in C0 backbone; weak reproducibility,False,2,K562|primary CD4 T cell,2,4,0
RNF141,True,314,K562,n_cells=314,True,False,0,H1 hESC,,False,True,774,primary CD4 T cell,Rest:pass;Stim48hr:pass;Stim8hr:pass,True,False,,RPE1,excluded: not in C0 backbone; weak reproducibility,False,2,K562|primary CD4 T cell,2,4,0
RNF2,True,114,K562,n_cells=114,True,True,1844,H1 hESC,n_cells=1844; split=train,True,True,270,primary CD4 T cell,Rest:pass;Stim48hr:pass;Stim8hr:pass,True,True,,RPE1,excluded: not in C0 backbone; weak reproducibility,False,3,K562|H1 hESC|primary CD4 T cell,4,6,2
RSRC1,True,69,K562,n_cells=69,True,False,0,H1 hESC,,False,True,522,primary CD4 T cell,Rest:pass;Stim48hr:pass;Stim8hr:pass,True,False,,RPE1,excluded: not in C0 backbone; weak reproducibility,False,2,K562|primary CD4 T cell,2,4,0
S100A11,True,199,K562,n_cells=199,True,False,0,H1 hESC,,False,True,457,primary CD4 T cell,Rest:pass;Stim48hr:pass;Stim8hr:pass,True,False,,RPE1,excluded: not in C0 backbone; weak reproducibility,False,2,K562|primary CD4 T cell,2,4,0
SAP30L,True,149,K562,n_cells=149,True,False,0,H1 hESC,,False,True,367,primary CD4 T cell,Rest:absent;Stim48hr:fail;Stim8hr:absent,False,False,,RPE1,excluded: not in C0 backbone; weak reproducibility,False,1,K562,2,3,0
SCAF8,True,181,K562,n_cells=181,True,False,0,H1 hESC,,False,True,336,primary CD4 T cell,Rest:pass;Stim48hr:pass;Stim8hr:pass,True,False,,RPE1,excluded: not in C0 backbone; weak reproducibility,False,2,K562|primary CD4 T cell,2,4,0
SEMA4F,False,0,K562,,False,False,0,H1 hESC,,False,True,236,primary CD4 T cell,Rest:fail;Stim48hr:fail;Stim8hr:fail,False,False,,RPE1,excluded: not in C0 backbone; weak reproducibility,False,0,,1,2,0
SFXN4,True,149,K562,n_cells=149,True,False,0,H1 hESC,,False,True,956,primary CD4 T cell,Rest:pass;Stim48hr:pass;Stim8hr:pass,True,False,,RPE1,excluded: not in C0 backbone; weak reproducibility,False,2,K562|primary CD4 T cell,2,4,0
SH2D3A,True,175,K562,n_cells=175,True,False,0,H1 hESC,,False,True,922,primary CD4 T cell,Rest:pass;Stim48hr:pass;Stim8hr:pass,True,False,,RPE1,excluded: not in C0 backbone; weak reproducibility,False,2,K562|primary CD4 T cell,2,4,0
SHPRH,True,224,K562,n_cells=224,True,True,241,H1 hESC,n_cells=241; split=train,True,True,720,primary CD4 T cell,Rest:pass;Stim48hr:pass;Stim8hr:pass,True,False,,RPE1,excluded: not in C0 backbone; weak reproducibility,False,3,K562|H1 hESC|primary CD4 T cell,3,5,1
SIN3B,True,92,K562,n_cells=92,True,True,586,H1 hESC,n_cells=586; split=train,True,True,1069,primary CD4 T cell,Rest:pass;Stim48hr:pass;Stim8hr:pass,True,False,,RPE1,excluded: not in C0 backbone; weak reproducibility,False,3,K562|H1 hESC|primary CD4 T cell,3,5,1
SLC25A13,True,152,K562,n_cells=152,True,False,0,H1 hESC,,False,True,471,primary CD4 T cell,Rest:pass;Stim48hr:pass;Stim8hr:pass,True,False,,RPE1,excluded: not in C0 backbone; weak reproducibility,False,2,K562|primary CD4 T cell,2,4,0
SLC39A1,True,203,K562,n_cells=203,True,False,0,H1 hESC,,False,True,1520,primary CD4 T cell,Rest:pass;Stim48hr:pass;Stim8hr:pass,True,False,,RPE1,excluded: not in C0 backbone; weak reproducibility,False,2,K562|primary CD4 T cell,2,4,0
SLC44A1,False,0,K562,,False,False,0,H1 hESC,,False,True,473,primary CD4 T cell,Rest:fail;Stim48hr:fail;Stim8hr:fail,False,False,,RPE1,excluded: not in C0 backbone; weak reproducibility,False,0,,1,2,0
SLIRP,True,49,K562,n_cells=49,True,True,2000,H1 hESC,n_cells=2000; split=validation,True,True,402,primary CD4 T cell,Rest:pass;Stim48hr:pass;Stim8hr:pass,True,False,,RPE1,excluded: not in C0 backbone; weak reproducibility,False,3,K562|H1 hESC|primary CD4 T cell,3,5,0
SMARCA5,True,140,K562,n_cells=140,True,True,1795,H1 hESC,n_cells=1795; split=train,True,True,223,primary CD4 T cell,Rest:pass;Stim48hr:pass;Stim8hr:pass,True,True,,RPE1,excluded: not in C0 backbone; weak reproducibility,False,3,K562|H1 hESC|primary CD4 T cell,4,6,2
SMARCC2,True,272,K562,n_cells=272,True,False,0,H1 hESC,,False,True,310,primary CD4 T cell,Rest:pass;Stim48hr:pass;Stim8hr:pass,True,True,,RPE1,excluded: not in C0 backbone; weak reproducibility,False,2,K562|primary CD4 T cell,3,5,1
SMYD2,True,205,K562,n_cells=205,True,False,0,H1 hESC,,False,True,348,primary CD4 T cell,Rest:pass;Stim48hr:pass;Stim8hr:pass,True,False,,RPE1,excluded: not in C0 backbone; weak reproducibility,False,2,K562|primary CD4 T cell,2,4,0
SND1,True,207,K562,n_cells=207,True,False,0,H1 hESC,,False,True,363,primary CD4 T cell,Rest:pass;Stim48hr:pass;Stim8hr:pass,True,False,,RPE1,excluded: not in C0 backbone; weak reproducibility,False,2,K562|primary CD4 T cell,2,4,0
SNN,False,0,K562,,False,False,0,H1 hESC,,False,True,565,primary CD4 T cell,Rest:fail;Stim48hr:fail;Stim8hr:fail,False,False,,RPE1,excluded: not in C0 backbone; weak reproducibility,False,0,,1,2,0
SNRK,True,224,K562,n_cells=224,True,False,0,H1 hESC,,False,True,447,primary CD4 T cell,Rest:pass;Stim48hr:pass;Stim8hr:pass,True,False,,RPE1,excluded: not in C0 backbone; weak reproducibility,False,2,K562|primary CD4 T cell,2,4,0
SNX4,True,74,K562,n_cells=74,True,False,0,H1 hESC,,False,True,514,primary CD4 T cell,Rest:fail;Stim48hr:fail;Stim8hr:fail,False,False,,RPE1,excluded: not in C0 backbone; weak reproducibility,False,1,K562,2,3,0
SOCS5,False,0,K562,,False,False,0,H1 hESC,,False,True,230,primary CD4 T cell,Rest:fail;Stim48hr:pass;Stim8hr:pass,True,False,,RPE1,excluded: not in C0 backbone; weak reproducibility,False,1,primary CD4 T cell,1,3,0
SPATA20,False,0,K562,,False,False,0,H1 hESC,,False,True,350,primary CD4 T cell,Rest:fail;Stim48hr:pass;Stim8hr:pass,True,False,,RPE1,excluded: not in C0 backbone; weak reproducibility,False,1,primary CD4 T cell,1,2,0
SRSF5,True,201,K562,n_cells=201,True,False,0,H1 hESC,,False,True,1554,primary CD4 T cell,Rest:pass;Stim48hr:pass;Stim8hr:pass,True,False,,RPE1,excluded: not in C0 backbone; weak reproducibility,False,2,K562|primary CD4 T cell,2,4,0
SSR4,True,128,K562,n_cells=128,True,False,0,H1 hESC,,False,True,1074,primary CD4 T cell,Rest:pass;Stim48hr:pass;Stim8hr:pass,True,False,,RPE1,excluded: not in C0 backbone; weak reproducibility,False,2,K562|primary CD4 T cell,2,4,0
STAT6,True,23,K562,n_cells=23,True,True,858,H1 hESC,n_cells=858; split=train,True,True,779,primary CD4 T cell,Rest:pass;Stim48hr:pass;Stim8hr:pass,True,True,,RPE1,excluded: not in C0 backbone; weak reproducibility,False,3,K562|H1 hESC|primary CD4 T cell,4,6,2
STK3,True,185,K562,n_cells=185,True,False,0,H1 hESC,,False,True,28,primary CD4 T cell,Rest:absent;Stim48hr:fail;Stim8hr:absent,False,False,,RPE1,excluded: not in C0 backbone; weak reproducibility,False,1,K562,2,3,0
STT3A,True,66,K562,n_cells=66,True,False,0,H1 hESC,,False,True,520,primary CD4 T cell,Rest:pass;Stim48hr:pass;Stim8hr:pass,True,False,,RPE1,excluded: not in C0 backbone; weak reproducibility,False,2,K562|primary CD4 T cell,2,4,0
SUPT7L,True,127,K562,n_cells=127,True,False,0,H1 hESC,,False,True,2511,primary CD4 T cell,Rest:pass;Stim48hr:pass;Stim8hr:pass,True,False,,RPE1,excluded: not in C0 backbone; weak reproducibility,False,2,K562|primary CD4 T cell,2,4,0
SYVN1,True,169,K562,n_cells=169,True,False,0,H1 hESC,,False,True,306,primary CD4 T cell,Rest:fail;Stim48hr:pass;Stim8hr:pass,True,False,,RPE1,excluded: not in C0 backbone; weak reproducibility,False,2,K562|primary CD4 T cell,2,4,0
TAF15,True,282,K562,n_cells=282,True,False,0,H1 hESC,,False,True,506,primary CD4 T cell,Rest:pass;Stim48hr:pass;Stim8hr:pass,True,False,,RPE1,excluded: not in C0 backbone; weak reproducibility,False,2,K562|primary CD4 T cell,2,4,0
TAF4,False,0,K562,,False,False,0,H1 hESC,,False,True,40,primary CD4 T cell,Rest:fail;Stim48hr:absent;Stim8hr:fail,False,False,,RPE1,excluded: not in C0 backbone; weak reproducibility,False,0,,1,2,0
TARBP2,True,92,K562,n_cells=92,True,True,2032,H1 hESC,n_cells=2032; split=train,True,True,379,primary CD4 T cell,Rest:pass;Stim48hr:pass;Stim8hr:pass,True,True,,RPE1,excluded: not in C0 backbone; weak reproducibility,False,3,K562|H1 hESC|primary CD4 T cell,4,6,2
TBC1D13,True,200,K562,n_cells=200,True,False,0,H1 hESC,,False,True,610,primary CD4 T cell,Rest:pass;Stim48hr:pass;Stim8hr:pass,True,False,,RPE1,excluded: not in C0 backbone; weak reproducibility,False,2,K562|primary CD4 T cell,2,4,0
TBC1D19,False,0,K562,,False,False,0,H1 hESC,,False,True,342,primary CD4 T cell,Rest:fail;Stim48hr:pass;Stim8hr:pass,True,False,,RPE1,excluded: not in C0 backbone; weak reproducibility,False,1,primary CD4 T cell,1,3,0
TBCK,True,188,K562,n_cells=188,True,False,0,H1 hESC,,False,True,617,primary CD4 T cell,Rest:pass;Stim48hr:pass;Stim8hr:pass,True,False,,RPE1,excluded: not in C0 backbone; weak reproducibility,False,2,K562|primary CD4 T cell,2,4,0
TDRD7,False,0,K562,,False,False,0,H1 hESC,,False,True,304,primary CD4 T cell,Rest:pass;Stim48hr:pass;Stim8hr:fail,True,False,,RPE1,excluded: not in C0 backbone; weak reproducibility,False,1,primary CD4 T cell,1,3,0
TEAD4,True,144,K562,n_cells=144,True,False,0,H1 hESC,,False,True,955,primary CD4 T cell,Rest:fail;Stim48hr:fail;Stim8hr:fail,False,True,,RPE1,excluded: not in C0 backbone; weak reproducibility,False,1,K562,3,4,1
TESK2,False,0,K562,,False,False,0,H1 hESC,,False,True,1696,primary CD4 T cell,Rest:pass;Stim48hr:pass;Stim8hr:pass,True,False,,RPE1,excluded: not in C0 backbone; weak reproducibility,False,1,primary CD4 T cell,1,3,0
TEX2,True,290,K562,n_cells=290,True,False,0,H1 hESC,,False,True,859,primary CD4 T cell,Rest:pass;Stim48hr:pass;Stim8hr:pass,True,False,,RPE1,excluded: not in C0 backbone; weak reproducibility,False,2,K562|primary CD4 T cell,2,4,0
TFCP2,True,330,K562,n_cells=330,True,False,0,H1 hESC,,False,True,437,primary CD4 T cell,Rest:pass;Stim48hr:pass;Stim8hr:pass,True,True,,RPE1,excluded: not in C0 backbone; weak reproducibility,False,2,K562|primary CD4 T cell,3,5,1
THAP3,True,146,K562,n_cells=146,True,False,0,H1 hESC,,False,True,660,primary CD4 T cell,Rest:pass;Stim48hr:pass;Stim8hr:pass,True,True,,RPE1,excluded: not in C0 backbone; weak reproducibility,False,2,K562|primary CD4 T cell,3,5,1
THAP7,True,299,K562,n_cells=299,True,False,0,H1 hESC,,False,True,797,primary CD4 T cell,Rest:pass;Stim48hr:pass;Stim8hr:pass,True,True,,RPE1,excluded: not in C0 backbone; weak reproducibility,False,2,K562|primary CD4 T cell,3,5,1
TIMM17B,True,138,K562,n_cells=138,True,False,0,H1 hESC,,False,True,238,primary CD4 T cell,Rest:pass;Stim48hr:pass;Stim8hr:fail,True,False,,RPE1,excluded: not in C0 backbone; weak reproducibility,False,2,K562|primary CD4 T cell,2,4,0
TIMM50,True,53,K562,n_cells=53,True,False,0,H1 hESC,,False,True,67,primary CD4 T cell,Rest:fail;Stim48hr:absent;Stim8hr:pass,True,False,,RPE1,excluded: not in C0 backbone; weak reproducibility,False,2,K562|primary CD4 T cell,2,4,0
TMCO6,True,113,K562,n_cells=113,True,False,0,H1 hESC,,False,True,479,primary CD4 T cell,Rest:pass;Stim48hr:pass;Stim8hr:pass,True,False,,RPE1,excluded: not in C0 backbone; weak reproducibility,False,2,K562|primary CD4 T cell,2,4,0
TMED3,True,258,K562,n_cells=258,True,False,0,H1 hESC,,False,True,593,primary CD4 T cell,Rest:pass;Stim48hr:pass;Stim8hr:pass,True,False,,RPE1,excluded: not in C0 backbone; weak reproducibility,False,2,K562|primary CD4 T cell,2,4,0
TMEM104,False,0,K562,,False,False,0,H1 hESC,,False,True,779,primary CD4 T cell,Rest:pass;Stim48hr:pass;Stim8hr:pass,True,False,,RPE1,excluded: not in C0 backbone; weak reproducibility,False,1,primary CD4 T cell,1,3,0
TMEM147,True,93,K562,n_cells=93,True,False,0,H1 hESC,,False,True,880,primary CD4 T cell,Rest:pass;Stim48hr:pass;Stim8hr:pass,True,False,,RPE1,excluded: not in C0 backbone; weak reproducibility,False,2,K562|primary CD4 T cell,2,4,0
TMEM186,True,79,K562,n_cells=79,True,False,0,H1 hESC,,False,True,705,primary CD4 T cell,Rest:pass;Stim48hr:pass;Stim8hr:pass,True,False,,RPE1,excluded: not in C0 backbone; weak reproducibility,False,2,K562|primary CD4 T cell,2,4,0
TMEM209,True,197,K562,n_cells=197,True,False,0,H1 hESC,,False,True,990,primary CD4 T cell,Rest:pass;Stim48hr:pass;Stim8hr:pass,True,False,,RPE1,excluded: not in C0 backbone; weak reproducibility,False,2,K562|primary CD4 T cell,2,4,0
TMEM41B,True,41,K562,n_cells=41,True,False,0,H1 hESC,,False,True,366,primary CD4 T cell,Rest:pass;Stim48hr:pass;Stim8hr:pass,True,False,,RPE1,excluded: not in C0 backbone; weak reproducibility,False,2,K562|primary CD4 T cell,2,4,0
TMEM79,False,0,K562,,False,False,0,H1 hESC,,False,True,396,primary CD4 T cell,Rest:pass;Stim48hr:pass;Stim8hr:pass,True,False,,RPE1,excluded: not in C0 backbone; weak reproducibility,False,1,primary CD4 T cell,1,3,0
TMF1,True,143,K562,n_cells=143,True,False,0,H1 hESC,,False,True,656,primary CD4 T cell,Rest:pass;Stim48hr:absent;Stim8hr:pass,True,True,,RPE1,excluded: not in C0 backbone; weak reproducibility,False,2,K562|primary CD4 T cell,3,5,1
TRAPPC6A,True,163,K562,n_cells=163,True,True,589,H1 hESC,n_cells=589; split=train,True,True,633,primary CD4 T cell,Rest:pass;Stim48hr:pass;Stim8hr:pass,True,False,,RPE1,excluded: not in C0 backbone; weak reproducibility,False,3,K562|H1 hESC|primary CD4 T cell,3,5,1
TRIB3,True,167,K562,n_cells=167,True,False,0,H1 hESC,,False,True,362,primary CD4 T cell,Rest:pass;Stim48hr:pass;Stim8hr:pass,True,False,,RPE1,excluded: not in C0 backbone; weak reproducibility,False,2,K562|primary CD4 T cell,2,4,0
TRIM35,True,382,K562,n_cells=382,True,False,0,H1 hESC,,False,True,468,primary CD4 T cell,Rest:pass;Stim48hr:pass;Stim8hr:pass,True,False,,RPE1,excluded: not in C0 backbone; weak reproducibility,False,2,K562|primary CD4 T cell,2,4,0
TRIP4,True,137,K562,n_cells=137,True,False,0,H1 hESC,,False,True,329,primary CD4 T cell,Rest:pass;Stim48hr:fail;Stim8hr:fail,True,False,,RPE1,excluded: not in C0 backbone; weak reproducibility,False,2,K562|primary CD4 T cell,2,4,0
TRMT1,True,177,K562,n_cells=177,True,False,0,H1 hESC,,False,True,605,primary CD4 T cell,Rest:pass;Stim48hr:pass;Stim8hr:pass,True,False,,RPE1,excluded: not in C0 backbone; weak reproducibility,False,2,K562|primary CD4 T cell,2,4,0
TRPC4AP,True,99,K562,n_cells=99,True,False,0,H1 hESC,,False,True,899,primary CD4 T cell,Rest:pass;Stim48hr:pass;Stim8hr:pass,True,False,,RPE1,excluded: not in C0 backbone; weak reproducibility,False,2,K562|primary CD4 T cell,2,4,0
TTBK2,False,0,K562,,False,False,0,H1 hESC,,False,True,567,primary CD4 T cell,Rest:pass;Stim48hr:pass;Stim8hr:pass,True,False,,RPE1,excluded: not in C0 backbone; weak reproducibility,False,1,primary CD4 T cell,1,3,0
TWF2,True,284,K562,n_cells=284,True,True,1008,H1 hESC,n_cells=1008; split=train,True,True,1481,primary CD4 T cell,Rest:pass;Stim48hr:pass;Stim8hr:pass,True,False,,RPE1,excluded: not in C0 backbone; weak reproducibility,False,3,K562|H1 hESC|primary CD4 T cell,3,5,1
TXNDC16,False,0,K562,,False,False,0,H1 hESC,,False,True,986,primary CD4 T cell,Rest:pass;Stim48hr:pass;Stim8hr:pass,True,False,,RPE1,excluded: not in C0 backbone; weak reproducibility,False,1,primary CD4 T cell,1,3,0
UNK,True,225,K562,n_cells=225,True,False,0,H1 hESC,,False,True,334,primary CD4 T cell,Rest:pass;Stim48hr:pass;Stim8hr:pass,True,False,,RPE1,excluded: not in C0 backbone; weak reproducibility,False,2,K562|primary CD4 T cell,2,2,0
UPF3B,True,193,K562,n_cells=193,True,False,0,H1 hESC,,False,True,122,primary CD4 T cell,Rest:absent;Stim48hr:fail;Stim8hr:fail,False,False,,RPE1,excluded: not in C0 backbone; weak reproducibility,False,1,K562,2,3,0
UROS,True,217,K562,n_cells=217,True,False,0,H1 hESC,,False,True,259,primary CD4 T cell,Rest:pass;Stim48hr:pass;Stim8hr:pass,True,False,,RPE1,excluded: not in C0 backbone; weak reproducibility,False,2,K562|primary CD4 T cell,2,4,0
USP28,True,180,K562,n_cells=180,True,False,0,H1 hESC,,False,True,1753,primary CD4 T cell,Rest:pass;Stim48hr:pass;Stim8hr:pass,True,False,,RPE1,excluded: not in C0 backbone; weak reproducibility,False,2,K562|primary CD4 T cell,2,4,0
VAPB,True,148,K562,n_cells=148,True,False,0,H1 hESC,,False,True,1168,primary CD4 T cell,Rest:pass;Stim48hr:pass;Stim8hr:pass,True,False,,RPE1,excluded: not in C0 backbone; weak reproducibility,False,2,K562|primary CD4 T cell,2,3,0
VIM,True,100,K562,n_cells=100,True,False,0,H1 hESC,,False,True,4299,primary CD4 T cell,Rest:pass;Stim48hr:pass;Stim8hr:pass,True,False,,RPE1,excluded: not in C0 backbone; weak reproducibility,False,2,K562|primary CD4 T cell,2,4,0
WBP4,True,234,K562,n_cells=234,True,False,0,H1 hESC,,False,True,218,primary CD4 T cell,Rest:pass;Stim48hr:pass;Stim8hr:pass,True,False,,RPE1,excluded: not in C0 backbone; weak reproducibility,False,2,K562|primary CD4 T cell,2,4,0
YIPF6,True,81,K562,n_cells=81,True,False,0,H1 hESC,,False,True,643,primary CD4 T cell,Rest:pass;Stim48hr:pass;Stim8hr:pass,True,False,,RPE1,excluded: not in C0 backbone; weak reproducibility,False,2,K562|primary CD4 T cell,2,4,0
ZBTB34,True,154,K562,n_cells=154,True,False,0,H1 hESC,,False,True,269,primary CD4 T cell,Rest:pass;Stim48hr:pass;Stim8hr:pass,True,True,,RPE1,excluded: not in C0 backbone; weak reproducibility,False,2,K562|primary CD4 T cell,3,5,1
ZBTB41,True,154,K562,n_cells=154,True,False,0,H1 hESC,,False,True,948,primary CD4 T cell,Rest:pass;Stim48hr:pass;Stim8hr:pass,True,True,,RPE1,excluded: not in C0 backbone; weak reproducibility,False,2,K562|primary CD4 T cell,3,5,1
ZBTB48,True,83,K562,n_cells=83,True,False,0,H1 hESC,,False,True,868,primary CD4 T cell,Rest:pass;Stim48hr:pass;Stim8hr:pass,True,True,,RPE1,excluded: not in C0 backbone; weak reproducibility,False,2,K562|primary CD4 T cell,3,5,1
ZC2HC1A,False,0,K562,,False,False,0,H1 hESC,,False,True,373,primary CD4 T cell,Rest:pass;Stim48hr:pass;Stim8hr:fail,True,False,,RPE1,excluded: not in C0 backbone; weak reproducibility,False,1,primary CD4 T cell,1,3,0
ZC3HAV1,True,183,K562,n_cells=183,True,False,0,H1 hESC,,False,True,1552,primary CD4 T cell,Rest:pass;Stim48hr:fail;Stim8hr:pass,True,False,,RPE1,excluded: not in C0 backbone; weak reproducibility,False,2,K562|primary CD4 T cell,2,4,0
ZDHHC12,True,282,K562,n_cells=282,True,False,0,H1 hESC,,False,True,230,primary CD4 T cell,Rest:pass;Stim48hr:fail;Stim8hr:pass,True,False,,RPE1,excluded: not in C0 backbone; weak reproducibility,False,2,K562|primary CD4 T cell,2,4,0
ZDHHC4,True,125,K562,n_cells=125,True,False,0,H1 hESC,,False,True,333,primary CD4 T cell,Rest:pass;Stim48hr:pass;Stim8hr:pass,True,False,,RPE1,excluded: not in C0 backbone; weak reproducibility,False,2,K562|primary CD4 T cell,2,4,0
ZFP62,True,131,K562,n_cells=131,True,True,204,H1 hESC,n_cells=204; split=test,True,True,585,primary CD4 T cell,Rest:pass;Stim48hr:pass;Stim8hr:pass,True,True,,RPE1,excluded: not in C0 backbone; weak reproducibility,False,3,K562|H1 hESC|primary CD4 T cell,4,6,1
ZHX3,True,261,K562,n_cells=261,True,False,0,H1 hESC,,False,True,372,primary CD4 T cell,Rest:pass;Stim48hr:pass;Stim8hr:pass,True,True,,RPE1,excluded: not in C0 backbone; weak reproducibility,False,2,K562|primary CD4 T cell,3,5,1
ZKSCAN1,True,323,K562,n_cells=323,True,False,0,H1 hESC,,False,True,635,primary CD4 T cell,Rest:fail;Stim48hr:pass;Stim8hr:pass,True,True,,RPE1,excluded: not in C0 backbone; weak reproducibility,False,2,K562|primary CD4 T cell,3,5,1
ZKSCAN2,True,136,K562,n_cells=136,True,False,0,H1 hESC,,False,True,430,primary CD4 T cell,Rest:absent;Stim48hr:fail;Stim8hr:fail,False,True,,RPE1,excluded: not in C0 backbone; weak reproducibility,False,1,K562,3,4,1
ZKSCAN3,True,92,K562,n_cells=92,True,False,0,H1 hESC,,False,True,250,primary CD4 T cell,Rest:fail;Stim48hr:fail;Stim8hr:fail,False,True,,RPE1,excluded: not in C0 backbone; weak reproducibility,False,1,K562,3,4,1
ZNF16,True,88,K562,n_cells=88,True,False,0,H1 hESC,,False,True,670,primary CD4 T cell,Rest:fail;Stim48hr:fail;Stim8hr:fail,False,True,,RPE1,excluded: not in C0 backbone; weak reproducibility,False,1,K562,3,4,1
ZNF174,True,23,K562,n_cells=23,True,False,0,H1 hESC,,False,True,1245,primary CD4 T cell,Rest:pass;Stim48hr:pass;Stim8hr:pass,True,True,,RPE1,excluded: not in C0 backbone; weak reproducibility,False,2,K562|primary CD4 T cell,3,5,1
ZNF219,True,74,K562,n_cells=74,True,False,0,H1 hESC,,False,True,171,primary CD4 T cell,Rest:fail;Stim48hr:pass;Stim8hr:fail,True,True,,RPE1,excluded: not in C0 backbone; weak reproducibility,False,2,K562|primary CD4 T cell,3,5,1
ZNF22,True,149,K562,n_cells=149,True,False,0,H1 hESC,,False,True,612,primary CD4 T cell,Rest:pass;Stim48hr:pass;Stim8hr:pass,True,True,,RPE1,excluded: not in C0 backbone; weak reproducibility,False,2,K562|primary CD4 T cell,3,5,1
ZNF25,True,184,K562,n_cells=184,True,False,0,H1 hESC,,False,True,1220,primary CD4 T cell,Rest:fail;Stim48hr:fail;Stim8hr:fail,False,True,,RPE1,excluded: not in C0 backbone; weak reproducibility,False,1,K562,3,4,1
ZNF251,True,219,K562,n_cells=219,True,False,0,H1 hESC,,False,True,894,primary CD4 T cell,Rest:pass;Stim48hr:pass;Stim8hr:pass,True,True,,RPE1,excluded: not in C0 backbone; weak reproducibility,False,2,K562|primary CD4 T cell,3,5,1
ZNF280C,True,64,K562,n_cells=64,True,False,0,H1 hESC,,False,True,975,primary CD4 T cell,Rest:pass;Stim48hr:pass;Stim8hr:pass,True,True,,RPE1,excluded: not in C0 backbone; weak reproducibility,False,2,K562|primary CD4 T cell,3,5,1
ZNF282,True,362,K562,n_cells=362,True,False,0,H1 hESC,,False,True,1152,primary CD4 T cell,Rest:pass;Stim48hr:pass;Stim8hr:pass,True,True,,RPE1,excluded: not in C0 backbone; weak reproducibility,False,2,K562|primary CD4 T cell,3,5,1
ZNF32,True,108,K562,n_cells=108,True,True,699,H1 hESC,n_cells=699; split=test,True,True,452,primary CD4 T cell,Rest:pass;Stim48hr:pass;Stim8hr:pass,True,True,,RPE1,excluded: not in C0 backbone; weak reproducibility,False,3,K562|H1 hESC|primary CD4 T cell,4,6,1
ZNF324,True,47,K562,n_cells=47,True,False,0,H1 hESC,,False,True,560,primary CD4 T cell,Rest:fail;Stim48hr:fail;Stim8hr:fail,False,True,,RPE1,excluded: not in C0 backbone; weak reproducibility,False,1,K562,3,4,1
ZNF397,True,63,K562,n_cells=63,True,False,0,H1 hESC,,False,True,361,primary CD4 T cell,Rest:pass;Stim48hr:pass;Stim8hr:pass,True,True,,RPE1,excluded: not in C0 backbone; weak reproducibility,False,2,K562|primary CD4 T cell,3,5,1
ZNF410,True,125,K562,n_cells=125,True,False,0,H1 hESC,,False,True,1227,primary CD4 T cell,Rest:pass;Stim48hr:pass;Stim8hr:pass,True,True,,RPE1,excluded: not in C0 backbone; weak reproducibility,False,2,K562|primary CD4 T cell,3,5,1
ZNF444,True,198,K562,n_cells=198,True,False,0,H1 hESC,,False,True,1067,primary CD4 T cell,Rest:pass;Stim48hr:pass;Stim8hr:pass,True,True,,RPE1,excluded: not in C0 backbone; weak reproducibility,False,2,K562|primary CD4 T cell,3,5,1
ZNF462,True,300,K562,n_cells=300,True,False,0,H1 hESC,,False,True,657,primary CD4 T cell,Rest:fail;Stim48hr:fail;Stim8hr:fail,False,True,,RPE1,excluded: not in C0 backbone; weak reproducibility,False,1,K562,3,4,1
ZNF496,True,148,K562,n_cells=148,True,False,0,H1 hESC,,False,True,968,primary CD4 T cell,Rest:pass;Stim48hr:pass;Stim8hr:pass,True,True,,RPE1,excluded: not in C0 backbone; weak reproducibility,False,2,K562|primary CD4 T cell,3,5,1
ZNF507,True,279,K562,n_cells=279,True,False,0,H1 hESC,,False,True,504,primary CD4 T cell,Rest:pass;Stim48hr:pass;Stim8hr:pass,True,True,,RPE1,excluded: not in C0 backbone; weak reproducibility,False,2,K562|primary CD4 T cell,3,5,1
ZNF514,True,300,K562,n_cells=300,True,False,0,H1 hESC,,False,True,1380,primary CD4 T cell,Rest:pass;Stim48hr:pass;Stim8hr:pass,True,True,,RPE1,excluded: not in C0 backbone; weak reproducibility,False,2,K562|primary CD4 T cell,3,5,1
ZNF526,True,212,K562,n_cells=212,True,False,0,H1 hESC,,False,True,350,primary CD4 T cell,Rest:pass;Stim48hr:pass;Stim8hr:pass,True,True,,RPE1,excluded: not in C0 backbone; weak reproducibility,False,2,K562|primary CD4 T cell,3,5,1
ZNF530,True,264,K562,n_cells=264,True,False,0,H1 hESC,,False,True,655,primary CD4 T cell,Rest:pass;Stim48hr:pass;Stim8hr:pass,True,True,,RPE1,excluded: not in C0 backbone; weak reproducibility,False,2,K562|primary CD4 T cell,3,5,1
ZNF543,True,211,K562,n_cells=211,True,False,0,H1 hESC,,False,True,466,primary CD4 T cell,Rest:pass;Stim48hr:pass;Stim8hr:pass,True,True,,RPE1,excluded: not in C0 backbone; weak reproducibility,False,2,K562|primary CD4 T cell,3,5,1
ZNF627,True,150,K562,n_cells=150,True,False,0,H1 hESC,,False,True,1126,primary CD4 T cell,Rest:pass;Stim48hr:pass;Stim8hr:pass,True,True,,RPE1,excluded: not in C0 backbone; weak reproducibility,False,2,K562|primary CD4 T cell,3,5,1
ZNF628,True,147,K562,n_cells=147,True,False,0,H1 hESC,,False,True,305,primary CD4 T cell,Rest:fail;Stim48hr:pass;Stim8hr:fail,True,True,,RPE1,excluded: not in C0 backbone; weak reproducibility,False,2,K562|primary CD4 T cell,3,5,1
ZNF641,True,144,K562,n_cells=144,True,False,0,H1 hESC,,False,True,787,primary CD4 T cell,Rest:pass;Stim48hr:fail;Stim8hr:pass,True,True,,RPE1,excluded: not in C0 backbone; weak reproducibility,False,2,K562|primary CD4 T cell,3,5,1
ZNF670,True,101,K562,n_cells=101,True,False,0,H1 hESC,,False,True,361,primary CD4 T cell,Rest:fail;Stim48hr:fail;Stim8hr:fail,False,True,,RPE1,excluded: not in C0 backbone; weak reproducibility,False,1,K562,3,4,1
ZNF714,True,67,K562,n_cells=67,True,True,852,H1 hESC,n_cells=852; split=train,True,True,636,primary CD4 T cell,Rest:pass;Stim48hr:pass;Stim8hr:pass,True,True,,RPE1,excluded: not in C0 backbone; weak reproducibility,False,3,K562|H1 hESC|primary CD4 T cell,4,6,2
ZNF740,True,151,K562,n_cells=151,True,False,0,H1 hESC,,False,True,404,primary CD4 T cell,Rest:pass;Stim48hr:pass;Stim8hr:pass,True,True,,RPE1,excluded: not in C0 backbone; weak reproducibility,False,2,K562|primary CD4 T cell,3,5,1
ZNF768,True,168,K562,n_cells=168,True,False,0,H1 hESC,,False,True,216,primary CD4 T cell,Rest:fail;Stim48hr:fail;Stim8hr:pass,True,True,,RPE1,excluded: not in C0 backbone; weak reproducibility,False,2,K562|primary CD4 T cell,3,5,1
ZNF777,True,70,K562,n_cells=70,True,False,0,H1 hESC,,False,True,687,primary CD4 T cell,Rest:pass;Stim48hr:pass;Stim8hr:pass,True,True,,RPE1,excluded: not in C0 backbone; weak reproducibility,False,2,K562|primary CD4 T cell,3,5,1
ZNF783,True,166,K562,n_cells=166,True,False,0,H1 hESC,,False,True,681,primary CD4 T cell,Rest:pass;Stim48hr:pass;Stim8hr:pass,True,True,,RPE1,excluded: not in C0 backbone; weak reproducibility,False,2,K562|primary CD4 T cell,3,5,1
ZNF784,True,182,K562,n_cells=182,True,False,0,H1 hESC,,False,True,992,primary CD4 T cell,Rest:pass;Stim48hr:pass;Stim8hr:pass,True,True,,RPE1,excluded: not in C0 backbone; weak reproducibility,False,2,K562|primary CD4 T cell,3,5,1
ZNF786,True,152,K562,n_cells=152,True,False,0,H1 hESC,,False,True,413,primary CD4 T cell,Rest:pass;Stim48hr:pass;Stim8hr:pass,True,True,,RPE1,excluded: not in C0 backbone; weak reproducibility,False,2,K562|primary CD4 T cell,3,5,1
ZNF821,True,336,K562,n_cells=336,True,False,0,H1 hESC,,False,True,304,primary CD4 T cell,Rest:fail;Stim48hr:pass;Stim8hr:fail,True,True,,RPE1,excluded: not in C0 backbone; weak reproducibility,False,2,K562|primary CD4 T cell,3,5,1
ZRANB3,True,45,K562,n_cells=45,True,False,0,H1 hESC,,False,True,462,primary CD4 T cell,Rest:fail;Stim48hr:fail;Stim8hr:fail,False,False,,RPE1,excluded: not in C0 backbone; weak reproducibility,False,1,K562,2,3,0
