arc_target,support_tier,n_contexts_perturbed,datasets_perturbed,n_datasets_measured,datasets_measured,dataset_cells
ABCD1,0,0,,4,arch1|kaden25rpe1|nadig25hepg2|wessels23,arch1=221273|kaden25rpe1=850225|nadig25hepg2=133757|nadig25jurkat=258202|replogle22k562=308646|replogle22rpe1=240774|wessels23=28490
ACLY,0,0,,7,arch1|kaden25rpe1|nadig25hepg2|nadig25jurkat|replogle22k562|replogle22rpe1|wessels23,arch1=221273|kaden25rpe1=850225|nadig25hepg2=133757|nadig25jurkat=258202|replogle22k562=308646|replogle22rpe1=240774|wessels23=28490
ADNP,1,1,kaden25rpe1,7,arch1|kaden25rpe1|nadig25hepg2|nadig25jurkat|replogle22k562|replogle22rpe1|wessels23,arch1=221273|kaden25rpe1=850225|nadig25hepg2=133757|nadig25jurkat=258202|replogle22k562=308646|replogle22rpe1=240774|wessels23=28490
AGO1,0,0,,7,arch1|kaden25rpe1|nadig25hepg2|nadig25jurkat|replogle22k562|replogle22rpe1|wessels23,arch1=221273|kaden25rpe1=850225|nadig25hepg2=133757|nadig25jurkat=258202|replogle22k562=308646|replogle22rpe1=240774|wessels23=28490
AKAP1,0,0,,7,arch1|kaden25rpe1|nadig25hepg2|nadig25jurkat|replogle22k562|replogle22rpe1|wessels23,arch1=221273|kaden25rpe1=850225|nadig25hepg2=133757|nadig25jurkat=258202|replogle22k562=308646|replogle22rpe1=240774|wessels23=28490
AKIRIN1,0,0,,7,arch1|kaden25rpe1|nadig25hepg2|nadig25jurkat|replogle22k562|replogle22rpe1|wessels23,arch1=221273|kaden25rpe1=850225|nadig25hepg2=133757|nadig25jurkat=258202|replogle22k562=308646|replogle22rpe1=240774|wessels23=28490
AKT2,1,1,arch1,7,arch1|kaden25rpe1|nadig25hepg2|nadig25jurkat|replogle22k562|replogle22rpe1|wessels23,arch1=221273|kaden25rpe1=850225|nadig25hepg2=133757|nadig25jurkat=258202|replogle22k562=308646|replogle22rpe1=240774|wessels23=28490
ALG12,0,0,,7,arch1|kaden25rpe1|nadig25hepg2|nadig25jurkat|replogle22k562|replogle22rpe1|wessels23,arch1=221273|kaden25rpe1=850225|nadig25hepg2=133757|nadig25jurkat=258202|replogle22k562=308646|replogle22rpe1=240774|wessels23=28490
ANKRD52,0,0,,7,arch1|kaden25rpe1|nadig25hepg2|nadig25jurkat|replogle22k562|replogle22rpe1|wessels23,arch1=221273|kaden25rpe1=850225|nadig25hepg2=133757|nadig25jurkat=258202|replogle22k562=308646|replogle22rpe1=240774|wessels23=28490
ANKZF1,0,0,,7,arch1|kaden25rpe1|nadig25hepg2|nadig25jurkat|replogle22k562|replogle22rpe1|wessels23,arch1=221273|kaden25rpe1=850225|nadig25hepg2=133757|nadig25jurkat=258202|replogle22k562=308646|replogle22rpe1=240774|wessels23=28490
ANP32B,0,0,,7,arch1|kaden25rpe1|nadig25hepg2|nadig25jurkat|replogle22k562|replogle22rpe1|wessels23,arch1=221273|kaden25rpe1=850225|nadig25hepg2=133757|nadig25jurkat=258202|replogle22k562=308646|replogle22rpe1=240774|wessels23=28490
AP2A2,0,0,,7,arch1|kaden25rpe1|nadig25hepg2|nadig25jurkat|replogle22k562|replogle22rpe1|wessels23,arch1=221273|kaden25rpe1=850225|nadig25hepg2=133757|nadig25jurkat=258202|replogle22k562=308646|replogle22rpe1=240774|wessels23=28490
API5,0,0,,7,arch1|kaden25rpe1|nadig25hepg2|nadig25jurkat|replogle22k562|replogle22rpe1|wessels23,arch1=221273|kaden25rpe1=850225|nadig25hepg2=133757|nadig25jurkat=258202|replogle22k562=308646|replogle22rpe1=240774|wessels23=28490
ARL14EP,0,0,,7,arch1|kaden25rpe1|nadig25hepg2|nadig25jurkat|replogle22k562|replogle22rpe1|wessels23,arch1=221273|kaden25rpe1=850225|nadig25hepg2=133757|nadig25jurkat=258202|replogle22k562=308646|replogle22rpe1=240774|wessels23=28490
ASCC2,0,0,,7,arch1|kaden25rpe1|nadig25hepg2|nadig25jurkat|replogle22k562|replogle22rpe1|wessels23,arch1=221273|kaden25rpe1=850225|nadig25hepg2=133757|nadig25jurkat=258202|replogle22k562=308646|replogle22rpe1=240774|wessels23=28490
BCKDK,0,0,,7,arch1|kaden25rpe1|nadig25hepg2|nadig25jurkat|replogle22k562|replogle22rpe1|wessels23,arch1=221273|kaden25rpe1=850225|nadig25hepg2=133757|nadig25jurkat=258202|replogle22k562=308646|replogle22rpe1=240774|wessels23=28490
BCL6,1,1,kaden25rpe1,4,arch1|kaden25rpe1|nadig25hepg2|wessels23,arch1=221273|kaden25rpe1=850225|nadig25hepg2=133757|nadig25jurkat=258202|replogle22k562=308646|replogle22rpe1=240774|wessels23=28490
BCL7C,0,0,,7,arch1|kaden25rpe1|nadig25hepg2|nadig25jurkat|replogle22k562|replogle22rpe1|wessels23,arch1=221273|kaden25rpe1=850225|nadig25hepg2=133757|nadig25jurkat=258202|replogle22k562=308646|replogle22rpe1=240774|wessels23=28490
BRD1,0,0,,7,arch1|kaden25rpe1|nadig25hepg2|nadig25jurkat|replogle22k562|replogle22rpe1|wessels23,arch1=221273|kaden25rpe1=850225|nadig25hepg2=133757|nadig25jurkat=258202|replogle22k562=308646|replogle22rpe1=240774|wessels23=28490
BRPF1,1,1,kaden25rpe1,7,arch1|kaden25rpe1|nadig25hepg2|nadig25jurkat|replogle22k562|replogle22rpe1|wessels23,arch1=221273|kaden25rpe1=850225|nadig25hepg2=133757|nadig25jurkat=258202|replogle22k562=308646|replogle22rpe1=240774|wessels23=28490
C5orf22,0,0,,7,arch1|kaden25rpe1|nadig25hepg2|nadig25jurkat|replogle22k562|replogle22rpe1|wessels23,arch1=221273|kaden25rpe1=850225|nadig25hepg2=133757|nadig25jurkat=258202|replogle22k562=308646|replogle22rpe1=240774|wessels23=28490
CAND1,0,0,,7,arch1|kaden25rpe1|nadig25hepg2|nadig25jurkat|replogle22k562|replogle22rpe1|wessels23,arch1=221273|kaden25rpe1=850225|nadig25hepg2=133757|nadig25jurkat=258202|replogle22k562=308646|replogle22rpe1=240774|wessels23=28490
CAPRIN2,0,0,,6,arch1|kaden25rpe1|nadig25hepg2|nadig25jurkat|replogle22rpe1|wessels23,arch1=221273|kaden25rpe1=850225|nadig25hepg2=133757|nadig25jurkat=258202|replogle22k562=308646|replogle22rpe1=240774|wessels23=28490
CARM1,0,0,,7,arch1|kaden25rpe1|nadig25hepg2|nadig25jurkat|replogle22k562|replogle22rpe1|wessels23,arch1=221273|kaden25rpe1=850225|nadig25hepg2=133757|nadig25jurkat=258202|replogle22k562=308646|replogle22rpe1=240774|wessels23=28490
CAT,0,0,,7,arch1|kaden25rpe1|nadig25hepg2|nadig25jurkat|replogle22k562|replogle22rpe1|wessels23,arch1=221273|kaden25rpe1=850225|nadig25hepg2=133757|nadig25jurkat=258202|replogle22k562=308646|replogle22rpe1=240774|wessels23=28490
CCDC112,0,0,,7,arch1|kaden25rpe1|nadig25hepg2|nadig25jurkat|replogle22k562|replogle22rpe1|wessels23,arch1=221273|kaden25rpe1=850225|nadig25hepg2=133757|nadig25jurkat=258202|replogle22k562=308646|replogle22rpe1=240774|wessels23=28490
CDK8,0,0,,7,arch1|kaden25rpe1|nadig25hepg2|nadig25jurkat|replogle22k562|replogle22rpe1|wessels23,arch1=221273|kaden25rpe1=850225|nadig25hepg2=133757|nadig25jurkat=258202|replogle22k562=308646|replogle22rpe1=240774|wessels23=28490
CHD3,1,1,kaden25rpe1,7,arch1|kaden25rpe1|nadig25hepg2|nadig25jurkat|replogle22k562|replogle22rpe1|wessels23,arch1=221273|kaden25rpe1=850225|nadig25hepg2=133757|nadig25jurkat=258202|replogle22k562=308646|replogle22rpe1=240774|wessels23=28490
CHD6,1,1,kaden25rpe1,7,arch1|kaden25rpe1|nadig25hepg2|nadig25jurkat|replogle22k562|replogle22rpe1|wessels23,arch1=221273|kaden25rpe1=850225|nadig25hepg2=133757|nadig25jurkat=258202|replogle22k562=308646|replogle22rpe1=240774|wessels23=28490
CHKB,0,0,,6,arch1|kaden25rpe1|nadig25hepg2|nadig25jurkat|replogle22rpe1|wessels23,arch1=221273|kaden25rpe1=850225|nadig25hepg2=133757|nadig25jurkat=258202|replogle22k562=308646|replogle22rpe1=240774|wessels23=28490
CLCN6,0,0,,6,arch1|kaden25rpe1|nadig25hepg2|nadig25jurkat|replogle22k562|wessels23,arch1=221273|kaden25rpe1=850225|nadig25hepg2=133757|nadig25jurkat=258202|replogle22k562=308646|replogle22rpe1=240774|wessels23=28490
COIL,0,0,,7,arch1|kaden25rpe1|nadig25hepg2|nadig25jurkat|replogle22k562|replogle22rpe1|wessels23,arch1=221273|kaden25rpe1=850225|nadig25hepg2=133757|nadig25jurkat=258202|replogle22k562=308646|replogle22rpe1=240774|wessels23=28490
COMMD8,0,0,,7,arch1|kaden25rpe1|nadig25hepg2|nadig25jurkat|replogle22k562|replogle22rpe1|wessels23,arch1=221273|kaden25rpe1=850225|nadig25hepg2=133757|nadig25jurkat=258202|replogle22k562=308646|replogle22rpe1=240774|wessels23=28490
COQ10B,0,0,,7,arch1|kaden25rpe1|nadig25hepg2|nadig25jurkat|replogle22k562|replogle22rpe1|wessels23,arch1=221273|kaden25rpe1=850225|nadig25hepg2=133757|nadig25jurkat=258202|replogle22k562=308646|replogle22rpe1=240774|wessels23=28490
CSNK2A1,0,0,,7,arch1|kaden25rpe1|nadig25hepg2|nadig25jurkat|replogle22k562|replogle22rpe1|wessels23,arch1=221273|kaden25rpe1=850225|nadig25hepg2=133757|nadig25jurkat=258202|replogle22k562=308646|replogle22rpe1=240774|wessels23=28490
CYTH2,0,0,,7,arch1|kaden25rpe1|nadig25hepg2|nadig25jurkat|replogle22k562|replogle22rpe1|wessels23,arch1=221273|kaden25rpe1=850225|nadig25hepg2=133757|nadig25jurkat=258202|replogle22k562=308646|replogle22rpe1=240774|wessels23=28490
DBF4B,0,0,,6,arch1|kaden25rpe1|nadig25jurkat|replogle22k562|replogle22rpe1|wessels23,arch1=221273|kaden25rpe1=850225|nadig25hepg2=133757|nadig25jurkat=258202|replogle22k562=308646|replogle22rpe1=240774|wessels23=28490
DBN1,0,0,,7,arch1|kaden25rpe1|nadig25hepg2|nadig25jurkat|replogle22k562|replogle22rpe1|wessels23,arch1=221273|kaden25rpe1=850225|nadig25hepg2=133757|nadig25jurkat=258202|replogle22k562=308646|replogle22rpe1=240774|wessels23=28490
DCAF16,0,0,,7,arch1|kaden25rpe1|nadig25hepg2|nadig25jurkat|replogle22k562|replogle22rpe1|wessels23,arch1=221273|kaden25rpe1=850225|nadig25hepg2=133757|nadig25jurkat=258202|replogle22k562=308646|replogle22rpe1=240774|wessels23=28490
DCP2,0,0,,7,arch1|kaden25rpe1|nadig25hepg2|nadig25jurkat|replogle22k562|replogle22rpe1|wessels23,arch1=221273|kaden25rpe1=850225|nadig25hepg2=133757|nadig25jurkat=258202|replogle22k562=308646|replogle22rpe1=240774|wessels23=28490
DDHD1,0,0,,7,arch1|kaden25rpe1|nadig25hepg2|nadig25jurkat|replogle22k562|replogle22rpe1|wessels23,arch1=221273|kaden25rpe1=850225|nadig25hepg2=133757|nadig25jurkat=258202|replogle22k562=308646|replogle22rpe1=240774|wessels23=28490
DEAF1,1,1,kaden25rpe1,7,arch1|kaden25rpe1|nadig25hepg2|nadig25jurkat|replogle22k562|replogle22rpe1|wessels23,arch1=221273|kaden25rpe1=850225|nadig25hepg2=133757|nadig25jurkat=258202|replogle22k562=308646|replogle22rpe1=240774|wessels23=28490
DEK,1,1,kaden25rpe1,7,arch1|kaden25rpe1|nadig25hepg2|nadig25jurkat|replogle22k562|replogle22rpe1|wessels23,arch1=221273|kaden25rpe1=850225|nadig25hepg2=133757|nadig25jurkat=258202|replogle22k562=308646|replogle22rpe1=240774|wessels23=28490
DHRS1,0,0,,6,arch1|kaden25rpe1|nadig25hepg2|replogle22k562|replogle22rpe1|wessels23,arch1=221273|kaden25rpe1=850225|nadig25hepg2=133757|nadig25jurkat=258202|replogle22k562=308646|replogle22rpe1=240774|wessels23=28490
DHX35,0,0,,6,arch1|kaden25rpe1|nadig25hepg2|nadig25jurkat|replogle22k562|wessels23,arch1=221273|kaden25rpe1=850225|nadig25hepg2=133757|nadig25jurkat=258202|replogle22k562=308646|replogle22rpe1=240774|wessels23=28490
DLAT,0,0,,7,arch1|kaden25rpe1|nadig25hepg2|nadig25jurkat|replogle22k562|replogle22rpe1|wessels23,arch1=221273|kaden25rpe1=850225|nadig25hepg2=133757|nadig25jurkat=258202|replogle22k562=308646|replogle22rpe1=240774|wessels23=28490
DMTF1,1,1,kaden25rpe1,7,arch1|kaden25rpe1|nadig25hepg2|nadig25jurkat|replogle22k562|replogle22rpe1|wessels23,arch1=221273|kaden25rpe1=850225|nadig25hepg2=133757|nadig25jurkat=258202|replogle22k562=308646|replogle22rpe1=240774|wessels23=28490
DNTTIP1,0,0,,7,arch1|kaden25rpe1|nadig25hepg2|nadig25jurkat|replogle22k562|replogle22rpe1|wessels23,arch1=221273|kaden25rpe1=850225|nadig25hepg2=133757|nadig25jurkat=258202|replogle22k562=308646|replogle22rpe1=240774|wessels23=28490
DRG2,0,0,,7,arch1|kaden25rpe1|nadig25hepg2|nadig25jurkat|replogle22k562|replogle22rpe1|wessels23,arch1=221273|kaden25rpe1=850225|nadig25hepg2=133757|nadig25jurkat=258202|replogle22k562=308646|replogle22rpe1=240774|wessels23=28490
DTNBP1,0,0,,7,arch1|kaden25rpe1|nadig25hepg2|nadig25jurkat|replogle22k562|replogle22rpe1|wessels23,arch1=221273|kaden25rpe1=850225|nadig25hepg2=133757|nadig25jurkat=258202|replogle22k562=308646|replogle22rpe1=240774|wessels23=28490
DVL3,0,0,,7,arch1|kaden25rpe1|nadig25hepg2|nadig25jurkat|replogle22k562|replogle22rpe1|wessels23,arch1=221273|kaden25rpe1=850225|nadig25hepg2=133757|nadig25jurkat=258202|replogle22k562=308646|replogle22rpe1=240774|wessels23=28490
E2F1,1,1,kaden25rpe1,7,arch1|kaden25rpe1|nadig25hepg2|nadig25jurkat|replogle22k562|replogle22rpe1|wessels23,arch1=221273|kaden25rpe1=850225|nadig25hepg2=133757|nadig25jurkat=258202|replogle22k562=308646|replogle22rpe1=240774|wessels23=28490
E2F4,1,1,kaden25rpe1,7,arch1|kaden25rpe1|nadig25hepg2|nadig25jurkat|replogle22k562|replogle22rpe1|wessels23,arch1=221273|kaden25rpe1=850225|nadig25hepg2=133757|nadig25jurkat=258202|replogle22k562=308646|replogle22rpe1=240774|wessels23=28490
EAPP,0,0,,7,arch1|kaden25rpe1|nadig25hepg2|nadig25jurkat|replogle22k562|replogle22rpe1|wessels23,arch1=221273|kaden25rpe1=850225|nadig25hepg2=133757|nadig25jurkat=258202|replogle22k562=308646|replogle22rpe1=240774|wessels23=28490
EEF1A2,0,0,,3,arch1|kaden25rpe1|wessels23,arch1=221273|kaden25rpe1=850225|nadig25hepg2=133757|nadig25jurkat=258202|replogle22k562=308646|replogle22rpe1=240774|wessels23=28490
ELK1,1,1,kaden25rpe1,6,arch1|kaden25rpe1|nadig25jurkat|replogle22k562|replogle22rpe1|wessels23,arch1=221273|kaden25rpe1=850225|nadig25hepg2=133757|nadig25jurkat=258202|replogle22k562=308646|replogle22rpe1=240774|wessels23=28490
EPC2,0,0,,7,arch1|kaden25rpe1|nadig25hepg2|nadig25jurkat|replogle22k562|replogle22rpe1|wessels23,arch1=221273|kaden25rpe1=850225|nadig25hepg2=133757|nadig25jurkat=258202|replogle22k562=308646|replogle22rpe1=240774|wessels23=28490
EPHB2,0,0,,4,arch1|kaden25rpe1|replogle22rpe1|wessels23,arch1=221273|kaden25rpe1=850225|nadig25hepg2=133757|nadig25jurkat=258202|replogle22k562=308646|replogle22rpe1=240774|wessels23=28490
EPM2AIP1,0,0,,7,arch1|kaden25rpe1|nadig25hepg2|nadig25jurkat|replogle22k562|replogle22rpe1|wessels23,arch1=221273|kaden25rpe1=850225|nadig25hepg2=133757|nadig25jurkat=258202|replogle22k562=308646|replogle22rpe1=240774|wessels23=28490
EZH2,1,1,kaden25rpe1,7,arch1|kaden25rpe1|nadig25hepg2|nadig25jurkat|replogle22k562|replogle22rpe1|wessels23,arch1=221273|kaden25rpe1=850225|nadig25hepg2=133757|nadig25jurkat=258202|replogle22k562=308646|replogle22rpe1=240774|wessels23=28490
FAM120A,0,0,,7,arch1|kaden25rpe1|nadig25hepg2|nadig25jurkat|replogle22k562|replogle22rpe1|wessels23,arch1=221273|kaden25rpe1=850225|nadig25hepg2=133757|nadig25jurkat=258202|replogle22k562=308646|replogle22rpe1=240774|wessels23=28490
FCGRT,0,0,,7,arch1|kaden25rpe1|nadig25hepg2|nadig25jurkat|replogle22k562|replogle22rpe1|wessels23,arch1=221273|kaden25rpe1=850225|nadig25hepg2=133757|nadig25jurkat=258202|replogle22k562=308646|replogle22rpe1=240774|wessels23=28490
FHL3,0,0,,7,arch1|kaden25rpe1|nadig25hepg2|nadig25jurkat|replogle22k562|replogle22rpe1|wessels23,arch1=221273|kaden25rpe1=850225|nadig25hepg2=133757|nadig25jurkat=258202|replogle22k562=308646|replogle22rpe1=240774|wessels23=28490
FOXN2,1,1,kaden25rpe1,7,arch1|kaden25rpe1|nadig25hepg2|nadig25jurkat|replogle22k562|replogle22rpe1|wessels23,arch1=221273|kaden25rpe1=850225|nadig25hepg2=133757|nadig25jurkat=258202|replogle22k562=308646|replogle22rpe1=240774|wessels23=28490
FOXO4,1,1,kaden25rpe1,3,arch1|kaden25rpe1|wessels23,arch1=221273|kaden25rpe1=850225|nadig25hepg2=133757|nadig25jurkat=258202|replogle22k562=308646|replogle22rpe1=240774|wessels23=28490
FUBP3,0,0,,7,arch1|kaden25rpe1|nadig25hepg2|nadig25jurkat|replogle22k562|replogle22rpe1|wessels23,arch1=221273|kaden25rpe1=850225|nadig25hepg2=133757|nadig25jurkat=258202|replogle22k562=308646|replogle22rpe1=240774|wessels23=28490
FXYD5,0,0,,6,arch1|kaden25rpe1|nadig25jurkat|replogle22k562|replogle22rpe1|wessels23,arch1=221273|kaden25rpe1=850225|nadig25hepg2=133757|nadig25jurkat=258202|replogle22k562=308646|replogle22rpe1=240774|wessels23=28490
FZD2,0,0,,4,arch1|kaden25rpe1|replogle22rpe1|wessels23,arch1=221273|kaden25rpe1=850225|nadig25hepg2=133757|nadig25jurkat=258202|replogle22k562=308646|replogle22rpe1=240774|wessels23=28490
GIGYF2,0,0,,7,arch1|kaden25rpe1|nadig25hepg2|nadig25jurkat|replogle22k562|replogle22rpe1|wessels23,arch1=221273|kaden25rpe1=850225|nadig25hepg2=133757|nadig25jurkat=258202|replogle22k562=308646|replogle22rpe1=240774|wessels23=28490
GLI3,1,1,kaden25rpe1,3,arch1|kaden25rpe1|wessels23,arch1=221273|kaden25rpe1=850225|nadig25hepg2=133757|nadig25jurkat=258202|replogle22k562=308646|replogle22rpe1=240774|wessels23=28490
GLYR1,0,0,,7,arch1|kaden25rpe1|nadig25hepg2|nadig25jurkat|replogle22k562|replogle22rpe1|wessels23,arch1=221273|kaden25rpe1=850225|nadig25hepg2=133757|nadig25jurkat=258202|replogle22k562=308646|replogle22rpe1=240774|wessels23=28490
GMEB2,1,1,kaden25rpe1,6,arch1|kaden25rpe1|nadig25hepg2|nadig25jurkat|replogle22k562|wessels23,arch1=221273|kaden25rpe1=850225|nadig25hepg2=133757|nadig25jurkat=258202|replogle22k562=308646|replogle22rpe1=240774|wessels23=28490
GPATCH8,0,0,,7,arch1|kaden25rpe1|nadig25hepg2|nadig25jurkat|replogle22k562|replogle22rpe1|wessels23,arch1=221273|kaden25rpe1=850225|nadig25hepg2=133757|nadig25jurkat=258202|replogle22k562=308646|replogle22rpe1=240774|wessels23=28490
GRAMD1A,0,0,,7,arch1|kaden25rpe1|nadig25hepg2|nadig25jurkat|replogle22k562|replogle22rpe1|wessels23,arch1=221273|kaden25rpe1=850225|nadig25hepg2=133757|nadig25jurkat=258202|replogle22k562=308646|replogle22rpe1=240774|wessels23=28490
GTF2IRD1,1,1,kaden25rpe1,5,arch1|kaden25rpe1|nadig25hepg2|replogle22rpe1|wessels23,arch1=221273|kaden25rpe1=850225|nadig25hepg2=133757|nadig25jurkat=258202|replogle22k562=308646|replogle22rpe1=240774|wessels23=28490
HDAC1,1,1,kaden25rpe1,7,arch1|kaden25rpe1|nadig25hepg2|nadig25jurkat|replogle22k562|replogle22rpe1|wessels23,arch1=221273|kaden25rpe1=850225|nadig25hepg2=133757|nadig25jurkat=258202|replogle22k562=308646|replogle22rpe1=240774|wessels23=28490
HDAC8,0,0,,7,arch1|kaden25rpe1|nadig25hepg2|nadig25jurkat|replogle22k562|replogle22rpe1|wessels23,arch1=221273|kaden25rpe1=850225|nadig25hepg2=133757|nadig25jurkat=258202|replogle22k562=308646|replogle22rpe1=240774|wessels23=28490
HEATR6,0,0,,7,arch1|kaden25rpe1|nadig25hepg2|nadig25jurkat|replogle22k562|replogle22rpe1|wessels23,arch1=221273|kaden25rpe1=850225|nadig25hepg2=133757|nadig25jurkat=258202|replogle22k562=308646|replogle22rpe1=240774|wessels23=28490
HMGN3,1,1,kaden25rpe1,7,arch1|kaden25rpe1|nadig25hepg2|nadig25jurkat|replogle22k562|replogle22rpe1|wessels23,arch1=221273|kaden25rpe1=850225|nadig25hepg2=133757|nadig25jurkat=258202|replogle22k562=308646|replogle22rpe1=240774|wessels23=28490
HMGN4,0,0,,7,arch1|kaden25rpe1|nadig25hepg2|nadig25jurkat|replogle22k562|replogle22rpe1|wessels23,arch1=221273|kaden25rpe1=850225|nadig25hepg2=133757|nadig25jurkat=258202|replogle22k562=308646|replogle22rpe1=240774|wessels23=28490
HMGXB3,1,1,kaden25rpe1,7,arch1|kaden25rpe1|nadig25hepg2|nadig25jurkat|replogle22k562|replogle22rpe1|wessels23,arch1=221273|kaden25rpe1=850225|nadig25hepg2=133757|nadig25jurkat=258202|replogle22k562=308646|replogle22rpe1=240774|wessels23=28490
HOMEZ,1,1,kaden25rpe1,5,arch1|kaden25rpe1|nadig25jurkat|replogle22k562|wessels23,arch1=221273|kaden25rpe1=850225|nadig25hepg2=133757|nadig25jurkat=258202|replogle22k562=308646|replogle22rpe1=240774|wessels23=28490
HSBP1,2,2,arch1|kaden25rpe1,7,arch1|kaden25rpe1|nadig25hepg2|nadig25jurkat|replogle22k562|replogle22rpe1|wessels23,arch1=221273|kaden25rpe1=850225|nadig25hepg2=133757|nadig25jurkat=258202|replogle22k562=308646|replogle22rpe1=240774|wessels23=28490
HSP90AB1,0,0,,7,arch1|kaden25rpe1|nadig25hepg2|nadig25jurkat|replogle22k562|replogle22rpe1|wessels23,arch1=221273|kaden25rpe1=850225|nadig25hepg2=133757|nadig25jurkat=258202|replogle22k562=308646|replogle22rpe1=240774|wessels23=28490
IFI27L2,0,0,,6,arch1|kaden25rpe1|nadig25hepg2|nadig25jurkat|replogle22rpe1|wessels23,arch1=221273|kaden25rpe1=850225|nadig25hepg2=133757|nadig25jurkat=258202|replogle22k562=308646|replogle22rpe1=240774|wessels23=28490
IFNAR2,0,0,,7,arch1|kaden25rpe1|nadig25hepg2|nadig25jurkat|replogle22k562|replogle22rpe1|wessels23,arch1=221273|kaden25rpe1=850225|nadig25hepg2=133757|nadig25jurkat=258202|replogle22k562=308646|replogle22rpe1=240774|wessels23=28490
IFNGR2,0,0,,7,arch1|kaden25rpe1|nadig25hepg2|nadig25jurkat|replogle22k562|replogle22rpe1|wessels23,arch1=221273|kaden25rpe1=850225|nadig25hepg2=133757|nadig25jurkat=258202|replogle22k562=308646|replogle22rpe1=240774|wessels23=28490
IL10RB,0,0,,7,arch1|kaden25rpe1|nadig25hepg2|nadig25jurkat|replogle22k562|replogle22rpe1|wessels23,arch1=221273|kaden25rpe1=850225|nadig25hepg2=133757|nadig25jurkat=258202|replogle22k562=308646|replogle22rpe1=240774|wessels23=28490
IREB2,0,0,,7,arch1|kaden25rpe1|nadig25hepg2|nadig25jurkat|replogle22k562|replogle22rpe1|wessels23,arch1=221273|kaden25rpe1=850225|nadig25hepg2=133757|nadig25jurkat=258202|replogle22k562=308646|replogle22rpe1=240774|wessels23=28490
KDM5A,1,1,kaden25rpe1,7,arch1|kaden25rpe1|nadig25hepg2|nadig25jurkat|replogle22k562|replogle22rpe1|wessels23,arch1=221273|kaden25rpe1=850225|nadig25hepg2=133757|nadig25jurkat=258202|replogle22k562=308646|replogle22rpe1=240774|wessels23=28490
KHDRBS1,0,0,,7,arch1|kaden25rpe1|nadig25hepg2|nadig25jurkat|replogle22k562|replogle22rpe1|wessels23,arch1=221273|kaden25rpe1=850225|nadig25hepg2=133757|nadig25jurkat=258202|replogle22k562=308646|replogle22rpe1=240774|wessels23=28490
KHSRP,0,0,,7,arch1|kaden25rpe1|nadig25hepg2|nadig25jurkat|replogle22k562|replogle22rpe1|wessels23,arch1=221273|kaden25rpe1=850225|nadig25hepg2=133757|nadig25jurkat=258202|replogle22k562=308646|replogle22rpe1=240774|wessels23=28490
KIF21B,0,0,,4,arch1|kaden25rpe1|nadig25jurkat|wessels23,arch1=221273|kaden25rpe1=850225|nadig25hepg2=133757|nadig25jurkat=258202|replogle22k562=308646|replogle22rpe1=240774|wessels23=28490
KIF2A,0,0,,7,arch1|kaden25rpe1|nadig25hepg2|nadig25jurkat|replogle22k562|replogle22rpe1|wessels23,arch1=221273|kaden25rpe1=850225|nadig25hepg2=133757|nadig25jurkat=258202|replogle22k562=308646|replogle22rpe1=240774|wessels23=28490
KMT2A,0,0,,7,arch1|kaden25rpe1|nadig25hepg2|nadig25jurkat|replogle22k562|replogle22rpe1|wessels23,arch1=221273|kaden25rpe1=850225|nadig25hepg2=133757|nadig25jurkat=258202|replogle22k562=308646|replogle22rpe1=240774|wessels23=28490
LDLR,0,0,,7,arch1|kaden25rpe1|nadig25hepg2|nadig25jurkat|replogle22k562|replogle22rpe1|wessels23,arch1=221273|kaden25rpe1=850225|nadig25hepg2=133757|nadig25jurkat=258202|replogle22k562=308646|replogle22rpe1=240774|wessels23=28490
LENG1,0,0,,7,arch1|kaden25rpe1|nadig25hepg2|nadig25jurkat|replogle22k562|replogle22rpe1|wessels23,arch1=221273|kaden25rpe1=850225|nadig25hepg2=133757|nadig25jurkat=258202|replogle22k562=308646|replogle22rpe1=240774|wessels23=28490
LMAN1,0,0,,7,arch1|kaden25rpe1|nadig25hepg2|nadig25jurkat|replogle22k562|replogle22rpe1|wessels23,arch1=221273|kaden25rpe1=850225|nadig25hepg2=133757|nadig25jurkat=258202|replogle22k562=308646|replogle22rpe1=240774|wessels23=28490
LMBRD2,0,0,,5,arch1|kaden25rpe1|nadig25jurkat|replogle22k562|wessels23,arch1=221273|kaden25rpe1=850225|nadig25hepg2=133757|nadig25jurkat=258202|replogle22k562=308646|replogle22rpe1=240774|wessels23=28490
LPCAT3,0,0,,7,arch1|kaden25rpe1|nadig25hepg2|nadig25jurkat|replogle22k562|replogle22rpe1|wessels23,arch1=221273|kaden25rpe1=850225|nadig25hepg2=133757|nadig25jurkat=258202|replogle22k562=308646|replogle22rpe1=240774|wessels23=28490
MAN2A1,0,0,,7,arch1|kaden25rpe1|nadig25hepg2|nadig25jurkat|replogle22k562|replogle22rpe1|wessels23,arch1=221273|kaden25rpe1=850225|nadig25hepg2=133757|nadig25jurkat=258202|replogle22k562=308646|replogle22rpe1=240774|wessels23=28490
MAP2K2,0,0,,7,arch1|kaden25rpe1|nadig25hepg2|nadig25jurkat|replogle22k562|replogle22rpe1|wessels23,arch1=221273|kaden25rpe1=850225|nadig25hepg2=133757|nadig25jurkat=258202|replogle22k562=308646|replogle22rpe1=240774|wessels23=28490
MAPK12,0,0,,7,arch1|kaden25rpe1|nadig25hepg2|nadig25jurkat|replogle22k562|replogle22rpe1|wessels23,arch1=221273|kaden25rpe1=850225|nadig25hepg2=133757|nadig25jurkat=258202|replogle22k562=308646|replogle22rpe1=240774|wessels23=28490
MAPK7,0,0,,4,arch1|kaden25rpe1|replogle22rpe1|wessels23,arch1=221273|kaden25rpe1=850225|nadig25hepg2=133757|nadig25jurkat=258202|replogle22k562=308646|replogle22rpe1=240774|wessels23=28490
MARCKSL1,0,0,,7,arch1|kaden25rpe1|nadig25hepg2|nadig25jurkat|replogle22k562|replogle22rpe1|wessels23,arch1=221273|kaden25rpe1=850225|nadig25hepg2=133757|nadig25jurkat=258202|replogle22k562=308646|replogle22rpe1=240774|wessels23=28490
MBD4,1,1,kaden25rpe1,7,arch1|kaden25rpe1|nadig25hepg2|nadig25jurkat|replogle22k562|replogle22rpe1|wessels23,arch1=221273|kaden25rpe1=850225|nadig25hepg2=133757|nadig25jurkat=258202|replogle22k562=308646|replogle22rpe1=240774|wessels23=28490
MED13,1,1,arch1,7,arch1|kaden25rpe1|nadig25hepg2|nadig25jurkat|replogle22k562|replogle22rpe1|wessels23,arch1=221273|kaden25rpe1=850225|nadig25hepg2=133757|nadig25jurkat=258202|replogle22k562=308646|replogle22rpe1=240774|wessels23=28490
MED15,0,0,,7,arch1|kaden25rpe1|nadig25hepg2|nadig25jurkat|replogle22k562|replogle22rpe1|wessels23,arch1=221273|kaden25rpe1=850225|nadig25hepg2=133757|nadig25jurkat=258202|replogle22k562=308646|replogle22rpe1=240774|wessels23=28490
MED25,0,0,,7,arch1|kaden25rpe1|nadig25hepg2|nadig25jurkat|replogle22k562|replogle22rpe1|wessels23,arch1=221273|kaden25rpe1=850225|nadig25hepg2=133757|nadig25jurkat=258202|replogle22k562=308646|replogle22rpe1=240774|wessels23=28490
MLKL,0,0,,6,arch1|kaden25rpe1|nadig25hepg2|nadig25jurkat|replogle22rpe1|wessels23,arch1=221273|kaden25rpe1=850225|nadig25hepg2=133757|nadig25jurkat=258202|replogle22k562=308646|replogle22rpe1=240774|wessels23=28490
MLLT10,1,1,kaden25rpe1,7,arch1|kaden25rpe1|nadig25hepg2|nadig25jurkat|replogle22k562|replogle22rpe1|wessels23,arch1=221273|kaden25rpe1=850225|nadig25hepg2=133757|nadig25jurkat=258202|replogle22k562=308646|replogle22rpe1=240774|wessels23=28490
MSANTD4,0,0,,7,arch1|kaden25rpe1|nadig25hepg2|nadig25jurkat|replogle22k562|replogle22rpe1|wessels23,arch1=221273|kaden25rpe1=850225|nadig25hepg2=133757|nadig25jurkat=258202|replogle22k562=308646|replogle22rpe1=240774|wessels23=28490
MSI2,0,0,,7,arch1|kaden25rpe1|nadig25hepg2|nadig25jurkat|replogle22k562|replogle22rpe1|wessels23,arch1=221273|kaden25rpe1=850225|nadig25hepg2=133757|nadig25jurkat=258202|replogle22k562=308646|replogle22rpe1=240774|wessels23=28490
MTA1,2,2,arch1|kaden25rpe1,7,arch1|kaden25rpe1|nadig25hepg2|nadig25jurkat|replogle22k562|replogle22rpe1|wessels23,arch1=221273|kaden25rpe1=850225|nadig25hepg2=133757|nadig25jurkat=258202|replogle22k562=308646|replogle22rpe1=240774|wessels23=28490
MTF1,1,1,kaden25rpe1,7,arch1|kaden25rpe1|nadig25hepg2|nadig25jurkat|replogle22k562|replogle22rpe1|wessels23,arch1=221273|kaden25rpe1=850225|nadig25hepg2=133757|nadig25jurkat=258202|replogle22k562=308646|replogle22rpe1=240774|wessels23=28490
MTHFSD,0,0,,4,arch1|kaden25rpe1|nadig25hepg2|wessels23,arch1=221273|kaden25rpe1=850225|nadig25hepg2=133757|nadig25jurkat=258202|replogle22k562=308646|replogle22rpe1=240774|wessels23=28490
MTM1,0,0,,5,arch1|kaden25rpe1|nadig25hepg2|nadig25jurkat|wessels23,arch1=221273|kaden25rpe1=850225|nadig25hepg2=133757|nadig25jurkat=258202|replogle22k562=308646|replogle22rpe1=240774|wessels23=28490
MYD88,0,0,,6,arch1|kaden25rpe1|nadig25hepg2|nadig25jurkat|replogle22k562|wessels23,arch1=221273|kaden25rpe1=850225|nadig25hepg2=133757|nadig25jurkat=258202|replogle22k562=308646|replogle22rpe1=240774|wessels23=28490
MYPOP,0,0,,6,arch1|kaden25rpe1|nadig25hepg2|nadig25jurkat|replogle22k562|wessels23,arch1=221273|kaden25rpe1=850225|nadig25hepg2=133757|nadig25jurkat=258202|replogle22k562=308646|replogle22rpe1=240774|wessels23=28490
MYRF,1,1,kaden25rpe1,5,arch1|kaden25rpe1|nadig25hepg2|replogle22k562|wessels23,arch1=221273|kaden25rpe1=850225|nadig25hepg2=133757|nadig25jurkat=258202|replogle22k562=308646|replogle22rpe1=240774|wessels23=28490
NABP2,0,0,,7,arch1|kaden25rpe1|nadig25hepg2|nadig25jurkat|replogle22k562|replogle22rpe1|wessels23,arch1=221273|kaden25rpe1=850225|nadig25hepg2=133757|nadig25jurkat=258202|replogle22k562=308646|replogle22rpe1=240774|wessels23=28490
NAIF1,0,0,,4,arch1|kaden25rpe1|replogle22k562|wessels23,arch1=221273|kaden25rpe1=850225|nadig25hepg2=133757|nadig25jurkat=258202|replogle22k562=308646|replogle22rpe1=240774|wessels23=28490
NCLN,0,0,,7,arch1|kaden25rpe1|nadig25hepg2|nadig25jurkat|replogle22k562|replogle22rpe1|wessels23,arch1=221273|kaden25rpe1=850225|nadig25hepg2=133757|nadig25jurkat=258202|replogle22k562=308646|replogle22rpe1=240774|wessels23=28490
NFE2L1,1,1,kaden25rpe1,7,arch1|kaden25rpe1|nadig25hepg2|nadig25jurkat|replogle22k562|replogle22rpe1|wessels23,arch1=221273|kaden25rpe1=850225|nadig25hepg2=133757|nadig25jurkat=258202|replogle22k562=308646|replogle22rpe1=240774|wessels23=28490
NGLY1,0,0,,7,arch1|kaden25rpe1|nadig25hepg2|nadig25jurkat|replogle22k562|replogle22rpe1|wessels23,arch1=221273|kaden25rpe1=850225|nadig25hepg2=133757|nadig25jurkat=258202|replogle22k562=308646|replogle22rpe1=240774|wessels23=28490
NICN1,0,0,,2,arch1|kaden25rpe1,arch1=221273|kaden25rpe1=850225|nadig25hepg2=133757|nadig25jurkat=258202|replogle22k562=308646|replogle22rpe1=240774|wessels23=28490
NIPAL3,0,0,,7,arch1|kaden25rpe1|nadig25hepg2|nadig25jurkat|replogle22k562|replogle22rpe1|wessels23,arch1=221273|kaden25rpe1=850225|nadig25hepg2=133757|nadig25jurkat=258202|replogle22k562=308646|replogle22rpe1=240774|wessels23=28490
NIPSNAP3A,0,0,,7,arch1|kaden25rpe1|nadig25hepg2|nadig25jurkat|replogle22k562|replogle22rpe1|wessels23,arch1=221273|kaden25rpe1=850225|nadig25hepg2=133757|nadig25jurkat=258202|replogle22k562=308646|replogle22rpe1=240774|wessels23=28490
NT5DC1,0,0,,7,arch1|kaden25rpe1|nadig25hepg2|nadig25jurkat|replogle22k562|replogle22rpe1|wessels23,arch1=221273|kaden25rpe1=850225|nadig25hepg2=133757|nadig25jurkat=258202|replogle22k562=308646|replogle22rpe1=240774|wessels23=28490
NUP37,0,0,,7,arch1|kaden25rpe1|nadig25hepg2|nadig25jurkat|replogle22k562|replogle22rpe1|wessels23,arch1=221273|kaden25rpe1=850225|nadig25hepg2=133757|nadig25jurkat=258202|replogle22k562=308646|replogle22rpe1=240774|wessels23=28490
PAN2,0,0,,5,arch1|kaden25rpe1|nadig25hepg2|nadig25jurkat|wessels23,arch1=221273|kaden25rpe1=850225|nadig25hepg2=133757|nadig25jurkat=258202|replogle22k562=308646|replogle22rpe1=240774|wessels23=28490
PAPOLA,0,0,,7,arch1|kaden25rpe1|nadig25hepg2|nadig25jurkat|replogle22k562|replogle22rpe1|wessels23,arch1=221273|kaden25rpe1=850225|nadig25hepg2=133757|nadig25jurkat=258202|replogle22k562=308646|replogle22rpe1=240774|wessels23=28490
PARP3,0,0,,5,arch1|kaden25rpe1|nadig25hepg2|replogle22rpe1|wessels23,arch1=221273|kaden25rpe1=850225|nadig25hepg2=133757|nadig25jurkat=258202|replogle22k562=308646|replogle22rpe1=240774|wessels23=28490
PATL1,0,0,,7,arch1|kaden25rpe1|nadig25hepg2|nadig25jurkat|replogle22k562|replogle22rpe1|wessels23,arch1=221273|kaden25rpe1=850225|nadig25hepg2=133757|nadig25jurkat=258202|replogle22k562=308646|replogle22rpe1=240774|wessels23=28490
PBLD,0,0,,4,arch1|kaden25rpe1|replogle22rpe1|wessels23,arch1=221273|kaden25rpe1=850225|nadig25hepg2=133757|nadig25jurkat=258202|replogle22k562=308646|replogle22rpe1=240774|wessels23=28490
PCGF1,0,0,,5,arch1|kaden25rpe1|nadig25hepg2|nadig25jurkat|wessels23,arch1=221273|kaden25rpe1=850225|nadig25hepg2=133757|nadig25jurkat=258202|replogle22k562=308646|replogle22rpe1=240774|wessels23=28490
PCGF6,0,0,,7,arch1|kaden25rpe1|nadig25hepg2|nadig25jurkat|replogle22k562|replogle22rpe1|wessels23,arch1=221273|kaden25rpe1=850225|nadig25hepg2=133757|nadig25jurkat=258202|replogle22k562=308646|replogle22rpe1=240774|wessels23=28490
PDCD4,0,0,,7,arch1|kaden25rpe1|nadig25hepg2|nadig25jurkat|replogle22k562|replogle22rpe1|wessels23,arch1=221273|kaden25rpe1=850225|nadig25hepg2=133757|nadig25jurkat=258202|replogle22k562=308646|replogle22rpe1=240774|wessels23=28490
PDE6D,0,0,,6,arch1|kaden25rpe1|nadig25jurkat|replogle22k562|replogle22rpe1|wessels23,arch1=221273|kaden25rpe1=850225|nadig25hepg2=133757|nadig25jurkat=258202|replogle22k562=308646|replogle22rpe1=240774|wessels23=28490
PDK1,0,0,,7,arch1|kaden25rpe1|nadig25hepg2|nadig25jurkat|replogle22k562|replogle22rpe1|wessels23,arch1=221273|kaden25rpe1=850225|nadig25hepg2=133757|nadig25jurkat=258202|replogle22k562=308646|replogle22rpe1=240774|wessels23=28490
PDK3,0,0,,5,arch1|kaden25rpe1|nadig25hepg2|nadig25jurkat|wessels23,arch1=221273|kaden25rpe1=850225|nadig25hepg2=133757|nadig25jurkat=258202|replogle22k562=308646|replogle22rpe1=240774|wessels23=28490
PGLS,0,0,,6,arch1|kaden25rpe1|nadig25hepg2|nadig25jurkat|replogle22k562|replogle22rpe1,arch1=221273|kaden25rpe1=850225|nadig25hepg2=133757|nadig25jurkat=258202|replogle22k562=308646|replogle22rpe1=240774|wessels23=28490
PHF11,0,0,,6,arch1|kaden25rpe1|nadig25hepg2|nadig25jurkat|replogle22rpe1|wessels23,arch1=221273|kaden25rpe1=850225|nadig25hepg2=133757|nadig25jurkat=258202|replogle22k562=308646|replogle22rpe1=240774|wessels23=28490
PHF19,0,0,,7,arch1|kaden25rpe1|nadig25hepg2|nadig25jurkat|replogle22k562|replogle22rpe1|wessels23,arch1=221273|kaden25rpe1=850225|nadig25hepg2=133757|nadig25jurkat=258202|replogle22k562=308646|replogle22rpe1=240774|wessels23=28490
PHF23,0,0,,7,arch1|kaden25rpe1|nadig25hepg2|nadig25jurkat|replogle22k562|replogle22rpe1|wessels23,arch1=221273|kaden25rpe1=850225|nadig25hepg2=133757|nadig25jurkat=258202|replogle22k562=308646|replogle22rpe1=240774|wessels23=28490
PHF8,0,0,,6,arch1|kaden25rpe1|nadig25hepg2|nadig25jurkat|replogle22k562|wessels23,arch1=221273|kaden25rpe1=850225|nadig25hepg2=133757|nadig25jurkat=258202|replogle22k562=308646|replogle22rpe1=240774|wessels23=28490
PI4KB,0,0,,7,arch1|kaden25rpe1|nadig25hepg2|nadig25jurkat|replogle22k562|replogle22rpe1|wessels23,arch1=221273|kaden25rpe1=850225|nadig25hepg2=133757|nadig25jurkat=258202|replogle22k562=308646|replogle22rpe1=240774|wessels23=28490
PIM2,0,0,,4,arch1|kaden25rpe1|replogle22k562|wessels23,arch1=221273|kaden25rpe1=850225|nadig25hepg2=133757|nadig25jurkat=258202|replogle22k562=308646|replogle22rpe1=240774|wessels23=28490
PIN1,0,0,,7,arch1|kaden25rpe1|nadig25hepg2|nadig25jurkat|replogle22k562|replogle22rpe1|wessels23,arch1=221273|kaden25rpe1=850225|nadig25hepg2=133757|nadig25jurkat=258202|replogle22k562=308646|replogle22rpe1=240774|wessels23=28490
PINK1,0,0,,6,arch1|kaden25rpe1|nadig25hepg2|nadig25jurkat|replogle22rpe1|wessels23,arch1=221273|kaden25rpe1=850225|nadig25hepg2=133757|nadig25jurkat=258202|replogle22k562=308646|replogle22rpe1=240774|wessels23=28490
PKN3,0,0,,5,arch1|kaden25rpe1|nadig25hepg2|replogle22k562|wessels23,arch1=221273|kaden25rpe1=850225|nadig25hepg2=133757|nadig25jurkat=258202|replogle22k562=308646|replogle22rpe1=240774|wessels23=28490
PLAGL2,1,1,kaden25rpe1,6,arch1|kaden25rpe1|nadig25hepg2|nadig25jurkat|replogle22k562|wessels23,arch1=221273|kaden25rpe1=850225|nadig25hepg2=133757|nadig25jurkat=258202|replogle22k562=308646|replogle22rpe1=240774|wessels23=28490
PLCG1,0,0,,5,arch1|kaden25rpe1|nadig25hepg2|nadig25jurkat|wessels23,arch1=221273|kaden25rpe1=850225|nadig25hepg2=133757|nadig25jurkat=258202|replogle22k562=308646|replogle22rpe1=240774|wessels23=28490
PNP,0,0,,7,arch1|kaden25rpe1|nadig25hepg2|nadig25jurkat|replogle22k562|replogle22rpe1|wessels23,arch1=221273|kaden25rpe1=850225|nadig25hepg2=133757|nadig25jurkat=258202|replogle22k562=308646|replogle22rpe1=240774|wessels23=28490
POLD4,0,0,,7,arch1|kaden25rpe1|nadig25hepg2|nadig25jurkat|replogle22k562|replogle22rpe1|wessels23,arch1=221273|kaden25rpe1=850225|nadig25hepg2=133757|nadig25jurkat=258202|replogle22k562=308646|replogle22rpe1=240774|wessels23=28490
POR,0,0,,7,arch1|kaden25rpe1|nadig25hepg2|nadig25jurkat|replogle22k562|replogle22rpe1|wessels23,arch1=221273|kaden25rpe1=850225|nadig25hepg2=133757|nadig25jurkat=258202|replogle22k562=308646|replogle22rpe1=240774|wessels23=28490
PPIF,0,0,,7,arch1|kaden25rpe1|nadig25hepg2|nadig25jurkat|replogle22k562|replogle22rpe1|wessels23,arch1=221273|kaden25rpe1=850225|nadig25hepg2=133757|nadig25jurkat=258202|replogle22k562=308646|replogle22rpe1=240774|wessels23=28490
PPIP5K2,0,0,,7,arch1|kaden25rpe1|nadig25hepg2|nadig25jurkat|replogle22k562|replogle22rpe1|wessels23,arch1=221273|kaden25rpe1=850225|nadig25hepg2=133757|nadig25jurkat=258202|replogle22k562=308646|replogle22rpe1=240774|wessels23=28490
PQBP1,0,0,,7,arch1|kaden25rpe1|nadig25hepg2|nadig25jurkat|replogle22k562|replogle22rpe1|wessels23,arch1=221273|kaden25rpe1=850225|nadig25hepg2=133757|nadig25jurkat=258202|replogle22k562=308646|replogle22rpe1=240774|wessels23=28490
PRDX3,0,0,,7,arch1|kaden25rpe1|nadig25hepg2|nadig25jurkat|replogle22k562|replogle22rpe1|wessels23,arch1=221273|kaden25rpe1=850225|nadig25hepg2=133757|nadig25jurkat=258202|replogle22k562=308646|replogle22rpe1=240774|wessels23=28490
PRKAB2,0,0,,7,arch1|kaden25rpe1|nadig25hepg2|nadig25jurkat|replogle22k562|replogle22rpe1|wessels23,arch1=221273|kaden25rpe1=850225|nadig25hepg2=133757|nadig25jurkat=258202|replogle22k562=308646|replogle22rpe1=240774|wessels23=28490
PRKACA,0,0,,7,arch1|kaden25rpe1|nadig25hepg2|nadig25jurkat|replogle22k562|replogle22rpe1|wessels23,arch1=221273|kaden25rpe1=850225|nadig25hepg2=133757|nadig25jurkat=258202|replogle22k562=308646|replogle22rpe1=240774|wessels23=28490
PRMT2,0,0,,7,arch1|kaden25rpe1|nadig25hepg2|nadig25jurkat|replogle22k562|replogle22rpe1|wessels23,arch1=221273|kaden25rpe1=850225|nadig25hepg2=133757|nadig25jurkat=258202|replogle22k562=308646|replogle22rpe1=240774|wessels23=28490
PRMT6,0,0,,7,arch1|kaden25rpe1|nadig25hepg2|nadig25jurkat|replogle22k562|replogle22rpe1|wessels23,arch1=221273|kaden25rpe1=850225|nadig25hepg2=133757|nadig25jurkat=258202|replogle22k562=308646|replogle22rpe1=240774|wessels23=28490
PRMT7,0,0,,7,arch1|kaden25rpe1|nadig25hepg2|nadig25jurkat|replogle22k562|replogle22rpe1|wessels23,arch1=221273|kaden25rpe1=850225|nadig25hepg2=133757|nadig25jurkat=258202|replogle22k562=308646|replogle22rpe1=240774|wessels23=28490
PRNP,0,0,,6,arch1|kaden25rpe1|nadig25hepg2|nadig25jurkat|replogle22rpe1|wessels23,arch1=221273|kaden25rpe1=850225|nadig25hepg2=133757|nadig25jurkat=258202|replogle22k562=308646|replogle22rpe1=240774|wessels23=28490
PSKH1,0,0,,7,arch1|kaden25rpe1|nadig25hepg2|nadig25jurkat|replogle22k562|replogle22rpe1|wessels23,arch1=221273|kaden25rpe1=850225|nadig25hepg2=133757|nadig25jurkat=258202|replogle22k562=308646|replogle22rpe1=240774|wessels23=28490
PSMB9,0,0,,5,arch1|kaden25rpe1|nadig25jurkat|replogle22rpe1|wessels23,arch1=221273|kaden25rpe1=850225|nadig25hepg2=133757|nadig25jurkat=258202|replogle22k562=308646|replogle22rpe1=240774|wessels23=28490
PTMS,0,0,,7,arch1|kaden25rpe1|nadig25hepg2|nadig25jurkat|replogle22k562|replogle22rpe1|wessels23,arch1=221273|kaden25rpe1=850225|nadig25hepg2=133757|nadig25jurkat=258202|replogle22k562=308646|replogle22rpe1=240774|wessels23=28490
PTOV1,0,0,,7,arch1|kaden25rpe1|nadig25hepg2|nadig25jurkat|replogle22k562|replogle22rpe1|wessels23,arch1=221273|kaden25rpe1=850225|nadig25hepg2=133757|nadig25jurkat=258202|replogle22k562=308646|replogle22rpe1=240774|wessels23=28490
PYCR1,0,0,,7,arch1|kaden25rpe1|nadig25hepg2|nadig25jurkat|replogle22k562|replogle22rpe1|wessels23,arch1=221273|kaden25rpe1=850225|nadig25hepg2=133757|nadig25jurkat=258202|replogle22k562=308646|replogle22rpe1=240774|wessels23=28490
R3HCC1L,0,0,,7,arch1|kaden25rpe1|nadig25hepg2|nadig25jurkat|replogle22k562|replogle22rpe1|wessels23,arch1=221273|kaden25rpe1=850225|nadig25hepg2=133757|nadig25jurkat=258202|replogle22k562=308646|replogle22rpe1=240774|wessels23=28490
RAB11FIP5,0,0,,4,arch1|kaden25rpe1|replogle22rpe1|wessels23,arch1=221273|kaden25rpe1=850225|nadig25hepg2=133757|nadig25jurkat=258202|replogle22k562=308646|replogle22rpe1=240774|wessels23=28490
RAB5A,0,0,,7,arch1|kaden25rpe1|nadig25hepg2|nadig25jurkat|replogle22k562|replogle22rpe1|wessels23,arch1=221273|kaden25rpe1=850225|nadig25hepg2=133757|nadig25jurkat=258202|replogle22k562=308646|replogle22rpe1=240774|wessels23=28490
RABEP2,0,0,,7,arch1|kaden25rpe1|nadig25hepg2|nadig25jurkat|replogle22k562|replogle22rpe1|wessels23,arch1=221273|kaden25rpe1=850225|nadig25hepg2=133757|nadig25jurkat=258202|replogle22k562=308646|replogle22rpe1=240774|wessels23=28490
RBM18,0,0,,7,arch1|kaden25rpe1|nadig25hepg2|nadig25jurkat|replogle22k562|replogle22rpe1|wessels23,arch1=221273|kaden25rpe1=850225|nadig25hepg2=133757|nadig25jurkat=258202|replogle22k562=308646|replogle22rpe1=240774|wessels23=28490
RBM26,0,0,,7,arch1|kaden25rpe1|nadig25hepg2|nadig25jurkat|replogle22k562|replogle22rpe1|wessels23,arch1=221273|kaden25rpe1=850225|nadig25hepg2=133757|nadig25jurkat=258202|replogle22k562=308646|replogle22rpe1=240774|wessels23=28490
RBM4B,0,0,,7,arch1|kaden25rpe1|nadig25hepg2|nadig25jurkat|replogle22k562|replogle22rpe1|wessels23,arch1=221273|kaden25rpe1=850225|nadig25hepg2=133757|nadig25jurkat=258202|replogle22k562=308646|replogle22rpe1=240774|wessels23=28490
RBM5,0,0,,7,arch1|kaden25rpe1|nadig25hepg2|nadig25jurkat|replogle22k562|replogle22rpe1|wessels23,arch1=221273|kaden25rpe1=850225|nadig25hepg2=133757|nadig25jurkat=258202|replogle22k562=308646|replogle22rpe1=240774|wessels23=28490
RC3H2,0,0,,7,arch1|kaden25rpe1|nadig25hepg2|nadig25jurkat|replogle22k562|replogle22rpe1|wessels23,arch1=221273|kaden25rpe1=850225|nadig25hepg2=133757|nadig25jurkat=258202|replogle22k562=308646|replogle22rpe1=240774|wessels23=28490
REV1,0,0,,7,arch1|kaden25rpe1|nadig25hepg2|nadig25jurkat|replogle22k562|replogle22rpe1|wessels23,arch1=221273|kaden25rpe1=850225|nadig25hepg2=133757|nadig25jurkat=258202|replogle22k562=308646|replogle22rpe1=240774|wessels23=28490
RFK,0,0,,7,arch1|kaden25rpe1|nadig25hepg2|nadig25jurkat|replogle22k562|replogle22rpe1|wessels23,arch1=221273|kaden25rpe1=850225|nadig25hepg2=133757|nadig25jurkat=258202|replogle22k562=308646|replogle22rpe1=240774|wessels23=28490
RNF10,0,0,,7,arch1|kaden25rpe1|nadig25hepg2|nadig25jurkat|replogle22k562|replogle22rpe1|wessels23,arch1=221273|kaden25rpe1=850225|nadig25hepg2=133757|nadig25jurkat=258202|replogle22k562=308646|replogle22rpe1=240774|wessels23=28490
RNF141,0,0,,7,arch1|kaden25rpe1|nadig25hepg2|nadig25jurkat|replogle22k562|replogle22rpe1|wessels23,arch1=221273|kaden25rpe1=850225|nadig25hepg2=133757|nadig25jurkat=258202|replogle22k562=308646|replogle22rpe1=240774|wessels23=28490
RNF2,2,2,arch1|kaden25rpe1,7,arch1|kaden25rpe1|nadig25hepg2|nadig25jurkat|replogle22k562|replogle22rpe1|wessels23,arch1=221273|kaden25rpe1=850225|nadig25hepg2=133757|nadig25jurkat=258202|replogle22k562=308646|replogle22rpe1=240774|wessels23=28490
RSRC1,0,0,,7,arch1|kaden25rpe1|nadig25hepg2|nadig25jurkat|replogle22k562|replogle22rpe1|wessels23,arch1=221273|kaden25rpe1=850225|nadig25hepg2=133757|nadig25jurkat=258202|replogle22k562=308646|replogle22rpe1=240774|wessels23=28490
S100A11,0,0,,6,arch1|kaden25rpe1|nadig25hepg2|replogle22k562|replogle22rpe1|wessels23,arch1=221273|kaden25rpe1=850225|nadig25hepg2=133757|nadig25jurkat=258202|replogle22k562=308646|replogle22rpe1=240774|wessels23=28490
SAP30L,0,0,,7,arch1|kaden25rpe1|nadig25hepg2|nadig25jurkat|replogle22k562|replogle22rpe1|wessels23,arch1=221273|kaden25rpe1=850225|nadig25hepg2=133757|nadig25jurkat=258202|replogle22k562=308646|replogle22rpe1=240774|wessels23=28490
SCAF8,0,0,,7,arch1|kaden25rpe1|nadig25hepg2|nadig25jurkat|replogle22k562|replogle22rpe1|wessels23,arch1=221273|kaden25rpe1=850225|nadig25hepg2=133757|nadig25jurkat=258202|replogle22k562=308646|replogle22rpe1=240774|wessels23=28490
SEMA4F,0,0,,3,arch1|kaden25rpe1|wessels23,arch1=221273|kaden25rpe1=850225|nadig25hepg2=133757|nadig25jurkat=258202|replogle22k562=308646|replogle22rpe1=240774|wessels23=28490
SFXN4,0,0,,7,arch1|kaden25rpe1|nadig25hepg2|nadig25jurkat|replogle22k562|replogle22rpe1|wessels23,arch1=221273|kaden25rpe1=850225|nadig25hepg2=133757|nadig25jurkat=258202|replogle22k562=308646|replogle22rpe1=240774|wessels23=28490
SH2D3A,0,0,,4,arch1|kaden25rpe1|nadig25hepg2|wessels23,arch1=221273|kaden25rpe1=850225|nadig25hepg2=133757|nadig25jurkat=258202|replogle22k562=308646|replogle22rpe1=240774|wessels23=28490
SHPRH,1,1,arch1,7,arch1|kaden25rpe1|nadig25hepg2|nadig25jurkat|replogle22k562|replogle22rpe1|wessels23,arch1=221273|kaden25rpe1=850225|nadig25hepg2=133757|nadig25jurkat=258202|replogle22k562=308646|replogle22rpe1=240774|wessels23=28490
SIN3B,1,1,arch1,7,arch1|kaden25rpe1|nadig25hepg2|nadig25jurkat|replogle22k562|replogle22rpe1|wessels23,arch1=221273|kaden25rpe1=850225|nadig25hepg2=133757|nadig25jurkat=258202|replogle22k562=308646|replogle22rpe1=240774|wessels23=28490
SLC25A13,0,0,,6,arch1|kaden25rpe1|nadig25hepg2|replogle22k562|replogle22rpe1|wessels23,arch1=221273|kaden25rpe1=850225|nadig25hepg2=133757|nadig25jurkat=258202|replogle22k562=308646|replogle22rpe1=240774|wessels23=28490
SLC39A1,0,0,,7,arch1|kaden25rpe1|nadig25hepg2|nadig25jurkat|replogle22k562|replogle22rpe1|wessels23,arch1=221273|kaden25rpe1=850225|nadig25hepg2=133757|nadig25jurkat=258202|replogle22k562=308646|replogle22rpe1=240774|wessels23=28490
SLC44A1,0,0,,6,arch1|kaden25rpe1|nadig25hepg2|nadig25jurkat|replogle22rpe1|wessels23,arch1=221273|kaden25rpe1=850225|nadig25hepg2=133757|nadig25jurkat=258202|replogle22k562=308646|replogle22rpe1=240774|wessels23=28490
SLIRP,0,0,,7,arch1|kaden25rpe1|nadig25hepg2|nadig25jurkat|replogle22k562|replogle22rpe1|wessels23,arch1=221273|kaden25rpe1=850225|nadig25hepg2=133757|nadig25jurkat=258202|replogle22k562=308646|replogle22rpe1=240774|wessels23=28490
SMARCA5,2,2,arch1|kaden25rpe1,7,arch1|kaden25rpe1|nadig25hepg2|nadig25jurkat|replogle22k562|replogle22rpe1|wessels23,arch1=221273|kaden25rpe1=850225|nadig25hepg2=133757|nadig25jurkat=258202|replogle22k562=308646|replogle22rpe1=240774|wessels23=28490
SMARCC2,1,1,kaden25rpe1,7,arch1|kaden25rpe1|nadig25hepg2|nadig25jurkat|replogle22k562|replogle22rpe1|wessels23,arch1=221273|kaden25rpe1=850225|nadig25hepg2=133757|nadig25jurkat=258202|replogle22k562=308646|replogle22rpe1=240774|wessels23=28490
SMYD2,0,0,,7,arch1|kaden25rpe1|nadig25hepg2|nadig25jurkat|replogle22k562|replogle22rpe1|wessels23,arch1=221273|kaden25rpe1=850225|nadig25hepg2=133757|nadig25jurkat=258202|replogle22k562=308646|replogle22rpe1=240774|wessels23=28490
SND1,0,0,,7,arch1|kaden25rpe1|nadig25hepg2|nadig25jurkat|replogle22k562|replogle22rpe1|wessels23,arch1=221273|kaden25rpe1=850225|nadig25hepg2=133757|nadig25jurkat=258202|replogle22k562=308646|replogle22rpe1=240774|wessels23=28490
SNN,0,0,,4,arch1|kaden25rpe1|nadig25jurkat|wessels23,arch1=221273|kaden25rpe1=850225|nadig25hepg2=133757|nadig25jurkat=258202|replogle22k562=308646|replogle22rpe1=240774|wessels23=28490
SNRK,0,0,,7,arch1|kaden25rpe1|nadig25hepg2|nadig25jurkat|replogle22k562|replogle22rpe1|wessels23,arch1=221273|kaden25rpe1=850225|nadig25hepg2=133757|nadig25jurkat=258202|replogle22k562=308646|replogle22rpe1=240774|wessels23=28490
SNX4,0,0,,7,arch1|kaden25rpe1|nadig25hepg2|nadig25jurkat|replogle22k562|replogle22rpe1|wessels23,arch1=221273|kaden25rpe1=850225|nadig25hepg2=133757|nadig25jurkat=258202|replogle22k562=308646|replogle22rpe1=240774|wessels23=28490
SOCS5,0,0,,6,arch1|kaden25rpe1|nadig25hepg2|replogle22k562|replogle22rpe1|wessels23,arch1=221273|kaden25rpe1=850225|nadig25hepg2=133757|nadig25jurkat=258202|replogle22k562=308646|replogle22rpe1=240774|wessels23=28490
SPATA20,0,0,,5,arch1|kaden25rpe1|nadig25hepg2|replogle22rpe1|wessels23,arch1=221273|kaden25rpe1=850225|nadig25hepg2=133757|nadig25jurkat=258202|replogle22k562=308646|replogle22rpe1=240774|wessels23=28490
SRSF5,0,0,,7,arch1|kaden25rpe1|nadig25hepg2|nadig25jurkat|replogle22k562|replogle22rpe1|wessels23,arch1=221273|kaden25rpe1=850225|nadig25hepg2=133757|nadig25jurkat=258202|replogle22k562=308646|replogle22rpe1=240774|wessels23=28490
SSR4,0,0,,7,arch1|kaden25rpe1|nadig25hepg2|nadig25jurkat|replogle22k562|replogle22rpe1|wessels23,arch1=221273|kaden25rpe1=850225|nadig25hepg2=133757|nadig25jurkat=258202|replogle22k562=308646|replogle22rpe1=240774|wessels23=28490
STAT6,2,2,arch1|kaden25rpe1,7,arch1|kaden25rpe1|nadig25hepg2|nadig25jurkat|replogle22k562|replogle22rpe1|wessels23,arch1=221273|kaden25rpe1=850225|nadig25hepg2=133757|nadig25jurkat=258202|replogle22k562=308646|replogle22rpe1=240774|wessels23=28490
STK3,0,0,,7,arch1|kaden25rpe1|nadig25hepg2|nadig25jurkat|replogle22k562|replogle22rpe1|wessels23,arch1=221273|kaden25rpe1=850225|nadig25hepg2=133757|nadig25jurkat=258202|replogle22k562=308646|replogle22rpe1=240774|wessels23=28490
STT3A,0,0,,7,arch1|kaden25rpe1|nadig25hepg2|nadig25jurkat|replogle22k562|replogle22rpe1|wessels23,arch1=221273|kaden25rpe1=850225|nadig25hepg2=133757|nadig25jurkat=258202|replogle22k562=308646|replogle22rpe1=240774|wessels23=28490
SUPT7L,0,0,,7,arch1|kaden25rpe1|nadig25hepg2|nadig25jurkat|replogle22k562|replogle22rpe1|wessels23,arch1=221273|kaden25rpe1=850225|nadig25hepg2=133757|nadig25jurkat=258202|replogle22k562=308646|replogle22rpe1=240774|wessels23=28490
SYVN1,0,0,,7,arch1|kaden25rpe1|nadig25hepg2|nadig25jurkat|replogle22k562|replogle22rpe1|wessels23,arch1=221273|kaden25rpe1=850225|nadig25hepg2=133757|nadig25jurkat=258202|replogle22k562=308646|replogle22rpe1=240774|wessels23=28490
TAF15,0,0,,7,arch1|kaden25rpe1|nadig25hepg2|nadig25jurkat|replogle22k562|replogle22rpe1|wessels23,arch1=221273|kaden25rpe1=850225|nadig25hepg2=133757|nadig25jurkat=258202|replogle22k562=308646|replogle22rpe1=240774|wessels23=28490
TAF4,0,0,,6,arch1|kaden25rpe1|nadig25hepg2|nadig25jurkat|replogle22k562|wessels23,arch1=221273|kaden25rpe1=850225|nadig25hepg2=133757|nadig25jurkat=258202|replogle22k562=308646|replogle22rpe1=240774|wessels23=28490
TARBP2,2,2,arch1|kaden25rpe1,7,arch1|kaden25rpe1|nadig25hepg2|nadig25jurkat|replogle22k562|replogle22rpe1|wessels23,arch1=221273|kaden25rpe1=850225|nadig25hepg2=133757|nadig25jurkat=258202|replogle22k562=308646|replogle22rpe1=240774|wessels23=28490
TBC1D13,0,0,,7,arch1|kaden25rpe1|nadig25hepg2|nadig25jurkat|replogle22k562|replogle22rpe1|wessels23,arch1=221273|kaden25rpe1=850225|nadig25hepg2=133757|nadig25jurkat=258202|replogle22k562=308646|replogle22rpe1=240774|wessels23=28490
TBC1D19,0,0,,5,arch1|kaden25rpe1|nadig25jurkat|replogle22rpe1|wessels23,arch1=221273|kaden25rpe1=850225|nadig25hepg2=133757|nadig25jurkat=258202|replogle22k562=308646|replogle22rpe1=240774|wessels23=28490
TBCK,0,0,,7,arch1|kaden25rpe1|nadig25hepg2|nadig25jurkat|replogle22k562|replogle22rpe1|wessels23,arch1=221273|kaden25rpe1=850225|nadig25hepg2=133757|nadig25jurkat=258202|replogle22k562=308646|replogle22rpe1=240774|wessels23=28490
TDRD7,0,0,,5,arch1|kaden25rpe1|nadig25hepg2|nadig25jurkat|wessels23,arch1=221273|kaden25rpe1=850225|nadig25hepg2=133757|nadig25jurkat=258202|replogle22k562=308646|replogle22rpe1=240774|wessels23=28490
TEAD4,1,1,kaden25rpe1,6,arch1|kaden25rpe1|nadig25hepg2|replogle22k562|replogle22rpe1|wessels23,arch1=221273|kaden25rpe1=850225|nadig25hepg2=133757|nadig25jurkat=258202|replogle22k562=308646|replogle22rpe1=240774|wessels23=28490
TESK2,0,0,,3,arch1|kaden25rpe1|wessels23,arch1=221273|kaden25rpe1=850225|nadig25hepg2=133757|nadig25jurkat=258202|replogle22k562=308646|replogle22rpe1=240774|wessels23=28490
TEX2,0,0,,7,arch1|kaden25rpe1|nadig25hepg2|nadig25jurkat|replogle22k562|replogle22rpe1|wessels23,arch1=221273|kaden25rpe1=850225|nadig25hepg2=133757|nadig25jurkat=258202|replogle22k562=308646|replogle22rpe1=240774|wessels23=28490
TFCP2,1,1,kaden25rpe1,7,arch1|kaden25rpe1|nadig25hepg2|nadig25jurkat|replogle22k562|replogle22rpe1|wessels23,arch1=221273|kaden25rpe1=850225|nadig25hepg2=133757|nadig25jurkat=258202|replogle22k562=308646|replogle22rpe1=240774|wessels23=28490
THAP3,1,1,kaden25rpe1,7,arch1|kaden25rpe1|nadig25hepg2|nadig25jurkat|replogle22k562|replogle22rpe1|wessels23,arch1=221273|kaden25rpe1=850225|nadig25hepg2=133757|nadig25jurkat=258202|replogle22k562=308646|replogle22rpe1=240774|wessels23=28490
THAP7,1,1,kaden25rpe1,7,arch1|kaden25rpe1|nadig25hepg2|nadig25jurkat|replogle22k562|replogle22rpe1|wessels23,arch1=221273|kaden25rpe1=850225|nadig25hepg2=133757|nadig25jurkat=258202|replogle22k562=308646|replogle22rpe1=240774|wessels23=28490
TIMM17B,0,0,,7,arch1|kaden25rpe1|nadig25hepg2|nadig25jurkat|replogle22k562|replogle22rpe1|wessels23,arch1=221273|kaden25rpe1=850225|nadig25hepg2=133757|nadig25jurkat=258202|replogle22k562=308646|replogle22rpe1=240774|wessels23=28490
TIMM50,0,0,,7,arch1|kaden25rpe1|nadig25hepg2|nadig25jurkat|replogle22k562|replogle22rpe1|wessels23,arch1=221273|kaden25rpe1=850225|nadig25hepg2=133757|nadig25jurkat=258202|replogle22k562=308646|replogle22rpe1=240774|wessels23=28490
TMCO6,0,0,,4,arch1|kaden25rpe1|nadig25jurkat|wessels23,arch1=221273|kaden25rpe1=850225|nadig25hepg2=133757|nadig25jurkat=258202|replogle22k562=308646|replogle22rpe1=240774|wessels23=28490
TMED3,0,0,,7,arch1|kaden25rpe1|nadig25hepg2|nadig25jurkat|replogle22k562|replogle22rpe1|wessels23,arch1=221273|kaden25rpe1=850225|nadig25hepg2=133757|nadig25jurkat=258202|replogle22k562=308646|replogle22rpe1=240774|wessels23=28490
TMEM104,0,0,,4,arch1|kaden25rpe1|nadig25hepg2|wessels23,arch1=221273|kaden25rpe1=850225|nadig25hepg2=133757|nadig25jurkat=258202|replogle22k562=308646|replogle22rpe1=240774|wessels23=28490
TMEM147,0,0,,7,arch1|kaden25rpe1|nadig25hepg2|nadig25jurkat|replogle22k562|replogle22rpe1|wessels23,arch1=221273|kaden25rpe1=850225|nadig25hepg2=133757|nadig25jurkat=258202|replogle22k562=308646|replogle22rpe1=240774|wessels23=28490
TMEM186,0,0,,7,arch1|kaden25rpe1|nadig25hepg2|nadig25jurkat|replogle22k562|replogle22rpe1|wessels23,arch1=221273|kaden25rpe1=850225|nadig25hepg2=133757|nadig25jurkat=258202|replogle22k562=308646|replogle22rpe1=240774|wessels23=28490
TMEM209,0,0,,6,arch1|kaden25rpe1|nadig25hepg2|nadig25jurkat|replogle22k562|wessels23,arch1=221273|kaden25rpe1=850225|nadig25hepg2=133757|nadig25jurkat=258202|replogle22k562=308646|replogle22rpe1=240774|wessels23=28490
TMEM41B,0,0,,7,arch1|kaden25rpe1|nadig25hepg2|nadig25jurkat|replogle22k562|replogle22rpe1|wessels23,arch1=221273|kaden25rpe1=850225|nadig25hepg2=133757|nadig25jurkat=258202|replogle22k562=308646|replogle22rpe1=240774|wessels23=28490
TMEM79,0,0,,3,arch1|kaden25rpe1|wessels23,arch1=221273|kaden25rpe1=850225|nadig25hepg2=133757|nadig25jurkat=258202|replogle22k562=308646|replogle22rpe1=240774|wessels23=28490
TMF1,1,1,kaden25rpe1,7,arch1|kaden25rpe1|nadig25hepg2|nadig25jurkat|replogle22k562|replogle22rpe1|wessels23,arch1=221273|kaden25rpe1=850225|nadig25hepg2=133757|nadig25jurkat=258202|replogle22k562=308646|replogle22rpe1=240774|wessels23=28490
TRAPPC6A,1,1,arch1,6,arch1|kaden25rpe1|nadig25hepg2|nadig25jurkat|replogle22k562|wessels23,arch1=221273|kaden25rpe1=850225|nadig25hepg2=133757|nadig25jurkat=258202|replogle22k562=308646|replogle22rpe1=240774|wessels23=28490
TRIB3,0,0,,7,arch1|kaden25rpe1|nadig25hepg2|nadig25jurkat|replogle22k562|replogle22rpe1|wessels23,arch1=221273|kaden25rpe1=850225|nadig25hepg2=133757|nadig25jurkat=258202|replogle22k562=308646|replogle22rpe1=240774|wessels23=28490
TRIM35,0,0,,3,arch1|kaden25rpe1|wessels23,arch1=221273|kaden25rpe1=850225|nadig25hepg2=133757|nadig25jurkat=258202|replogle22k562=308646|replogle22rpe1=240774|wessels23=28490
TRIP4,0,0,,7,arch1|kaden25rpe1|nadig25hepg2|nadig25jurkat|replogle22k562|replogle22rpe1|wessels23,arch1=221273|kaden25rpe1=850225|nadig25hepg2=133757|nadig25jurkat=258202|replogle22k562=308646|replogle22rpe1=240774|wessels23=28490
TRMT1,0,0,,7,arch1|kaden25rpe1|nadig25hepg2|nadig25jurkat|replogle22k562|replogle22rpe1|wessels23,arch1=221273|kaden25rpe1=850225|nadig25hepg2=133757|nadig25jurkat=258202|replogle22k562=308646|replogle22rpe1=240774|wessels23=28490
TRPC4AP,0,0,,7,arch1|kaden25rpe1|nadig25hepg2|nadig25jurkat|replogle22k562|replogle22rpe1|wessels23,arch1=221273|kaden25rpe1=850225|nadig25hepg2=133757|nadig25jurkat=258202|replogle22k562=308646|replogle22rpe1=240774|wessels23=28490
TTBK2,0,0,,7,arch1|kaden25rpe1|nadig25hepg2|nadig25jurkat|replogle22k562|replogle22rpe1|wessels23,arch1=221273|kaden25rpe1=850225|nadig25hepg2=133757|nadig25jurkat=258202|replogle22k562=308646|replogle22rpe1=240774|wessels23=28490
TWF2,1,1,arch1,7,arch1|kaden25rpe1|nadig25hepg2|nadig25jurkat|replogle22k562|replogle22rpe1|wessels23,arch1=221273|kaden25rpe1=850225|nadig25hepg2=133757|nadig25jurkat=258202|replogle22k562=308646|replogle22rpe1=240774|wessels23=28490
TXNDC16,0,0,,3,arch1|kaden25rpe1|wessels23,arch1=221273|kaden25rpe1=850225|nadig25hepg2=133757|nadig25jurkat=258202|replogle22k562=308646|replogle22rpe1=240774|wessels23=28490
UNK,0,0,,7,arch1|kaden25rpe1|nadig25hepg2|nadig25jurkat|replogle22k562|replogle22rpe1|wessels23,arch1=221273|kaden25rpe1=850225|nadig25hepg2=133757|nadig25jurkat=258202|replogle22k562=308646|replogle22rpe1=240774|wessels23=28490
UPF3B,0,0,,7,arch1|kaden25rpe1|nadig25hepg2|nadig25jurkat|replogle22k562|replogle22rpe1|wessels23,arch1=221273|kaden25rpe1=850225|nadig25hepg2=133757|nadig25jurkat=258202|replogle22k562=308646|replogle22rpe1=240774|wessels23=28490
UROS,0,0,,7,arch1|kaden25rpe1|nadig25hepg2|nadig25jurkat|replogle22k562|replogle22rpe1|wessels23,arch1=221273|kaden25rpe1=850225|nadig25hepg2=133757|nadig25jurkat=258202|replogle22k562=308646|replogle22rpe1=240774|wessels23=28490
USP28,0,0,,6,arch1|kaden25rpe1|nadig25hepg2|replogle22k562|replogle22rpe1|wessels23,arch1=221273|kaden25rpe1=850225|nadig25hepg2=133757|nadig25jurkat=258202|replogle22k562=308646|replogle22rpe1=240774|wessels23=28490
VAPB,0,0,,7,arch1|kaden25rpe1|nadig25hepg2|nadig25jurkat|replogle22k562|replogle22rpe1|wessels23,arch1=221273|kaden25rpe1=850225|nadig25hepg2=133757|nadig25jurkat=258202|replogle22k562=308646|replogle22rpe1=240774|wessels23=28490
VIM,0,0,,6,arch1|kaden25rpe1|nadig25jurkat|replogle22k562|replogle22rpe1|wessels23,arch1=221273|kaden25rpe1=850225|nadig25hepg2=133757|nadig25jurkat=258202|replogle22k562=308646|replogle22rpe1=240774|wessels23=28490
WBP4,0,0,,7,arch1|kaden25rpe1|nadig25hepg2|nadig25jurkat|replogle22k562|replogle22rpe1|wessels23,arch1=221273|kaden25rpe1=850225|nadig25hepg2=133757|nadig25jurkat=258202|replogle22k562=308646|replogle22rpe1=240774|wessels23=28490
YIPF6,0,0,,7,arch1|kaden25rpe1|nadig25hepg2|nadig25jurkat|replogle22k562|replogle22rpe1|wessels23,arch1=221273|kaden25rpe1=850225|nadig25hepg2=133757|nadig25jurkat=258202|replogle22k562=308646|replogle22rpe1=240774|wessels23=28490
ZBTB34,1,1,kaden25rpe1,3,arch1|kaden25rpe1|wessels23,arch1=221273|kaden25rpe1=850225|nadig25hepg2=133757|nadig25jurkat=258202|replogle22k562=308646|replogle22rpe1=240774|wessels23=28490
ZBTB41,1,1,kaden25rpe1,7,arch1|kaden25rpe1|nadig25hepg2|nadig25jurkat|replogle22k562|replogle22rpe1|wessels23,arch1=221273|kaden25rpe1=850225|nadig25hepg2=133757|nadig25jurkat=258202|replogle22k562=308646|replogle22rpe1=240774|wessels23=28490
ZBTB48,1,1,kaden25rpe1,6,arch1|kaden25rpe1|nadig25hepg2|nadig25jurkat|replogle22k562|wessels23,arch1=221273|kaden25rpe1=850225|nadig25hepg2=133757|nadig25jurkat=258202|replogle22k562=308646|replogle22rpe1=240774|wessels23=28490
ZC2HC1A,0,0,,5,arch1|kaden25rpe1|nadig25hepg2|replogle22rpe1|wessels23,arch1=221273|kaden25rpe1=850225|nadig25hepg2=133757|nadig25jurkat=258202|replogle22k562=308646|replogle22rpe1=240774|wessels23=28490
ZC3HAV1,0,0,,7,arch1|kaden25rpe1|nadig25hepg2|nadig25jurkat|replogle22k562|replogle22rpe1|wessels23,arch1=221273|kaden25rpe1=850225|nadig25hepg2=133757|nadig25jurkat=258202|replogle22k562=308646|replogle22rpe1=240774|wessels23=28490
ZDHHC12,0,0,,7,arch1|kaden25rpe1|nadig25hepg2|nadig25jurkat|replogle22k562|replogle22rpe1|wessels23,arch1=221273|kaden25rpe1=850225|nadig25hepg2=133757|nadig25jurkat=258202|replogle22k562=308646|replogle22rpe1=240774|wessels23=28490
ZDHHC4,0,0,,7,arch1|kaden25rpe1|nadig25hepg2|nadig25jurkat|replogle22k562|replogle22rpe1|wessels23,arch1=221273|kaden25rpe1=850225|nadig25hepg2=133757|nadig25jurkat=258202|replogle22k562=308646|replogle22rpe1=240774|wessels23=28490
ZFP62,1,1,kaden25rpe1,6,arch1|kaden25rpe1|nadig25jurkat|replogle22k562|replogle22rpe1|wessels23,arch1=221273|kaden25rpe1=850225|nadig25hepg2=133757|nadig25jurkat=258202|replogle22k562=308646|replogle22rpe1=240774|wessels23=28490
ZHX3,1,1,kaden25rpe1,7,arch1|kaden25rpe1|nadig25hepg2|nadig25jurkat|replogle22k562|replogle22rpe1|wessels23,arch1=221273|kaden25rpe1=850225|nadig25hepg2=133757|nadig25jurkat=258202|replogle22k562=308646|replogle22rpe1=240774|wessels23=28490
ZKSCAN1,1,1,kaden25rpe1,7,arch1|kaden25rpe1|nadig25hepg2|nadig25jurkat|replogle22k562|replogle22rpe1|wessels23,arch1=221273|kaden25rpe1=850225|nadig25hepg2=133757|nadig25jurkat=258202|replogle22k562=308646|replogle22rpe1=240774|wessels23=28490
ZKSCAN2,1,1,kaden25rpe1,4,arch1|kaden25rpe1|nadig25hepg2|wessels23,arch1=221273|kaden25rpe1=850225|nadig25hepg2=133757|nadig25jurkat=258202|replogle22k562=308646|replogle22rpe1=240774|wessels23=28490
ZKSCAN3,1,1,kaden25rpe1,4,arch1|kaden25rpe1|replogle22k562|wessels23,arch1=221273|kaden25rpe1=850225|nadig25hepg2=133757|nadig25jurkat=258202|replogle22k562=308646|replogle22rpe1=240774|wessels23=28490
ZNF16,1,1,kaden25rpe1,3,arch1|kaden25rpe1|wessels23,arch1=221273|kaden25rpe1=850225|nadig25hepg2=133757|nadig25jurkat=258202|replogle22k562=308646|replogle22rpe1=240774|wessels23=28490
ZNF174,1,1,kaden25rpe1,5,arch1|kaden25rpe1|nadig25hepg2|nadig25jurkat|wessels23,arch1=221273|kaden25rpe1=850225|nadig25hepg2=133757|nadig25jurkat=258202|replogle22k562=308646|replogle22rpe1=240774|wessels23=28490
ZNF219,1,1,kaden25rpe1,6,arch1|kaden25rpe1|nadig25hepg2|nadig25jurkat|replogle22k562|wessels23,arch1=221273|kaden25rpe1=850225|nadig25hepg2=133757|nadig25jurkat=258202|replogle22k562=308646|replogle22rpe1=240774|wessels23=28490
ZNF22,1,1,kaden25rpe1,5,arch1|kaden25rpe1|nadig25jurkat|replogle22k562|wessels23,arch1=221273|kaden25rpe1=850225|nadig25hepg2=133757|nadig25jurkat=258202|replogle22k562=308646|replogle22rpe1=240774|wessels23=28490
ZNF25,1,1,kaden25rpe1,3,arch1|kaden25rpe1|wessels23,arch1=221273|kaden25rpe1=850225|nadig25hepg2=133757|nadig25jurkat=258202|replogle22k562=308646|replogle22rpe1=240774|wessels23=28490
ZNF251,1,1,kaden25rpe1,4,arch1|kaden25rpe1|nadig25jurkat|wessels23,arch1=221273|kaden25rpe1=850225|nadig25hepg2=133757|nadig25jurkat=258202|replogle22k562=308646|replogle22rpe1=240774|wessels23=28490
ZNF280C,1,1,kaden25rpe1,4,arch1|kaden25rpe1|nadig25jurkat|wessels23,arch1=221273|kaden25rpe1=850225|nadig25hepg2=133757|nadig25jurkat=258202|replogle22k562=308646|replogle22rpe1=240774|wessels23=28490
ZNF282,1,1,kaden25rpe1,7,arch1|kaden25rpe1|nadig25hepg2|nadig25jurkat|replogle22k562|replogle22rpe1|wessels23,arch1=221273|kaden25rpe1=850225|nadig25hepg2=133757|nadig25jurkat=258202|replogle22k562=308646|replogle22rpe1=240774|wessels23=28490
ZNF32,1,1,kaden25rpe1,7,arch1|kaden25rpe1|nadig25hepg2|nadig25jurkat|replogle22k562|replogle22rpe1|wessels23,arch1=221273|kaden25rpe1=850225|nadig25hepg2=133757|nadig25jurkat=258202|replogle22k562=308646|replogle22rpe1=240774|wessels23=28490
ZNF324,1,1,kaden25rpe1,5,arch1|kaden25rpe1|nadig25jurkat|replogle22k562|wessels23,arch1=221273|kaden25rpe1=850225|nadig25hepg2=133757|nadig25jurkat=258202|replogle22k562=308646|replogle22rpe1=240774|wessels23=28490
ZNF397,1,1,kaden25rpe1,7,arch1|kaden25rpe1|nadig25hepg2|nadig25jurkat|replogle22k562|replogle22rpe1|wessels23,arch1=221273|kaden25rpe1=850225|nadig25hepg2=133757|nadig25jurkat=258202|replogle22k562=308646|replogle22rpe1=240774|wessels23=28490
ZNF410,1,1,kaden25rpe1,7,arch1|kaden25rpe1|nadig25hepg2|nadig25jurkat|replogle22k562|replogle22rpe1|wessels23,arch1=221273|kaden25rpe1=850225|nadig25hepg2=133757|nadig25jurkat=258202|replogle22k562=308646|replogle22rpe1=240774|wessels23=28490
ZNF444,1,1,kaden25rpe1,7,arch1|kaden25rpe1|nadig25hepg2|nadig25jurkat|replogle22k562|replogle22rpe1|wessels23,arch1=221273|kaden25rpe1=850225|nadig25hepg2=133757|nadig25jurkat=258202|replogle22k562=308646|replogle22rpe1=240774|wessels23=28490
ZNF462,1,1,kaden25rpe1,5,arch1|kaden25rpe1|nadig25jurkat|replogle22rpe1|wessels23,arch1=221273|kaden25rpe1=850225|nadig25hepg2=133757|nadig25jurkat=258202|replogle22k562=308646|replogle22rpe1=240774|wessels23=28490
ZNF496,1,1,kaden25rpe1,7,arch1|kaden25rpe1|nadig25hepg2|nadig25jurkat|replogle22k562|replogle22rpe1|wessels23,arch1=221273|kaden25rpe1=850225|nadig25hepg2=133757|nadig25jurkat=258202|replogle22k562=308646|replogle22rpe1=240774|wessels23=28490
ZNF507,1,1,kaden25rpe1,7,arch1|kaden25rpe1|nadig25hepg2|nadig25jurkat|replogle22k562|replogle22rpe1|wessels23,arch1=221273|kaden25rpe1=850225|nadig25hepg2=133757|nadig25jurkat=258202|replogle22k562=308646|replogle22rpe1=240774|wessels23=28490
ZNF514,1,1,kaden25rpe1,5,arch1|kaden25rpe1|nadig25hepg2|replogle22k562|wessels23,arch1=221273|kaden25rpe1=850225|nadig25hepg2=133757|nadig25jurkat=258202|replogle22k562=308646|replogle22rpe1=240774|wessels23=28490
ZNF526,1,1,kaden25rpe1,5,arch1|kaden25rpe1|nadig25jurkat|replogle22k562|wessels23,arch1=221273|kaden25rpe1=850225|nadig25hepg2=133757|nadig25jurkat=258202|replogle22k562=308646|replogle22rpe1=240774|wessels23=28490
ZNF530,1,1,kaden25rpe1,4,arch1|kaden25rpe1|nadig25jurkat|wessels23,arch1=221273|kaden25rpe1=850225|nadig25hepg2=133757|nadig25jurkat=258202|replogle22k562=308646|replogle22rpe1=240774|wessels23=28490
ZNF543,1,1,kaden25rpe1,4,arch1|kaden25rpe1|nadig25jurkat|wessels23,arch1=221273|kaden25rpe1=850225|nadig25hepg2=133757|nadig25jurkat=258202|replogle22k562=308646|replogle22rpe1=240774|wessels23=28490
ZNF627,1,1,kaden25rpe1,3,arch1|kaden25rpe1|wessels23,arch1=221273|kaden25rpe1=850225|nadig25hepg2=133757|nadig25jurkat=258202|replogle22k562=308646|replogle22rpe1=240774|wessels23=28490
ZNF628,1,1,kaden25rpe1,4,arch1|kaden25rpe1|nadig25hepg2|wessels23,arch1=221273|kaden25rpe1=850225|nadig25hepg2=133757|nadig25jurkat=258202|replogle22k562=308646|replogle22rpe1=240774|wessels23=28490
ZNF641,1,1,kaden25rpe1,5,arch1|kaden25rpe1|nadig25hepg2|nadig25jurkat|wessels23,arch1=221273|kaden25rpe1=850225|nadig25hepg2=133757|nadig25jurkat=258202|replogle22k562=308646|replogle22rpe1=240774|wessels23=28490
ZNF670,1,1,kaden25rpe1,6,arch1|kaden25rpe1|nadig25hepg2|nadig25jurkat|replogle22k562|wessels23,arch1=221273|kaden25rpe1=850225|nadig25hepg2=133757|nadig25jurkat=258202|replogle22k562=308646|replogle22rpe1=240774|wessels23=28490
ZNF714,2,2,arch1|kaden25rpe1,7,arch1|kaden25rpe1|nadig25hepg2|nadig25jurkat|replogle22k562|replogle22rpe1|wessels23,arch1=221273|kaden25rpe1=850225|nadig25hepg2=133757|nadig25jurkat=258202|replogle22k562=308646|replogle22rpe1=240774|wessels23=28490
ZNF740,1,1,kaden25rpe1,6,arch1|kaden25rpe1|nadig25hepg2|nadig25jurkat|replogle22k562|wessels23,arch1=221273|kaden25rpe1=850225|nadig25hepg2=133757|nadig25jurkat=258202|replogle22k562=308646|replogle22rpe1=240774|wessels23=28490
ZNF768,1,1,kaden25rpe1,6,arch1|kaden25rpe1|nadig25hepg2|replogle22k562|replogle22rpe1|wessels23,arch1=221273|kaden25rpe1=850225|nadig25hepg2=133757|nadig25jurkat=258202|replogle22k562=308646|replogle22rpe1=240774|wessels23=28490
ZNF777,1,1,kaden25rpe1,7,arch1|kaden25rpe1|nadig25hepg2|nadig25jurkat|replogle22k562|replogle22rpe1|wessels23,arch1=221273|kaden25rpe1=850225|nadig25hepg2=133757|nadig25jurkat=258202|replogle22k562=308646|replogle22rpe1=240774|wessels23=28490
ZNF783,1,1,kaden25rpe1,4,arch1|kaden25rpe1|nadig25jurkat|wessels23,arch1=221273|kaden25rpe1=850225|nadig25hepg2=133757|nadig25jurkat=258202|replogle22k562=308646|replogle22rpe1=240774|wessels23=28490
ZNF784,1,1,kaden25rpe1,3,arch1|kaden25rpe1|wessels23,arch1=221273|kaden25rpe1=850225|nadig25hepg2=133757|nadig25jurkat=258202|replogle22k562=308646|replogle22rpe1=240774|wessels23=28490
ZNF786,1,1,kaden25rpe1,3,arch1|kaden25rpe1|wessels23,arch1=221273|kaden25rpe1=850225|nadig25hepg2=133757|nadig25jurkat=258202|replogle22k562=308646|replogle22rpe1=240774|wessels23=28490
ZNF821,1,1,kaden25rpe1,3,arch1|kaden25rpe1|wessels23,arch1=221273|kaden25rpe1=850225|nadig25hepg2=133757|nadig25jurkat=258202|replogle22k562=308646|replogle22rpe1=240774|wessels23=28490
ZRANB3,0,0,,7,arch1|kaden25rpe1|nadig25hepg2|nadig25jurkat|replogle22k562|replogle22rpe1|wessels23,arch1=221273|kaden25rpe1=850225|nadig25hepg2=133757|nadig25jurkat=258202|replogle22k562=308646|replogle22rpe1=240774|wessels23=28490
