context,k,m,R_gamma,R_gamma_lo,R_gamma_hi,R_gamma_own,R_full,R_full_lo,R_full_hi
HCT116,5,1,-0.14877381221730834,-0.5926863237644653,-0.0044476587478271545,-0.0429393139773232,0.0245925356156319,-0.1725090992134526,0.09949064988658322
HCT116,5,2,-0.15740842804775074,-0.5897698291204572,-0.003958786020878606,-0.04298495249071854,0.07822697381863919,-0.1563137379166182,0.16946007953450137
HCT116,5,3,-0.11357775974184042,-0.5667079895175385,-0.0030579543865295873,-0.03378999045682363,0.11702699363915255,-0.1135462586012491,0.21931112199406774
HCT116,5,4,-0.06832313938865117,-0.5051729795169541,-0.0015380046608739824,-0.02781130774412443,0.14698194507321138,-0.06330320718916829,0.25383629627078474
HCT116,5,5,-0.0015795619265725998,-0.4449891378319125,0.00658561575511505,-0.0015795619265725998,0.17969153219118722,-0.022352451550953494,0.27986732062216
HCT116,10,1,-0.08467045179847726,-0.34445422724199326,-0.005563126198377208,0.0002328256759552961,0.08411642620423185,-0.0006880690939393725,0.12362778567429229
HCT116,10,2,-0.08368065533134568,-0.38285090384554565,-0.006763006044193829,0.0005163331708550256,0.1514220905275434,0.015182400391103388,0.20413327968316825
HCT116,10,3,-0.058994933347330795,-0.3837465295735703,-0.00555234004497418,0.0010073814530345,0.20035529512755362,0.02604429846321675,0.2538517499135304
HCT116,10,4,-0.024659479844143843,-0.2973265531446407,0.007280171835742412,0.00143854594827437,0.23219091394952596,0.07867196804087297,0.28915499114976867
HCT116,10,5,0.0013266542599705,-0.23952223900238018,0.03908592308550716,0.0013266542599705,0.26198566298278814,0.10796315297668757,0.31445451607106817
HCT116,20,1,-0.09164268040843249,-0.3806148023998536,-0.021558117227563376,0.018573641656952758,0.11432706443543214,0.02518057824914216,0.1525463259933937
HCT116,20,2,-0.07496578017475575,-0.25370455353292076,-0.025637231543943297,0.024606467476073157,0.18225867630764397,0.10883587870524841,0.2211313686065525
HCT116,20,3,-0.03819948547586574,-0.1747361147080016,-0.007365980125880986,0.025187972219418438,0.22855079288522417,0.12900935877885875,0.2623335040785454
HCT116,20,4,-0.01049145561942809,-0.11335599558526456,0.022375166139598265,0.02252917948297118,0.2597890629445815,0.16378694141097472,0.2975395843361498
HCT116,20,5,0.02293050353009855,-0.0638716129006272,0.05861288212647722,0.02293050353009855,0.2831311476403673,0.19466050762307163,0.3232720997514454
HCT116,50,1,-0.061459600172109954,-0.21277383250955825,-0.020052120527843532,0.055253502978408926,0.15301802844026244,0.10800266154597211,0.17796680643963253
HCT116,50,2,-0.0367961207139976,-0.14934933312209905,-0.0013780274558597844,0.056175282560897266,0.21875954790828422,0.17379064347637982,0.24516776017966244
HCT116,50,3,-0.00906664469679884,-0.07959524776550461,0.018891226393676314,0.05810054961162349,0.26114295629942624,0.2191839500686582,0.2859744236667157
HCT116,50,4,0.023275878058373743,-0.031885329634396144,0.05129651956756346,0.05831599616903897,0.29134808478636487,0.2494067430242309,0.3191184018230938
HCT116,50,5,0.05839490839462705,0.009918010391194545,0.08801661770944519,0.05839490839462705,0.3142896052145808,0.26230417502658987,0.3447971594455954
HCT116,100,1,-0.00976246174241522,-0.06443155057752745,0.018043618124298236,0.11260434698286045,0.20496550323906004,0.1789595551630644,0.22203683742065233
HCT116,100,2,0.008893581744462475,-0.046835874386448345,0.03175780231341173,0.11387123523940754,0.26099027402931607,0.239449427101907,0.28240219676689626
HCT116,100,3,0.04130433807466391,0.0039554767896211335,0.06140317621746942,0.10910088498384801,0.3001339950978562,0.27939772066839763,0.3197535163466548
HCT116,100,4,0.07780248420253355,0.05579953258646487,0.0968197808525547,0.11059573508890827,0.3281663613343179,0.3083978154513914,0.34979645336371945
HCT116,100,5,0.1114180698568154,0.08692223145254763,0.13575529489549448,0.1114180698568154,0.35011956764642405,0.3304931370205406,0.3737261050680254
HCT116,200,1,0.026715938255660703,-0.04054334476305538,0.05623235615033589,0.156276436427135,0.2421826643505613,0.22223101406194828,0.2621102999173342
HCT116,200,2,0.05100412995596472,-0.000615175130262126,0.07483925558162767,0.16036209616294267,0.3002843719333764,0.2725200362560092,0.32505130725583425
HCT116,200,3,0.08417389789552798,0.04059342685630349,0.11163827479538055,0.1581680900243171,0.33421633151422947,0.31265540857601815,0.3574248193769647
HCT116,200,4,0.12128111667391447,0.07733617999564608,0.14485842875999203,0.15515483310128847,0.36024991310028953,0.3346226796175401,0.3805583166391671
HCT116,200,5,0.15342762699842788,0.11245308719173974,0.1883023048995091,0.15342762699842788,0.38181059120911115,0.3586139668540485,0.40608808283095876
HCT116,743,1,0.11356023951738978,0.09792404363778758,0.12248297451213933,0.2521367667053874,0.3204334456713664,0.31355318666534915,0.33398659582843526
HCT116,743,2,0.1630077333724963,0.14367426600517444,0.16763427435908132,0.2680613282213315,0.3820985801236879,0.3757294918183614,0.39741745410182433
HCT116,743,3,0.19828100998686565,0.1797080353559553,0.20442603426790687,0.26692422419188405,0.41499846743210506,0.40898229465830943,0.42818830144631637
HCT116,743,4,0.23257901482282825,0.21443354531193193,0.24009051853617364,0.26591403188785906,0.43727547705208025,0.43280728156141046,0.45026967843516
HCT116,743,5,0.2633307413197995,0.23390842803287334,0.27949411253575246,0.2633307413197995,0.454695254667799,0.44573778282283866,0.4713415562769332
HEK293T,5,1,-0.0900891102219274,-0.3431858988303703,-0.00185057750529201,-0.05330286547554708,-0.0036001356711316793,-0.17592013002155749,0.06768473852339406
HEK293T,5,2,-0.056924501319411215,-0.2754029129036746,-0.0027756553901588624,-0.029379181677544688,0.04646586897883513,-0.15289277344846303,0.10387998674274192
HEK293T,5,3,-0.035707253471274694,-0.28205360191525514,-0.0019742934061674957,-0.001783665349870735,0.07791645418171825,-0.14464841808234377,0.13071538959109008
HEK293T,5,4,-0.01633907222869739,-0.2597663224225094,0.008329546305201595,-0.001345327801042565,0.10199726570496812,-0.12338656303104757,0.15171509922051518
HEK293T,5,5,3.35150952189043e-05,-0.2504209751725117,0.014338148709219177,3.35150952189043e-05,0.10904143336138611,-0.10031520854465423,0.1662057549511483
HEK293T,10,1,-0.061759559187218815,-0.34166984043347254,-0.0009945930260506224,-0.002493505095761739,0.048927922865383444,-0.13932129302276017,0.07510774016853589
HEK293T,10,2,-0.04538068240299337,-0.22887436513815976,0.010829153848299527,0.001669498417615483,0.09074560804226825,-0.04772734285071747,0.11622169009562601
HEK293T,10,3,-0.025366778503915447,-0.24549455066531684,0.005324842362648769,0.0017342524945297352,0.11517448757736022,-0.03603206389684019,0.1440114660235868
HEK293T,10,4,-0.0070590702084562,-0.26746906978135354,0.024989033767920953,0.00197490420839842,0.13379453670709518,-0.053109539032820986,0.1688068552122245
HEK293T,10,5,0.0019783898244206998,-0.3001169938947775,0.07199945217567144,0.0019783898244206998,0.1437096065358901,-0.08110869268441961,0.19981900767668972
HEK293T,20,1,-0.01574525100113726,-0.09451764498547714,0.006146356696104816,0.017102403437641543,0.07799734003868916,0.03811992454266955,0.10240631828462599
HEK293T,20,2,-0.0070984939182048064,-0.06968946547848817,0.01871347745070357,0.023736622527004075,0.11900879446123758,0.07923251794352425,0.14342869498249988
HEK293T,20,3,0.005315401511425675,-0.03995283804834246,0.03333178654917659,0.026898680022938867,0.14296695665319528,0.10130534666384657,0.17021899153527456
HEK293T,20,4,0.01928135909332148,-0.024150584801098548,0.04515669705561539,0.02891289645106589,0.16243528390199252,0.11627476335759715,0.18990795742138128
HEK293T,20,5,0.0295512089339521,-0.015162481861755887,0.05500286404914831,0.0295512089339521,0.17489331124075697,0.1272139594181117,0.20245474859551083
HEK293T,50,1,0.01245774643413833,-0.0035729079016265076,0.03921595331059698,0.06047631109973947,0.11910135881509615,0.08792123882920852,0.14337897660323037
HEK293T,50,2,0.03522544784080846,0.005591524986539413,0.058167300578465586,0.07026506004728189,0.16256073043324082,0.1262731946893709,0.19199108202928544
HEK293T,50,3,0.05305863694713493,0.01749137110778926,0.08190226276495033,0.07472007304193456,0.1880814962082089,0.14978669817907675,0.2203795287630133
HEK293T,50,4,0.06742047760683773,0.029231698231432478,0.10998173520015715,0.07769075122348802,0.20398972329145232,0.167911344114161,0.23974171107965717
HEK293T,50,5,0.07924798544762701,0.03778625053749811,0.12964377480907494,0.07924798544762701,0.2159263392766016,0.17548426261972072,0.2538917931716303
HEK293T,100,1,0.05084923942351338,0.0274572744155524,0.07267440275858528,0.09542146532867443,0.15398643223879124,0.12379903005854732,0.16794393698861013
HEK293T,100,2,0.07199043320765418,0.04382357388802364,0.09421649555421778,0.10863303438903868,0.19705227207574655,0.17251438725467702,0.21710172840167324
HEK293T,100,3,0.09312668436315207,0.058124116658996375,0.1133168008806127,0.11565690025635318,0.2222457633010613,0.19957543783075077,0.24904226606626853
HEK293T,100,4,0.11262710976752552,0.07481539306237754,0.13136639554193127,0.12242262915193869,0.23990156689344022,0.21595516265079365,0.26618887600390084
HEK293T,100,5,0.12332359048837595,0.08712706813337973,0.16145960263197917,0.12332359048837595,0.2518706920854244,0.22798312203011417,0.29285840999330787
HEK293T,200,1,0.08947602506969571,0.06784396074311944,0.10331351455098839,0.13464496416181032,0.190394971202697,0.16788068623490418,0.20945828363208222
HEK293T,200,2,0.11616920122375189,0.09235578835129987,0.13623699243123302,0.1537093248426142,0.23652329467361455,0.21268866844975526,0.2579023190453635
HEK293T,200,3,0.13912900284041244,0.11272222725403457,0.1602251585294503,0.16222807717432727,0.26350386028650863,0.23880097066698835,0.28997784543600097
HEK293T,200,4,0.15710350631017894,0.12814124956846532,0.18320750993556228,0.16826277561078345,0.2819313842452891,0.25661893919462203,0.3098423162818704
HEK293T,200,5,0.17358236409473082,0.13391780554361782,0.20224168724951275,0.17358236409473082,0.2952131922797564,0.2686418828177246,0.32436265585140805
HEK293T,743,1,0.15966606025329297,0.15557833806562532,0.16435024752335592,0.20660466038660857,0.25462907728535733,0.2518597706009188,0.26457670381691617
HEK293T,743,2,0.19528834733303188,0.1937434520223565,0.20404929298847255,0.23207814937823615,0.30718865822193486,0.2986181146875565,0.31777238208427167
HEK293T,743,3,0.22431605837572435,0.21817005953229518,0.23226169859185722,0.2472456761291868,0.33743831927200657,0.32491008030382124,0.34790276810599724
HEK293T,743,4,0.24771222914503435,0.23782232985059218,0.2547492114980812,0.2582084948186066,0.35857875227943437,0.34306027131666267,0.3686594346427123
HEK293T,743,5,0.2664435171260003,0.2540378173825509,0.2732270434730874,0.2664435171260003,0.3738602606961214,0.3566860956509988,0.38424248539410044
HepG2,5,1,-0.13287490297990456,-0.6211425828802235,-0.032700347688163524,-0.01690304193425372,0.0751821777787416,-0.13120508307799078,0.14961104273583078
HepG2,5,2,-0.11052350388054952,-0.4406119526548905,-0.02782285450218287,-0.00921367331548914,0.15645029364218815,-0.03845522274854632,0.21164748040016296
HepG2,5,3,-0.080858308041759,-0.30898420002092797,-0.019809137752971672,-0.0015944992759939001,0.21431138739393338,0.018565450003089012,0.2584399112689705
HepG2,5,4,-0.03442162901126339,-0.1825243658158496,-0.00563287196017191,0.0005405426911711463,0.24611840279042196,0.07266183564956392,0.28195552171816796
HepG2,5,5,0.0005230211891267,-0.1055771450864052,0.06176114883879284,0.0005230211891267,0.2743734585669443,0.11652795967063875,0.31000355880516944
HepG2,10,1,-0.1331856733492634,-0.2638539367513498,-0.00639037231554853,0.01515514811514368,0.11375174162068485,0.05515996226839863,0.1548705529540175
HepG2,10,2,-0.10978220914754627,-0.20021952148068323,-0.008383079775373718,0.02547001404545723,0.1867197036405121,0.09791283593900714,0.2334098100275858
HepG2,10,3,-0.06178354092917774,-0.13871162357060052,-0.0077274407476964815,0.018526867540684437,0.2330964269313243,0.1333300265485986,0.2752623921251706
HepG2,10,4,-0.016062207632327033,-0.09717760965794899,0.035053925338926255,0.01750329010135639,0.2727076309616374,0.1632903076458925,0.31374688677586365
HepG2,10,5,0.0205803195757795,-0.05654649298242883,0.10486547023869532,0.0205803195757795,0.30110860027931297,0.18885942065268996,0.34436001501217806
HepG2,20,1,-0.05954249199346545,-0.1931118634218757,-0.0029448220330856997,0.061406854587380946,0.1533722518767653,0.11289843268628967,0.1989961370323084
HepG2,20,2,-0.0489333214068946,-0.15804950732485923,0.006117582854670437,0.07020222399148543,0.23123497701508625,0.18035985846335467,0.2708427283472619
HepG2,20,3,-0.01838242794881153,-0.08773188485062461,0.028024459179177875,0.06997045002487355,0.2805511278333846,0.2299360377438801,0.3130602688395254
HepG2,20,4,0.019895069025088807,-0.039204283120330245,0.08572260947970038,0.05978667718210839,0.30823473193086226,0.26733470110831037,0.35200395838112186
HepG2,20,5,0.056848702753131405,0.004313139037459623,0.13799879080313868,0.056848702753131405,0.3319403983682653,0.2947406751783024,0.3782686749701802
HepG2,50,1,-0.0162080579676414,-0.08905554281152109,0.03226926336438424,0.13936261067919642,0.22960524343677832,0.1682306746082719,0.2547730603350689
HepG2,50,2,0.012683292658294642,-0.04662394770522321,0.06244584984480508,0.15111924104168453,0.29358206086268746,0.2382522972067311,0.32466809984134304
HepG2,50,3,0.05590807431369138,-0.004217594542499387,0.09438613128879682,0.14760476217258556,0.3360107414129978,0.28550248183787175,0.36548427063364924
HepG2,50,4,0.09761284410343148,0.03411041557649176,0.13147049796700924,0.1446709484839002,0.3613655422072126,0.31135073435366684,0.39409251936610307
HepG2,50,5,0.14459168034736136,0.06982848390334974,0.17915793125362783,0.14459168034736136,0.38547537886630895,0.32878661546503546,0.4157958463924482
HepG2,100,1,0.04331802963005782,0.0059086685543377525,0.08075480612173175,0.20611407448153365,0.2877979814253031,0.23379250502481055,0.3129076461449032
HepG2,100,2,0.08486152264007343,0.04913061798733573,0.12278348278684052,0.21808176247097127,0.35290197085650954,0.306237959967676,0.37811205712719886
HepG2,100,3,0.13069978827563125,0.07921752134830493,0.15987996049966016,0.2163958560127479,0.3885160056385053,0.3430843527766863,0.412447345958649
HepG2,100,4,0.17138680296766917,0.10373031826070915,0.20531918165277036,0.21473740679585268,0.41489974355846515,0.3680257294190915,0.43622390793343624
HepG2,100,5,0.210487923882404,0.11992498822951632,0.24218026247290123,0.210487923882404,0.43536630694342093,0.37928904469385205,0.45606908227179394
HepG2,200,1,0.09714728023819995,0.06980087207149521,0.12335351504704167,0.2606887048152603,0.33711770996360246,0.3080148384347345,0.35180520715653457
HepG2,200,2,0.15196258520905967,0.12296860407198254,0.17597893813788687,0.2797703570782405,0.4024422133069543,0.37894896537124517,0.4202231123333481
HepG2,200,3,0.19856941457943084,0.17064276599336584,0.21963468159263408,0.28023795064517415,0.4362435083642581,0.41649020274511145,0.45724908391398084
HepG2,200,4,0.23875769361326796,0.2065633978853513,0.2604167111622452,0.2784738377294187,0.46006174006546524,0.43973079112966335,0.4802174793784824
HepG2,200,5,0.2760488512944772,0.2403731489350387,0.29936444400476747,0.2760488512944772,0.47801497495668405,0.45717559493156146,0.49699706729508203
HepG2,743,1,0.1751691628759695,0.1722526983555938,0.17652191627724503,0.33706902316158743,0.4017882898700494,0.3981300722467576,0.40722595947519297
HepG2,743,2,0.26051888392080635,0.25777258191311175,0.2615842539818236,0.38214662852123615,0.4803365653916759,0.475647175803997,0.4869290484010866
HepG2,743,3,0.31409066122611484,0.31061373043849255,0.31654262492948104,0.3930401289025384,0.5170489586876064,0.5120372822487756,0.5243220613285517
HepG2,743,4,0.35868670264491803,0.35330442593374234,0.36209380797323226,0.3960886275516781,0.540827933919642,0.5355053397351479,0.548460186898421
HepG2,743,5,0.3966823301327118,0.3895148494110592,0.40086682993162615,0.3966823301327118,0.5583857827068966,0.5527201914085436,0.5662002990594781
Jurkat,5,1,-0.11739793155914018,-0.361160574861727,-0.006592011612115347,-0.031313991597266846,0.05362478839417978,-0.019164299117753462,0.1109919189680308
Jurkat,5,2,-0.1044282332480773,-0.3196689267854082,-0.011818003875499071,-0.016803132691433274,0.11012416248619537,0.034677115679310935,0.17153063673831914
Jurkat,5,3,-0.07915422024452044,-0.2394506074423403,-0.011321324560270674,-0.006733960191662087,0.15269403037981777,0.070629121134828,0.2051749676393321
Jurkat,5,4,-0.03755355381340163,-0.18694064527115747,-0.0017440933904915741,-0.0011269922797609501,0.18058725982907653,0.10823620194242221,0.24211816647785642
Jurkat,5,5,0.00012659136115780002,-0.1760072011506976,0.02567351021163245,0.00012659136115780002,0.20474602008351278,0.09050439524893586,0.2592017512823716
Jurkat,10,1,-0.08886237956582302,-0.2964421427759475,-0.020707957821066065,0.0012910314029559102,0.0885726895577616,0.005951733681123687,0.11211417293631493
Jurkat,10,2,-0.08433584142618386,-0.3208262773592084,-0.01574431478325007,0.00271221376336072,0.14799731651695458,0.02483165791557367,0.18120365037168001
Jurkat,10,3,-0.058192247332098934,-0.2803252305035405,-0.0023925291237755094,0.004529660404887715,0.19022513133611554,0.06347979011493364,0.22034798905245337
Jurkat,10,4,-0.02484048077371323,-0.23234171493220407,0.016055070805031494,0.00449816806283821,0.21962618377516174,0.08572631147757621,0.2502267111357407
Jurkat,10,5,0.0056186231585835,-0.17417794200229766,0.05121134850062899,0.0056186231585835,0.24184880233887335,0.11292312966772684,0.27646995029725735
Jurkat,20,1,-0.06980520465349485,-0.13558430018318302,-0.012197777822870473,0.020845833292211242,0.11857479419960272,0.08423584685991686,0.14647036949687842
Jurkat,20,2,-0.05302141423966425,-0.1124962669745378,-0.0034583296232641265,0.02675410200587252,0.18264306876994843,0.13796584817795654,0.21798907109508095
Jurkat,20,3,-0.024381358140269965,-0.07642300056115126,0.020083007600633643,0.030935739321724876,0.22512091273834417,0.17767421737195271,0.2649627768604128
Jurkat,20,4,0.0023862512646063098,-0.03720801410986732,0.05572836772088539,0.035628625831542166,0.2539713430349167,0.1965585438020747,0.2985889043839969
Jurkat,20,5,0.03864886972352785,0.0022396944304848305,0.09432650309163193,0.03864886972352785,0.2760926204544363,0.2081837907830036,0.3241223123831537
Jurkat,50,1,-0.02331531073436116,-0.08276691613054771,0.008522778147609971,0.07482034021439676,0.1668285203174415,0.12505484118248436,0.19061221680597168
Jurkat,50,2,-0.0020083743826473655,-0.04902687778048064,0.03580408409750339,0.08566475582627228,0.2317987217044284,0.18560295405927146,0.2575037811426102
Jurkat,50,3,0.02985296801238138,-0.007709149643062434,0.06786339780330174,0.09032801889205722,0.27071903848391365,0.2283185668830564,0.29935908046386894
Jurkat,50,4,0.06433038638373495,0.019225167889039246,0.10496389638471193,0.09410422855154404,0.29857617898746164,0.25697978602642735,0.32989214049459464
Jurkat,50,5,0.0973077078061764,0.039756080941092994,0.13591478726532613,0.0973077078061764,0.3215314891297161,0.27612526952575567,0.35396192737617754
Jurkat,100,1,0.02068760938812972,-0.030346861963870375,0.05290636287608921,0.1323667159385704,0.2225578036813739,0.18844089753487642,0.24313918378549662
Jurkat,100,2,0.05542003496649859,0.0111199316942359,0.08446200905982877,0.149345168465083,0.2894600461225571,0.262771780598802,0.30823727287712227
Jurkat,100,3,0.0943358821594833,0.054437822235513675,0.11289165719964118,0.15541774513361542,0.32818097594136025,0.29842640759953026,0.3472697453736588
Jurkat,100,4,0.13133939582524956,0.09556254359613846,0.14879904640653385,0.15831219450337952,0.35433918297509875,0.3242005226811277,0.3762137000981765
Jurkat,100,5,0.16157833631424356,0.13259760574117418,0.18723325170094274,0.16157833631424356,0.3756061558908545,0.3442388028889322,0.3979852699662004
Jurkat,200,1,0.06877434631044693,0.04200821497292919,0.10095987133296347,0.18552586081154265,0.2726182806431082,0.2436876237316988,0.2929045916805892
Jurkat,200,2,0.11473694821740596,0.09023009845180417,0.14602956764241914,0.20671429213187037,0.3373908642494823,0.3112311843158656,0.3591629727426544
Jurkat,200,3,0.15248283799406154,0.13029460777532997,0.18083157185341525,0.2125760251145023,0.37317479443457013,0.3462606094762831,0.3959959305244115
Jurkat,200,4,0.1855456364169187,0.16618164584631265,0.21387946594354876,0.21558791944454492,0.3986175676262539,0.3717329640795499,0.4218919889974476
Jurkat,200,5,0.21806540171658984,0.19884488551298485,0.24385021224879438,0.21806540171658984,0.41829257272801235,0.3903877936619044,0.44177827304610373
Jurkat,743,1,0.15645464725574604,0.15209085814657816,0.1614527036594509,0.274000049594212,0.35521281025312107,0.34326318434356606,0.36158166571250444
Jurkat,743,2,0.22305402551213444,0.21668234093628574,0.2251837996469804,0.30964658102826764,0.4290384257403025,0.4157547984744707,0.4363575136206896
Jurkat,743,3,0.26544026917621694,0.2607764180103293,0.26883738183829586,0.31945517307876703,0.4649953560353229,0.45151944521317655,0.4731984562269812
Jurkat,743,4,0.2994474344438306,0.2963371914255803,0.30435420442843053,0.3243935773833688,0.48899174384309907,0.4755720035775114,0.49766623247696257
Jurkat,743,5,0.3281870838550598,0.3264710020162974,0.33502724195752837,0.3281870838550598,0.5070388889274661,0.49381629302770247,0.5160287033697882
K562,5,1,-0.10396532804916446,-0.38991496396188763,-0.0008279012001001422,-0.017479724148344894,0.06711565499629578,-0.002817505008547805,0.11766555729040812
K562,5,2,-0.09329519482534684,-0.30201444874103556,-0.0010671752482672577,-0.01526106041454817,0.1415069552876109,0.049800687098718294,0.19081145452397802
K562,5,3,-0.06930238453863792,-0.22177770356267715,0.0007245648212063697,-0.006559657433103444,0.19191781510093073,0.06603953165236559,0.23986469667882085
K562,5,4,-0.03186069200384158,-0.14929302644072312,0.000700022936286268,-0.0036103056502239596,0.23291773201260013,0.07879581820312546,0.2776830530222058
K562,5,5,0.00014211263254534999,-0.1046050608837942,0.014225000241446312,0.00014211263254534999,0.2612005562822452,0.0888714288981327,0.3040860096381837
K562,10,1,-0.0597430480239111,-0.19984013114618332,-0.00973160953945784,0.001803642232273957,0.10755692133515878,0.06377044172572639,0.14179179585570553
K562,10,2,-0.058353725885487664,-0.1808237757940357,-0.012112804742207026,0.00392616992236171,0.1785455846343528,0.12557914780461493,0.21357705273233718
K562,10,3,-0.04047034557454061,-0.12087711167779804,-0.00971753482140624,0.00385729783059013,0.22883339948996284,0.1649242685770326,0.2648970859449217
K562,10,4,-0.014029497962659988,-0.05985773529799141,0.014651542343889162,0.0036510079033485205,0.26210914851759903,0.19589985824820005,0.309942238501431
K562,10,5,0.004083371096824,-0.022206346127859884,0.07264444136564811,0.004083371096824,0.28759412130186884,0.21386593056366712,0.35207919290758116
K562,20,1,-0.06325440346869297,-0.15300514961082431,-0.02108954806225994,0.02533661053802426,0.13853318224570182,0.09329173568535801,0.17297331638987304
K562,20,2,-0.047066775920295734,-0.14309927239071837,0.0025432266275900923,0.03270102979007924,0.2112335091303434,0.15723761233514094,0.24966753743664571
K562,20,3,-0.023341973889778902,-0.08884972267515068,0.04085980797411699,0.035141863044389814,0.2593495029073336,0.20391914980902812,0.3029767285858677
K562,20,4,0.00816215068563898,-0.033628975118367065,0.07204684033184407,0.03634737637342543,0.29381150985651505,0.23867828602869456,0.34074553944224817
K562,20,5,0.037416266979315,0.0012114232742706506,0.10862168069982638,0.037416266979315,0.3196541197148798,0.2651842524486449,0.3699094715253258
K562,50,1,-0.013617076756684702,-0.06489396036880392,0.014897933749215513,0.08533599623475255,0.1937702296634729,0.1369092920774583,0.23369109854105682
K562,50,2,0.008018536094645656,-0.038229077523831846,0.052361343276535265,0.10297916444871169,0.2687445714749267,0.19869485363074274,0.3085785572409033
K562,50,3,0.04339764807840181,-0.010476198817326067,0.0926238432784765,0.11282559691731911,0.3172652548592535,0.2451268710439635,0.35650699673252606
K562,50,4,0.0901088576902116,0.018237661670513678,0.1400859321288105,0.12363391967409115,0.35822558880014194,0.2754536844624938,0.3910702940024607
K562,50,5,0.1303109894774612,0.0373533052949907,0.17353137919673792,0.1303109894774612,0.38544549824939156,0.30136633761918014,0.4174269934926204
K562,100,1,0.051407177919310536,0.021414012266199038,0.08483648703984141,0.16016456841781912,0.26068120817563173,0.21438843705908278,0.28385873885184987
K562,100,2,0.08708747360110124,0.049510567533049124,0.11768697309622216,0.17401487497564488,0.3309842613356534,0.275629803168827,0.35681518921089866
K562,100,3,0.12404483892922066,0.08107414934633429,0.15384439069417655,0.1804196678270244,0.3739843762530455,0.32209978847676374,0.4021228992993182
K562,100,4,0.15953558131285753,0.08587049639033155,0.18899829032561766,0.18592941192520063,0.4058810909395336,0.3441571593993656,0.43479566692531674
K562,100,5,0.1913074604750425,0.15835720201643377,0.22448838210274835,0.1913074604750425,0.4296253337794145,0.3902979195326119,0.4599438001756546
K562,200,1,0.11141995094574092,0.0815890959653922,0.1350705572789409,0.22141711900312644,0.3152044048696483,0.2832926758078458,0.3368591762557289
K562,200,2,0.15622074586907142,0.12118953216972604,0.18200835961767747,0.2449336989791419,0.38836935585107624,0.3613825972369548,0.40916997861250376
K562,200,3,0.19566933480829002,0.16044139955728068,0.221006893424117,0.2529308243657153,0.4294008703566654,0.4048868856700106,0.4506246298511442
K562,200,4,0.23243470093049579,0.196696322654173,0.258812827311055,0.2581042286680999,0.4582705391741429,0.43520530664275847,0.48013618802799457
K562,200,5,0.2619909404440879,0.2291149997742774,0.28858800741323337,0.2619909404440879,0.4798898493095697,0.45730884038838077,0.5024661463006869
K562,743,1,0.1980316197331258,0.1915139768648656,0.20653479367027236,0.3081819514253282,0.39196449567524044,0.3870530381155048,0.3999611439279591
K562,743,2,0.26203323766824205,0.25580396111461473,0.2717966288914126,0.3476620341904548,0.47136532604558623,0.46508475924502024,0.48008711807527665
K562,743,3,0.3052498777197571,0.29953514406345705,0.3156630996964216,0.359171121804491,0.510705233684891,0.5037009269168425,0.5196999443525812
K562,743,4,0.3410116503253258,0.3354627084239577,0.35171402630174425,0.36605997321074046,0.5372283924877702,0.5297847130082051,0.5464839390955469
K562,743,5,0.3714387081671888,0.3658285701360333,0.3822212380523115,0.3714387081671888,0.5570258483666278,0.5493149553953927,0.5665492144511608
RPE1,5,1,-0.06001515073453476,-0.19338402687587383,-0.006038552765081145,0.014455799684336114,0.08521207050195337,0.021151463749987682,0.122366036342437
RPE1,5,2,-0.04284489735502964,-0.17278673696090954,0.0046447796344560545,0.02561323358785842,0.15083041176896553,0.06162098214007867,0.19797037548449695
RPE1,5,3,-0.011919093036979665,-0.11024044731792486,0.033742984844065405,0.03815185531952471,0.1960020417402707,0.08343912121539238,0.24735952601576316
RPE1,5,4,0.01102335908811815,-0.03307747073433326,0.06901389145855016,0.041797248371541765,0.23220428611623767,0.1020851179274513,0.2782408259790317
RPE1,5,5,0.04612397408706945,0.0001770199999762275,0.09909630225718878,0.04612397408706945,0.2543003713566395,0.11816563748462343,0.30273750869306654
RPE1,10,1,-0.02481717337050244,-0.11462206659391051,0.04720089016217807,0.042634288838687154,0.11878383423065289,0.05820363619044272,0.1866657603020963
RPE1,10,2,-0.011535767077385543,-0.0707151030341244,0.09130563498002288,0.05499364174478011,0.17999530314545253,0.11799683486585055,0.2624762314456143
RPE1,10,3,0.012420441873180532,-0.03464041406728005,0.12672746052507483,0.06762158783347372,0.22939903970561126,0.15771695096597857,0.31195564165402956
RPE1,10,4,0.045149556029098925,-0.012501479099522143,0.15807008601723388,0.07468782504872447,0.260946958589795,0.18110001515141377,0.34594764919288007
RPE1,10,5,0.07729517712834184,0.00017851354663675023,0.18535547718551298,0.07729517712834184,0.286422698088752,0.21413705697281898,0.3709314757455095
RPE1,20,1,0.03234054220608085,-0.02386964870753357,0.07368449372963777,0.10659877806150353,0.17769081821352317,0.1037230412982152,0.22530434316263986
RPE1,20,2,0.06462080282502475,-0.021460043171285123,0.1092009349991593,0.1334372003301127,0.25051164995056024,0.1668210894874482,0.29479939093998325
RPE1,20,3,0.09591965551755,-0.010439449155259167,0.13969883193833244,0.142417773028843,0.2958568865130873,0.20489634746507207,0.3322722559417676
RPE1,20,4,0.1269168052274303,0.009567482309203583,0.17333964798682666,0.15007460562271724,0.32580118402706476,0.23333745204589273,0.3584346798149392
RPE1,20,5,0.1520695087646758,0.03129828101468789,0.21190963704366045,0.1520695087646758,0.34708102960917575,0.2529125130762009,0.3811186038577058
RPE1,50,1,0.09804077112758505,0.03860955736611204,0.13033546864066764,0.18259245159877738,0.2511277588209512,0.18405321510272685,0.2802843142064816
RPE1,50,2,0.1366197561838335,0.0752280962709763,0.16829491419065903,0.2031531512668005,0.312275566949722,0.2600925791968287,0.341235570476494
RPE1,50,3,0.1699270716371235,0.10595425549907239,0.20059312685996208,0.21350820986813213,0.3511399433072931,0.30406349070612826,0.37753011390613517
RPE1,50,4,0.19775475270600684,0.13163924624793966,0.22962801385976453,0.21772592268261798,0.3783977232694477,0.3313700343775934,0.40375240258815476
RPE1,50,5,0.22243433697787346,0.15633179356433038,0.2614837286998095,0.22243433697787346,0.39787413001785044,0.3523653389393723,0.42374918904717623
RPE1,100,1,0.14762321400954026,0.11188681493265529,0.17020363966276858,0.23701629861412837,0.29715605767979625,0.28029164728288697,0.31739936251434014
RPE1,100,2,0.18529683822952078,0.14798524944381167,0.20792965557950774,0.2612142248090608,0.3575013730374858,0.33634042028089206,0.3751319563799331
RPE1,100,3,0.21814959430526257,0.18774418744981936,0.24217161198767231,0.2727139837460645,0.39306212929001894,0.37300638190231045,0.40973797133845324
RPE1,100,4,0.2499937676641126,0.22536734939313557,0.2729340156587567,0.2758877012460917,0.41807300651396695,0.39982257418681333,0.43431312774917025
RPE1,100,5,0.27739017358606266,0.2548361181823814,0.3051865391908516,0.27739017358606266,0.43714387564146795,0.4208013927621374,0.45340746916590374
RPE1,200,1,0.19125307662374158,0.17196294646144067,0.2051507995195348,0.27759678696401097,0.33568670735445694,0.3145342624678038,0.3495260313092758
RPE1,200,2,0.2329748147548566,0.21761480906572903,0.2499595351661972,0.3079945300459366,0.3979114618516014,0.3815253474508883,0.41043405175247466
RPE1,200,3,0.26838106410628326,0.2504792898186391,0.2854364110499286,0.3176241161561153,0.43176521956134944,0.418451179609221,0.44491442258961905
RPE1,200,4,0.29840737235901305,0.28043591607980467,0.3151323333043064,0.32151332819235373,0.4559081661381372,0.44147207355720436,0.4682417993786835
RPE1,200,5,0.32422568142687685,0.30701146034122917,0.342811802688241,0.32422568142687685,0.4744972369954924,0.45935826628319004,0.4860639893872388
RPE1,743,1,0.24807022080476976,0.24262702803521455,0.25210163905186056,0.33843938061849765,0.3912957889659508,0.38785578007058025,0.39387256058786974
RPE1,743,2,0.3128618349474527,0.3065766575502384,0.31451913761689093,0.38364565820008145,0.46206919005038527,0.458928893187625,0.4656824651987909
RPE1,743,3,0.3531298414372922,0.34674250527044975,0.3538183241934718,0.3992405497082368,0.4968674315666043,0.4943828191703082,0.501408130374773
RPE1,743,4,0.38421312112125366,0.37905523429942944,0.38654064084804574,0.40694827909064435,0.5205237707905256,0.5180995062081195,0.5253903636242307
RPE1,743,5,0.4117348356475222,0.40625130130045695,0.4142729391529491,0.4117348356475222,0.538344816542022,0.5359549133607847,0.5435112141857508
HCT116,0,1,-3.713302860821053,,,,-2.985359591623443,,
HCT116,0,2,-0.07805528040970686,,,,0.15028408076153782,,
HCT116,0,3,-0.08279976513329737,,,,0.20527580127441922,,
HCT116,0,4,-0.04896575265952668,,,,0.23653078670282907,,
HCT116,0,5,0.0,,,,0.2567866803136208,,
HEK293T,0,1,-4.267950765292367,,,,-5.167972467116546,,
HEK293T,0,2,-0.10320263188584908,,,,0.04969730870694152,,
HEK293T,0,3,-0.11281315144417263,,,,-0.01166611913287024,,
HEK293T,0,4,-0.06577814002447788,,,,-0.06706622205121719,,
HEK293T,0,5,2.1739038440382976e-16,,,,-0.1085348917998034,,
HepG2,0,1,-1.1940854264637448,,,,-0.5993898381084752,,
HepG2,0,2,-0.01919539017400072,,,,0.12194332159862246,,
HepG2,0,3,-0.022746323739059084,,,,0.18735083485307696,,
HepG2,0,4,-0.014030119358111801,,,,0.23204685855288493,,
HepG2,0,5,-7.046190139591646e-17,,,,0.2650949415712385,,
Jurkat,0,1,-1.2085818445487218,,,,-0.796568494703283,,
Jurkat,0,2,-0.02256765034818306,,,,0.11539517932272489,,
Jurkat,0,3,-0.02508407194756749,,,,0.1753047862164266,,
Jurkat,0,4,-0.01516540678604244,,,,0.21539917787028684,,
Jurkat,0,5,3.798176898662573e-17,,,,0.2445277238731053,,
K562,0,1,-2.023819429817783,,,,-1.3822168648566335,,
K562,0,2,-0.036539012028237325,,,,0.14125307698113085,,
K562,0,3,-0.040508942284766425,,,,0.21264960875270308,,
K562,0,4,-0.024579280365510638,,,,0.2593615384082887,,
K562,0,5,5.467136714082356e-17,,,,0.2928911554987749,,
RPE1,0,1,-0.5224673492143427,,,,-0.1901196034597809,,
RPE1,0,2,-0.00843334896029398,,,,0.0817480169527591,,
RPE1,0,3,-0.01014607876888012,,,,0.12733911688193508,,
RPE1,0,4,-0.006269120055287019,,,,0.15867084255354427,,
RPE1,0,5,1.6246293828549568e-17,,,,0.1818469343549402,,
