fold,target,agreement,transfer_cosine_c1a,n_sources_c1
H1,ACAT2,0.0366077976236964,0.0486908245403196,2
H1,ACVR1B,-0.0097543619400636,0.0243570171568168,2
H1,AKT2,0.0372860154357812,0.0351195212512118,2
H1,ARID1A,0.0374248176880966,0.0360332949256267,2
H1,ATM,0.0221875639402146,0.0547319329401531,2
H1,BIRC2,0.0313794289377437,0.0369727097315181,2
H1,BRD9,0.031260197917559,0.0090558638452998,2
H1,C1QBP,-0.0517037343915952,0.0671767993381726,2
H1,CALM3,0.0141724086160359,0.0346662548448631,2
H1,CASP3,0.0525276280647618,0.0645853088668161,2
H1,CAST,0.0262275702800822,0.0466498553751361,2
H1,CDCA2,-0.0409367817625256,-0.0192186224372256,2
H1,CREG1,0.0283763687205262,0.0237597353659793,2
H1,DAXX,0.028934475275538,0.0383107643606932,2
H1,DHCR24,0.0070784177857207,0.0215350331296047,2
H1,DHX36,0.3490525229691318,0.249108902474888,2
H1,EID2,-0.0319365716232748,0.0117169310488252,2
H1,EIF4B,0.0410141413128515,0.0561325134788227,2
H1,EPB41L2,0.0559014264594051,0.0701052182503947,2
H1,EWSR1,0.1158265489283886,0.1402011250338875,2
H1,GSK3B,-0.0129505299529217,0.0280364710838462,2
H1,HAT1,0.0257091189208663,0.0151108645457346,2
H1,HMGB2,0.0432515317616206,0.0495782575927944,2
H1,HMGN1,0.0243918699271272,0.0421192229046515,2
H1,HSBP1,0.0328012312333464,0.0641271632268524,2
H1,IDE,-0.0356244468638015,0.0243157917640064,2
H1,IGF2R,0.0022927507775587,-0.0016338950084899,2
H1,INSIG1,0.0178613314223512,0.0079523757517102,2
H1,IRF3,-0.0022250691182564,0.0460029469509413,2
H1,KAT2A,-0.0014234448484915,0.0058481307226841,2
H1,KDM1A,0.2182582522954684,0.1982753528647828,2
H1,KDM2B,0.0071044528514084,0.0089863613685296,2
H1,KIF1B,0.0175427107123471,0.0137424081532636,2
H1,KIF20A,0.1862735656376906,0.1710004121795794,2
H1,KLF10,-0.0069932794692877,0.0382402239826189,2
H1,LRPPRC,0.035160872462125,0.1123327602193357,2
H1,LZTR1,0.0133945559858633,0.0627472736404717,2
H1,MAPKAPK2,-0.0152386223325501,0.0118135932036919,2
H1,MAST2,0.0236014368618173,0.0122983737474862,2
H1,MAU2,0.0243282075517832,0.055569424379512,2
H1,MBTPS1,0.0880566530340774,0.1133682481305505,2
H1,MED1,0.1214337456870422,0.0810333318721239,2
H1,MED12,0.4246839664972741,0.0578260574264291,2
H1,MED13,0.0775308048849433,0.0491961421421536,2
H1,MED13L,0.0489741310102371,-0.001291892768163,2
H1,MED24,0.0777234573703451,0.0505259464181543,2
H1,METTL17,0.0315569640285251,0.0417745028516149,2
H1,METTL3,0.1269955784936189,0.1711922037436781,2
H1,MTA1,-0.0046289629036545,0.061888230992323,2
H1,NDUFB4,0.0646470655208371,0.023285277074976,2
H1,NDUFB6,0.0273908531383196,-0.0066165383002439,2
H1,NISCH,0.0159189109919112,0.0485681833670164,2
H1,NIT1,0.0023814551745458,0.0325116153682945,2
H1,NRAS,0.0041010140760941,0.0088046300430848,2
H1,OXA1L,0.2559254937186797,0.1485714528042332,2
H1,OXCT1,0.0014378888228761,0.0868331645612353,2
H1,PAGR1,0.0171377537496914,0.0528611518466393,2
H1,PHF10,0.0465910855930099,0.0820447344522564,2
H1,PHF14,0.0530372951089203,0.0387987916193573,2
H1,PLCB3,0.0426095138328758,0.0087575795678454,2
H1,PMS1,0.0234049098274504,0.0193424577235105,2
H1,POLB,-0.0275313414227923,0.0160353079031663,2
H1,PRCP,0.0410787899751393,0.0898086823632006,2
H1,PRR12,0.0302128516729248,0.0244277918375735,2
H1,PTPN1,0.0673314135131396,-0.0266770414506816,2
H1,RNF2,0.0246413727502154,0.0451883143795128,2
H1,RNF20,0.12036718889733,0.1140190141018469,2
H1,SAFB,0.0541612410462426,0.0481494911081461,2
H1,SHPRH,-0.028864422313745,0.0374543951582889,2
H1,SIN3B,0.1109746213899869,0.1590085777109493,2
H1,SLC25A3,-0.0040335412588335,0.0477080997469497,2
H1,SLC39A6,0.1565190809395966,0.1279726711844184,2
H1,SMAGP,0.0675886309272496,0.055797728155799,2
H1,SMARCA4,0.0355997153569689,0.0215492034782259,2
H1,SMARCA5,0.1298240852389829,0.0772419458015561,2
H1,SSBP1,0.0501658497928077,0.0814643295572393,2
H1,STAG2,0.0678800254075785,0.0543138841781485,2
H1,STAT1,0.0267112263929656,0.0532209847292041,2
H1,STAT6,0.0127246120675957,0.0214636818837728,2
H1,SUPT4H1,0.0278611388774422,0.0135886518980936,2
H1,TADA1,0.2310495591562041,0.1007392551262045,2
H1,TAF13,0.1783030670358555,0.1863402238758546,2
H1,TARBP2,-0.0032771513560543,0.0221054402174937,2
H1,TCF3,-0.014123152481445,-0.0053433256330726,2
H1,TFAM,0.0226915295844667,0.0985527360666149,2
H1,TMBIM6,-0.0386277566336485,0.0287386868921118,2
H1,TMSB10,-0.0101622384436084,0.0817074083627096,2
H1,TRAM2,-0.0126264081076437,-0.0027299358548102,2
H1,TRAPPC6A,-0.0062328462230127,0.0251938489204863,2
H1,TSC22D4,0.0469561627622208,0.0664092377978604,2
H1,TWF2,0.008959654906202,0.0223076347902782,2
H1,TXNDC9,0.045367904038161,0.0266500936232213,2
H1,UBE3C,-0.0397994559833392,0.0350937224161473,2
H1,UQCRQ,0.1338589035836726,-0.0198549710555142,2
H1,USP22,0.1139761736459938,0.0211217678905248,2
H1,WSB2,0.025979315185766,0.0227405291203646,2
H1,ZNF286A,0.0333157191610279,0.0271750371215784,2
H1,ZNF426,0.0135288722817242,0.0268736110673727,2
H1,ZNF562,0.0234280367063435,0.043758071218435,2
H1,ZNF593,-0.018559036848902,0.0328511911142436,2
H1,ZNF714,0.0283720029933814,0.0726687060934413,2
K562,ACLY,0.1827563289534767,0.088905522493461,2
K562,ADNP,0.0965943282629465,0.0557569179950706,2
K562,AKT2,0.0676634768275206,0.0595325897116489,2
K562,ANKZF1,0.1783645434937748,0.0899673446435049,2
K562,BRPF1,0.1652765408655209,0.0931167047232145,2
K562,HDAC8,0.014738513072176,0.0384867944538805,2
K562,HSBP1,0.0450755354199029,0.1278365907392741,2
K562,MED13,0.1002738172395078,0.0763826472858519,2
K562,MED15,-0.0128802147530869,0.0123173960257927,2
K562,MED25,0.0924939601002124,0.0781766828645606,2
K562,MTA1,-0.0103315158577084,0.1401664520547446,2
K562,NFE2L1,-0.0436736790321028,-0.0165813508723063,2
K562,RNF2,0.0596057344023621,0.041203041496223,2
K562,SHPRH,0.0471904625958548,0.0294487669715066,2
K562,SIN3B,0.3114023296541971,0.1674504809590485,2
K562,SLIRP,0.0558400564904124,0.0440591956317881,2
K562,SMARCA5,0.0936985023134858,0.1371572940934599,2
K562,STAT6,0.0255482169488238,0.0099172890161983,2
K562,TARBP2,0.0472719981771124,-0.0119529321816783,2
K562,TRAPPC6A,-0.0231777663744744,0.0821452720041978,2
K562,TWF2,0.0192257026347458,0.0467818281270871,2
K562,ZFP62,-0.0502426469827132,0.076316667156917,2
K562,ZNF32,-0.0121315760323071,0.0077546696130918,2
K562,ZNF714,0.0999723581410901,0.0676164159776089,2
K562,PRCP,0.1338027766872428,0.0734061424986402,2
K562,TADA1,0.2289967956682624,0.2201165880606717,2
K562,IGF2R,-0.0414934806246408,0.0093912710511656,2
K562,MED12,0.0527259120159832,0.3905941253630366,2
K562,STAT1,0.0321744697715667,0.0637909545113655,2
K562,USP22,0.0772646957462077,0.1153400809456269,2
K562,MED13L,-0.0121982575784129,0.0435282478742619,2
K562,KIF1B,-0.0169724871938303,0.0266404901492051,2
K562,CAST,0.0892460157759988,0.0473230608141049,2
K562,IDE,0.0268614790518777,-0.017635358907544,2
K562,MAPKAPK2,0.0122153084826579,-0.008523778124963,2
K562,PTPN1,-0.0295459143557055,0.0451845404847971,2
K562,KDM2B,-0.006682371008377,0.0127476705750793,2
K562,KAT2A,0.032096274497267,0.0578976886083875,2
K562,NISCH,-0.0365449196475035,0.0284040405069326,2
K562,HMGN1,0.0527874490300137,0.0300552106238827,2
K562,TSC22D4,0.0636759713926456,0.1045358586416732,2
K562,PAGR1,0.0965349060435542,0.0464746013865181,2
K562,KLF10,0.0617731928021329,0.0193931727779135,2
K562,POLB,-0.0018551043723461,-0.0014846719185221,2
K562,ACAT2,0.0594309786790738,0.0897930221154172,2
K562,TRAM2,-0.0071162808421985,-0.0006768539296788,2
K562,CDCA2,-0.0503378973392534,-0.0080096701519283,2
K562,CREG1,0.0611670756023373,0.022941234886878,2
K562,UBE3C,-0.0001004892040683,0.0415870364562353,2
K562,EIF4B,0.0853640061252394,0.0997817447518251,2
K562,STAG2,0.0967757304374621,0.1102078968225296,2
K562,HMGB2,0.1101510042582138,0.088076153244408,2
K562,DHCR24,0.0676127828698381,0.0183862413001355,2
K562,NDUFB4,0.0026485571135012,0.0907582093222291,2
K562,ACVR1B,0.0177352879897104,0.0076921708832855,2
K562,DHX36,0.4590214908773139,0.3780242786595683,2
K562,LZTR1,0.0583607263368638,0.0986396914766312,2
K562,INSIG1,-0.0154950932818141,0.0805595751734026,2
K562,TCF3,0.0197552753310903,-0.0206806337860749,2
K562,DAXX,0.0166493677265045,0.0600004525842206,2
K562,NIT1,0.0431863108872466,0.008749854830466,2
K562,PRR12,0.0787930574937841,0.0433784737105682,2
K562,ARID1A,0.0691286052331366,0.0716256022297112,2
K562,NRAS,-0.0656932012414648,0.0426903082465901,2
K562,EID2,-0.0420606011931203,-0.0045672732760553,2
K562,UQCRQ,-0.0610388634084542,0.1119162485991138,2
K562,ZNF426,0.0434910038994108,0.0275563268354437,2
K562,BIRC2,0.0441439623077095,0.0885131612768021,2
K562,PLCB3,0.0020899489498604,0.0413776671377171,2
K562,TFAM,0.089228095360319,0.1469641143997967,2
K562,PMS1,0.0697124650521586,0.0420053468887067,2
K562,ZNF286A,0.04029273332645,0.049318640204705,2
K562,GSK3B,0.0329932853474046,0.0248608009934069,2
K562,LRPPRC,0.098984299987902,0.1550559165904683,2
K562,CASP3,0.1133164515729797,0.0702171584790841,2
K562,MAST2,0.0495546152239987,0.0292375026192735,2
K562,HAT1,0.018495017780077,0.0208757988153143,2
K562,MAU2,0.0810850505233614,0.1197218223322148,2
K562,SMARCA4,0.0176093306849865,0.0634743884245781,2
K562,IRF3,0.1407378039717094,0.060931209494145,2
K562,SSBP1,0.0385568885498961,0.1210145061177247,2
K562,PHF14,0.0798007234834728,0.0664768649171808,2
K562,TMSB10,-0.0093740872186929,0.2431644377268038,2
K562,NDUFB6,-0.0010697445981635,0.0465243722169853,2
K562,SAFB,0.0599539453594882,0.104200469311759,2
K562,SLC25A3,0.0824451197619175,-0.0008885188217383,2
K562,ZNF593,0.0277959593579517,0.0220522925346355,2
K562,METTL17,0.0578724448045744,0.0914329404687166,2
K562,SMAGP,0.1112549779811819,0.0781763022666167,2
K562,OXCT1,0.0715259066572186,0.2166490570837905,2
K562,WSB2,0.0451840425793926,0.0479100811126304,2
K562,C1QBP,-0.0258572105101856,0.1216900621459557,2
K562,CALM3,0.0409927140904371,0.0321832007069628,2
K562,MBTPS1,0.2613662984076076,0.1151045615824497,2
K562,EWSR1,0.3023743965475041,0.1678149196811589,2
K562,TXNDC9,0.0760228075322402,0.061389934894849,2
K562,TMBIM6,0.0599865562601658,-0.017601798259137,2
K562,METTL3,0.1706146158482675,0.3443505674748487,2
K562,MED24,0.0651945180180054,0.115751081892973,2
K562,ATM,0.0977298139209891,0.0402115656688969,2
K562,PHF10,0.1009522000651055,0.0835100191629293,2
K562,ZNF562,0.1036919324644925,0.0330701772973543,2
K562,MED1,0.1098354952432107,0.1519929006757533,2
K562,SUPT4H1,-0.0256939156066083,0.0910059952322947,2
K562,KDM1A,0.2415813127707452,0.2991170224539407,2
K562,EPB41L2,-0.04437815185456,0.2160033634353399,2
K562,KIF20A,0.2381450730866637,0.2429194247841748,2
K562,SLC39A6,0.2698232333276139,0.1650090056091157,2
K562,TAF13,0.332078145787162,0.2496327649149451,2
K562,BRD9,0.0520359415526483,0.0272529455164247,2
K562,OXA1L,0.2322608949348612,0.3082203636774523,2
K562,RNF20,0.1348775723342843,0.2293475426502109,2
CD4,ACLY,0.0755893116993625,0.1166966309485324,2
CD4,ADNP,0.0634514914817836,0.0600037564550526,2
CD4,AKT2,0.0681306256929449,0.0333267888201678,2
CD4,ANKZF1,0.1162967217918797,0.0696519725968971,2
CD4,BRPF1,0.0878586486457874,0.1415187916927193,2
CD4,HDAC8,0.0895077467430041,0.0149532160568074,2
CD4,HSBP1,0.1676225234060794,0.0448616676600705,2
CD4,MED13,0.0464176877893966,0.0782250823999042,2
CD4,MED15,0.070300131090483,0.0005429646841637,2
CD4,MED25,0.0890928797041278,0.0432650927902135,2
CD4,MTA1,0.2285488787089283,-0.0102388228428539,2
CD4,NFE2L1,0.042149053866971,-0.0461561282642331,2
CD4,RNF2,0.0399393895331112,0.0644773009996649,2
CD4,SHPRH,0.0790545193829887,0.0168733883644309,2
CD4,SIN3B,0.1872596684564884,0.1959296045812597,2
CD4,SLIRP,0.0636418230452978,0.0320262312199862,2
CD4,SMARCA5,0.0917575949080714,0.1272119545124639,2
CD4,STAT6,0.0056472157696411,0.0174273510238042,2
CD4,TARBP2,0.0074765936414529,0.0185996196749577,2
CD4,TRAPPC6A,0.0735832113783544,-0.018094282883147,2
CD4,TWF2,0.0619310646319508,-0.0008044651763647,2
CD4,ZFP62,0.0844293404532309,-0.0315948023755394,2
CD4,ZNF32,0.035867408612567,0.0025137347061655,2
CD4,ZNF714,0.033484184869479,0.0543506528015787,2
CD4,PRCP,0.1203013552197644,0.0831897618995807,2
CD4,TADA1,0.1765301536776936,0.1713090633559216,2
CD4,IGF2R,0.0434782199670579,-0.005532527592049,2
CD4,MED12,0.0695904918509892,0.2638836111679791,2
CD4,STAT1,0.1184050267788965,0.0292918240788372,2
CD4,USP22,0.0715666906396336,0.0568875972994916,2
CD4,MED13L,0.0002351124814905,0.026701080944458,2
CD4,KIF1B,0.0351178868631794,0.0150513218884216,2
CD4,CAST,0.1367405742755296,0.0364807252943951,2
CD4,IDE,0.026140152828791,0.0002710477262916,2
CD4,MAPKAPK2,-0.0018703842003706,-0.0016620860779546,2
CD4,PTPN1,-0.0446434506961512,0.0292035728893922,2
CD4,KDM2B,0.0134230692152862,0.0097700630526097,2
CD4,KAT2A,0.0993324456398144,-0.0170209396087063,2
CD4,NISCH,0.025150181825268,0.0363407811234766,2
CD4,HMGN1,0.0252023884790536,0.04626147404523,2
CD4,TSC22D4,0.1483404741143618,0.0502557660056763,2
CD4,PAGR1,0.0746072123964155,0.0521695430399207,2
CD4,KLF10,0.0399004809084189,0.0325642025069228,2
CD4,POLB,0.054340847362699,-0.0129978048068293,2
CD4,ACAT2,0.1158407113326784,0.0376553180229031,2
CD4,TRAM2,0.0456165032112755,-0.012818113982955,2
CD4,CDCA2,0.0838737114630983,-0.0531961455691409,2
CD4,CREG1,0.0057122014572243,0.0332834477607625,2
CD4,UBE3C,0.1300176887958032,-0.0105906616061547,2
CD4,EIF4B,0.0960996008619841,0.0420383575669006,2
CD4,STAG2,0.0925262974422382,0.0708655067679302,2
CD4,HMGB2,0.1245777529230684,0.0436652836139086,2
CD4,DHCR24,0.0143673338209922,0.0188976014944209,2
CD4,NDUFB4,0.0810721959076202,0.0301803828834751,2
CD4,ACVR1B,0.0689457042596676,0.014584118144182,2
CD4,DHX36,0.3406179188315392,0.3321246056736955,2
CD4,LZTR1,0.1382358943521027,0.0398530639972937,2
CD4,INSIG1,0.1105562032881776,-0.0214369903869914,2
CD4,TCF3,-0.0119009749624357,-0.0006494639577242,2
CD4,DAXX,0.0807440689698556,0.0382493588729237,2
CD4,NIT1,0.0138845532966658,0.0410515738809384,2
CD4,PRR12,0.0552939688707187,0.030578112802672,2
CD4,ARID1A,0.0804690249816155,0.0438245292874092,2
CD4,NRAS,0.0795298080976461,-0.0074043882342758,2
CD4,EID2,0.0476724775989001,-0.0181186046062464,2
CD4,UQCRQ,0.0051246754511008,0.0409991470030454,2
CD4,ZNF426,0.0292157671129136,0.0235753989992826,2
CD4,BIRC2,0.1129437886532597,0.0244813918707916,2
CD4,PLCB3,-0.0035497897554199,0.0233690177443272,2
CD4,TFAM,0.0708130991576031,0.0413653768491329,2
CD4,PMS1,0.0491284584150271,0.0130951207910291,2
CD4,ZNF286A,0.0592116965058962,0.0274999943258453,2
CD4,GSK3B,0.0009504628512015,0.0240104786768992,2
CD4,LRPPRC,0.126710491177111,0.0516037880704706,2
CD4,CASP3,0.1083472882835913,0.0904662683584743,2
CD4,MAST2,0.0351158057499561,0.0193539816455376,2
CD4,HAT1,0.0096023032399539,0.0240827334091186,2
CD4,MAU2,0.1522823973356985,0.0284535636128028,2
CD4,SMARCA4,0.0567748972715403,0.0215083757968006,2
CD4,IRF3,0.1228769166052093,0.0199234054622003,2
CD4,SSBP1,0.0481120908967032,0.0556863979072621,2
CD4,PHF14,0.0446320291922516,0.0526977806229278,2
CD4,TMSB10,0.2428474919715481,-0.0140666870866263,2
CD4,NDUFB6,0.0363605259012942,-0.013550625972466,2
CD4,SAFB,0.1069073408821175,0.0382222272372715,2
CD4,SLC25A3,0.0087329962593117,0.0535104933741052,2
CD4,ZNF593,0.0557712185928308,0.0112691915518891,2
CD4,METTL17,0.1290973628309428,0.025617041655486,2
CD4,SMAGP,0.102253130989909,0.0654302355533124,2
CD4,OXCT1,0.1839552906795212,0.010588112895025,2
CD4,WSB2,0.0565647675016903,0.0187713841052786,2
CD4,C1QBP,0.2409933171666001,-0.0214639198988521,2
CD4,CALM3,0.0255671943632702,0.0280411174167272,2
CD4,MBTPS1,0.1341166814480429,0.1428919378825433,2
CD4,EWSR1,0.1546653053334139,0.1732220091357315,2
CD4,TXNDC9,0.0599219431598415,0.0340966528116141,2
CD4,TMBIM6,0.0145759849578935,0.0122337388261788,2
CD4,METTL3,0.3497856829007902,0.1598527712734871,2
CD4,MED24,0.0816631407828116,0.0566679430546779,2
CD4,ATM,0.0202666816253613,0.0724613905406473,2
CD4,PHF10,0.1222833674614302,0.082119492352331,2
CD4,ZNF562,0.0334931712839309,0.0514931217313192,2
CD4,MED1,0.1553990193775316,0.1046595677527361,2
CD4,SUPT4H1,0.1150397884797984,-0.007785042869974,2
CD4,KDM1A,0.2990317327861707,0.2802667043502368,2
CD4,EPB41L2,0.2288340523960802,0.0313964887691655,2
CD4,KIF20A,0.211271698195165,0.2401327077095057,2
CD4,SLC39A6,0.1297002829674262,0.1876769054514946,2
CD4,TAF13,0.2271839935003042,0.2242578202307981,2
CD4,BRD9,0.0200196920346425,0.0155220365466776,2
CD4,OXA1L,0.2758823403594467,0.1697391871939928,2
CD4,RNF20,0.2182629084151517,0.1245657080463819,2
