target,n_usable_contexts_c1,repro_V1,repro_C0,repro_C1
ABCD1,0,-0.0051617100127236,0.9387801510348096,0.987996241183917
ACLY,3,0.0089349383279338,0.9235193614540076,0.8540624069034845
ADNP,3,0.0880111902631163,0.8856034853749805,0.7893496328565307
AGO1,2,-0.0034056049780302,0.8998693039865997,0.7847275398856367
AKAP1,2,0.0019546774272119,0.9078408886412236,0.7361131770012457
AKIRIN1,2,0.0048484492163993,0.9064841261566332,0.8074577887103344
AKT2,3,0.0838571723309926,0.9269407807788392,0.8351763887865123
ALG12,2,-0.0048905353144824,0.9246884138122736,0.8228476740132428
ANKRD52,0,0.0113790456386772,0.937796914697164,0.5225655241445457
ANKZF1,3,0.0088757127611523,0.939946616756011,0.8500766956469459
ANP32B,2,-0.0012090524455536,0.906087648320493,0.7769237121607375
AP2A2,2,0.001926307915356,0.9007441588497184,0.752578597356308
API5,2,-0.0001460655212112,0.9079054215843744,0.7784237772670931
ARL14EP,2,0.0040707499588681,0.8902273800454649,0.7327590016511932
ASCC2,2,0.0024243368385505,0.9006290838987203,0.7865813524578472
BCKDK,2,-0.0025984485511918,0.8959462263067793,0.7574902577975244
BCL6,2,0.0710490962000576,0.9086291481336805,0.7705748644694141
BCL7C,2,0.0017974036960369,0.9145206097012089,0.7931679047850638
BRD1,2,-0.0079196307310705,0.8606524922071902,0.7563871618868546
BRPF1,3,0.1193195613424737,0.8832428720156789,0.7894602290042888
C5orf22,1,0.0128645191004295,0.9660082330361668,0.9663143966725786
CAND1,2,-0.0044461878685956,0.9229739482706538,0.7925039724434534
CAPRIN2,0,0.0066217962973626,0.937692906940896,0.5225655241445457
CARM1,2,-0.0028113211289182,0.9316820402320444,0.8087141839832652
CAT,2,-0.0080333892687607,0.9189366540243772,0.7788444524028538
CCDC112,2,-0.0023888028385053,0.9173018619639663,0.7713360796653124
CDK8,2,-0.001908623550565,0.8044257660566033,0.7529095762312809
CHD3,2,0.0719527019296131,0.9676727364226192,0.872998664888985
CHD6,2,0.0776181685269435,0.917221573697066,0.7600832059416831
CHKB,2,-0.0099692109778481,0.9140846467375084,0.7818950447750065
CLCN6,1,-0.0036956092315507,0.9443725430661792,0.9633386176875618
COIL,2,0.0099405986891913,0.919296562687546,0.7667252625559682
COMMD8,2,-0.0064120907915313,0.8994105554261839,0.780602803991854
COQ10B,2,-0.0107226966886071,0.9106355650344358,0.7798586385223216
CSNK2A1,2,0.0001004273144704,0.9119900234347004,0.7722105638890463
CYTH2,1,-0.0001407247692778,0.9306021920704198,0.9760858736351364
DBF4B,2,-0.0017078847528402,0.90836991048551,0.7369573824349714
DBN1,1,-0.0008798345359324,0.9349794594862318,0.9704330792317644
DCAF16,2,-0.0086756837263525,0.96403250899685,0.8508351577054967
DCP2,2,0.0039401558840016,0.9008718954810374,0.7931041696380546
DDHD1,2,0.007271693633169,0.9372989186353649,0.8348013457743814
DEAF1,1,0.041342463524236,0.9474681274874508,0.9746446615989076
DEK,2,0.0467707525910556,0.9037324654676894,0.7553549207101518
DHRS1,2,-0.0034608290517826,0.9176402230131304,0.7641932731306653
DHX35,2,-6.440321417419392e-05,0.9143982825896944,0.7525789001289965
DLAT,1,-0.0009676687339261,0.8905543515878763,0.7511812193615818
DMTF1,2,0.079983805139188,0.9479265172405532,0.8704259447295654
DNTTIP1,2,-0.0037284619254607,0.8983449625723896,0.7423551708388869
DRG2,2,0.0054392328104103,0.91155616658879,0.7796461166608714
DTNBP1,2,0.0120443176294303,0.8855619762182046,0.7397375958680219
DVL3,2,0.015432183992882,0.8961093254272047,0.7279980801165921
E2F1,2,0.081461945428005,0.9020901809181816,0.7684550267957028
E2F4,2,0.1459354764168588,0.901685441384819,0.802568788987916
EAPP,1,-0.0050914241082577,0.938455032728834,0.973418560453272
EEF1A2,1,0.0153348729704548,0.9273574767282724,0.9710195717968728
ELK1,2,0.0913367745950973,0.9026096228553192,0.7991267249450758
EPC2,2,0.0006690357268699,0.8951912635650933,0.7726104655669669
EPHB2,0,-0.0003789523257039,0.9358684056560352,0.5225655241445457
EPM2AIP1,2,0.0040676171486281,0.9567946295045732,0.8649225456006006
EZH2,2,0.0517339933564437,0.8785218703436364,0.7437925439637141
FAM120A,2,-0.0075321699879092,0.9031736078516908,0.7891268391233868
FCGRT,2,0.0049589204749188,0.9228892435173504,0.781173351550014
FHL3,2,-0.0053376834628497,0.8980878210476974,0.7193980762271828
FOXN2,2,0.1117185828474808,0.9253192263577924,0.8292417654406207
FOXO4,2,0.0917720310406557,0.8959554967969109,0.7413349978399785
FUBP3,2,-0.0037583717401258,0.9182061902339052,0.7549408697026596
FXYD5,2,0.0102882254507546,0.8902258380955409,0.7157023531825212
FZD2,1,-0.0046019596145122,0.93932564833474,0.9723150077762772
GIGYF2,2,0.0055192779476026,0.904167575662018,0.7434418255834494
GLI3,1,0.0904070254603122,0.9373073363298072,0.9730100451995192
GLYR1,2,-0.0037422571869274,0.819723773087467,0.770350459576073
GMEB2,1,0.06409464664635,0.9361610614298658,0.9679526461662852
GPATCH8,2,0.0074726741165125,0.9047381351705152,0.7494983182653665
GRAMD1A,2,0.0070024185657246,0.9031739040269736,0.7862856688604448
GTF2IRD1,2,0.082845949932807,0.921321746121396,0.8003649145704471
HDAC1,2,0.0458942564866992,0.9045481852839348,0.7585746845498723
HDAC8,3,-0.0142789709648034,0.917520261051552,0.8325322136364858
HEATR6,1,-0.0045238683477689,0.90600398608145,0.6908304800206234
HMGN3,2,0.0535972499529494,0.914303490977051,0.7805142783036304
HMGN4,2,-0.003089762712089,0.8999181995188011,0.7513357622587771
HMGXB3,2,0.0375198044562145,0.9120549930220035,0.8059451797857541
HOMEZ,2,0.088168292223059,0.9056018733266514,0.7277766671288942
HSBP1,3,0.2846745554241257,0.911785188199334,0.8211248733927278
HSP90AB1,2,-0.0053001592920766,0.9229571797154308,0.8252498766985186
IFI27L2,2,0.0104445496799105,0.9280305607395032,0.8171716342151855
IFNAR2,2,0.0060884033634329,0.9120157552979128,0.7623907768036587
IFNGR2,2,-0.0058004477772206,0.8949268588081046,0.7307837685198532
IL10RB,2,-0.0071769992704343,0.8008564715279579,0.7545682321331665
IREB2,2,0.0016581645509209,0.90624339469051,0.7752455921784396
KDM5A,2,0.054610620213799,0.9039731562525392,0.8020979564265075
KHDRBS1,2,-0.012710731491122,0.9063575848963806,0.7548663647546058
KHSRP,2,0.0088588848340463,0.9251587332989808,0.7979860784782976
KIF21B,0,0.0054433281251129,0.9415370451249292,0.5225655241445457
KIF2A,2,-0.0015041637813402,0.899534419617396,0.7531937838745328
KMT2A,2,0.0069169183953165,0.8673951855819272,0.7696575775297839
LDLR,1,-0.0033036423896589,0.9290704449771412,0.9695813934600536
LENG1,1,-0.0035763505070022,0.9315806682432578,0.975108768066262
LMAN1,2,0.0058096978984283,0.8958753439331136,0.759035091032132
LMBRD2,2,0.0014410460401597,0.9049616119236332,0.8063941729945133
LPCAT3,2,0.006807684394623,0.912185859400628,0.7788796819227898
MAN2A1,2,-0.0040959852731526,0.8507458734346113,0.7152134142407442
MAP2K2,2,0.0039127450407576,0.9049405018286208,0.7561616085431085
MAPK12,2,0.0060614115203861,0.8894028957703185,0.8506716881810344
MAPK7,1,0.0025827515182259,0.9387437854779844,0.775519788433365
MARCKSL1,2,-0.0003148134934254,0.9135900977660948,0.8162574141315458
MBD4,2,0.0733574045470976,0.9027477831528682,0.765193109430911
MED13,3,0.1175139756195126,0.8965960481029879,0.7691427380561738
MED15,3,-0.0038754317692527,0.9182485009321424,0.7778473342414385
MED25,3,0.0065238065066511,0.8384196049167209,0.7547935904064104
MLKL,1,-0.0008961547227829,0.8745696450261189,0.6914860586497752
MLLT10,1,0.0782718118266573,0.9134238598787384,0.9659802704355216
MSANTD4,2,0.001168774391447,0.9061428515376512,0.7628359136461001
MSI2,2,-0.001433616054506,0.9198538010684466,0.7897693978416687
MTA1,3,0.1135197493745742,0.9366747674665368,0.8348282275180018
MTF1,2,0.1086415277488117,0.85819576821679,0.7649881426493237
MTHFSD,2,-0.0087262364554703,0.91940078602766,0.7908050301250854
MTM1,2,-0.0009566022010552,0.8982781201556952,0.7381353646447234
MYD88,2,-0.0108031203783843,0.9103902828130906,0.7470860510105775
MYPOP,1,-0.0092886476487961,0.9332388970092774,0.9673532189261188
MYRF,1,0.155313144355256,0.92326010948237,0.9674593015542374
NABP2,1,0.0025338160601419,0.9634292326440684,0.9805817439335276
NAIF1,1,0.0006303494627654,0.9417272771076054,0.9634052064859944
NCLN,2,-0.0020424413335235,0.9361955373612948,0.8431216148802987
NFE2L1,3,0.0724546444234177,0.921233778711726,0.8287888538663326
NGLY1,2,-0.0012851116234162,0.8986813196323444,0.7684963552581885
NICN1,0,0.0012680850533785,0.9348459859762124,0.5225655241445457
NIPAL3,2,0.0007134717317185,0.8937241495954841,0.8038429688975941
NIPSNAP3A,2,-0.0002660083409841,0.9061521366564298,0.7573069281457655
NT5DC1,2,-0.0050513611076088,0.8920523413326041,0.7601199244278126
NUP37,2,0.0033915434495489,0.9189122629191268,0.833066220921275
PAN2,2,0.00686277835394,0.8877585798062725,0.7264288163259273
PAPOLA,2,-0.0102858058688012,0.929804602577716,0.827486970841001
PARP3,0,0.0023892766454429,0.9380655177490156,0.9850686516358844
PATL1,2,-0.0047431200038306,0.9333355914018154,0.8124278717196485
PBLD,0,0.0035155896223966,0.9338216937692376,0.936058194745609
PCGF1,2,-0.0006686167207283,0.878359942539479,0.7406188624957947
PCGF6,2,-0.0044941848648941,0.892993760851172,0.7629592335570452
PDCD4,2,0.0074820522551991,0.9059159324121016,0.7818175617239819
PDE6D,2,-0.0099576409847488,0.8812880982784753,0.7448442529313352
PDK1,2,-0.0048674379102052,0.9185019255467708,0.7808351430893787
PDK3,1,-0.0054456338958791,0.8962311105675713,0.6504274884866253
PGLS,2,0.0089356602628252,0.8881939654213196,0.7762334059244965
PHF11,1,-0.0063843261202293,0.9207380844175108,0.685857321135753
PHF19,0,0.0016518110873748,0.9271526501067432,0.5225655241445457
PHF23,2,-0.0008787146630143,0.8996856001814386,0.7826394701754205
PHF8,2,0.0053934170663738,0.9000222220445219,0.7884130564758726
PI4KB,1,0.0070997308489102,0.9369094476459536,0.975588423934734
PIM2,1,-0.0059075407761755,0.9141517905947344,0.9737270480526528
PIN1,2,-0.0008507970699114,0.916282541566765,0.76693036982418
PINK1,2,0.0042328080434651,0.8747565127668936,0.713759210337127
PKN3,2,-0.0060523487266363,0.898077491865331,0.7507583527772373
PLAGL2,2,0.0494398138392547,0.9374122556713456,0.8783188521383855
PLCG1,2,-0.0052179491552762,0.8646687475246351,0.7295606235864939
PNP,2,0.0093212475854407,0.9359822582224488,0.8120095522270997
POLD4,2,0.0086784833695285,0.8970133632753101,0.7491749189873317
POR,2,0.005207649495027,0.8984532962691235,0.7537397000808008
PPIF,2,-0.004811734620332,0.8980125706017091,0.7350384226521082
PPIP5K2,2,-0.0082011349833677,0.9243238486970468,0.8062346867356421
PQBP1,2,-0.0007461466936147,0.929434299057494,0.8057652996204082
PRDX3,2,-0.000108876300912,0.9042269156596562,0.7183406094728763
PRKAB2,2,-0.0008862713061409,0.9058633184983615,0.7323595185704859
PRKACA,2,0.0047197628913718,0.9349491550670036,0.8465728241483994
PRMT2,2,-0.0018504037170098,0.9031090907129066,0.7745099365362447
PRMT6,1,-0.0069531905620082,0.93723725312355,0.9600139578892048
PRMT7,1,0.0024958378688695,0.9446500050606816,0.976171985981055
PRNP,2,0.000447252183609,0.915865422676165,0.7662052135823165
PSKH1,2,0.0021077742730545,0.9185196029290378,0.767745178378601
PSMB9,1,-0.0018520649413231,0.9571918850607036,0.779209898154008
PTMS,2,0.001047498530631,0.928584372619666,0.7855803086917881
PTOV1,2,0.0079684049335354,0.9184473492318462,0.8339408888627643
PYCR1,2,-0.0088819884966136,0.8859775709430849,0.7176098742502975
R3HCC1L,2,0.0164725406172767,0.9110373733930568,0.7936438902216681
RAB11FIP5,1,0.0034877049031409,0.8981319471095123,0.7558712647552551
RAB5A,2,0.001113788240095,0.8968562216340604,0.7817949525854547
RABEP2,2,-0.0060934781298928,0.9007063030968708,0.7395601976550927
RBM18,2,-0.0019111021440857,0.9284877387385482,0.8379349898736761
RBM26,2,-0.001695538983022,0.9133066755663384,0.7643034660129951
RBM4B,2,-0.0017061224027988,0.9018341673227424,0.73158228815186
RBM5,2,0.0048652730376109,0.9304738266748066,0.8182552403626917
RC3H2,2,-0.0044632027272512,0.9131263862264032,0.7733781739649381
REV1,1,0.0028721455466236,0.917975929030836,0.9660490043160253
RFK,2,0.0111384178917268,0.908026479939395,0.8603716400259572
RNF10,2,0.002552908855366,0.9181267760260676,0.8172490237734448
RNF141,2,-0.0020936498680827,0.9091525348666564,0.7667277595138886
RNF2,3,0.2355893939982734,0.8845582694321145,0.7855659152101709
RSRC1,2,0.0031581932412551,0.9359867981946106,0.8523962582626262
S100A11,2,0.0008473378734943,0.8952745748988716,0.7614398653566626
SAP30L,1,0.0090637066468804,0.9279895391836296,0.972772515375811
SCAF8,2,-0.0079491664127735,0.9013905061071072,0.7995562497717469
SEMA4F,0,0.0066243281897616,0.9377891408720396,0.5225655241445457
SFXN4,2,0.001455248686746,0.9148474277436396,0.7497324725881866
SH2D3A,2,0.0026020549605548,0.9192067218581128,0.7808571619426353
SHPRH,3,0.0611812204342716,0.892322923937456,0.8135465096798398
SIN3B,3,0.4486331603297889,0.9333786817796949,0.872177994477919
SLC25A13,2,-0.00087093702947,0.9124354840682832,0.7964833338082943
SLC39A1,2,-0.0004891634152412,0.8799068025615977,0.7354257498391735
SLC44A1,0,-0.0063382093644037,0.932263008030236,0.5225655241445457
SLIRP,3,0.0042197277219817,0.9529524336663588,0.9170727707045142
SMARCA5,3,0.3699140459735102,0.8782249177188142,0.787425209023211
SMARCC2,2,0.0589960436997676,0.8992460057386257,0.761620478834201
SMYD2,2,-0.0072549917215392,0.9024221946112176,0.7582509605188275
SND1,2,0.0038004327464413,0.9030018631626108,0.787390877878711
SNN,0,-0.0042482582141698,0.9361493396694608,0.5225655241445457
SNRK,2,0.0032466109378133,0.8988189941556962,0.7729653260761217
SNX4,1,-0.005632478790236,0.9324925239020816,0.9748441229436188
SOCS5,1,0.006692743017477,0.8788439325390373,0.725206031224333
SPATA20,1,-0.0053925182880881,0.8995292125323755,0.7535656547417084
SRSF5,2,-0.0032335374540502,0.9034950158264584,0.7191972654948996
SSR4,2,0.0022058079597973,0.938915031560704,0.8157308123779582
STAT6,3,0.159711473690255,0.9509022082979076,0.8855381212358625
STK3,1,-0.0070053969092583,0.9162431916180962,0.9684707764599402
STT3A,2,-0.0025457046418459,0.9116628185368908,0.8169639800360221
SUPT7L,2,-0.0166752123961946,0.91764368703005,0.7524671663374823
SYVN1,2,0.0046646628593688,0.9078712304561252,0.7643888913238248
TAF15,2,0.0095445718972958,0.8962005561506664,0.7458097755467814
TAF4,0,-0.0044088928352975,0.9404340391299923,0.5225655241445457
TARBP2,3,0.1179622287394115,0.912914180382193,0.8381065997387224
TBC1D13,2,-0.0067043340361413,0.9006580709565567,0.7224171655232284
TBC1D19,1,9.137667610983428e-05,0.885701434554039,0.7356749425981507
TBCK,2,0.0046000910925333,0.9312850967582688,0.8172932838971554
TDRD7,1,-0.0098250420815235,0.8897074535384749,0.7659018713581857
TEAD4,1,0.0603580796362177,0.9335135347301456,0.966454945664689
TESK2,1,-0.0018323915734787,0.9046330728795392,0.6580094653442073
TEX2,2,-0.0019595038773523,0.9050773497251258,0.7374174419525077
TFCP2,2,0.0535917116369107,0.9010148282254224,0.751862107852349
THAP3,2,0.0567039779996166,0.9156629560555892,0.7646215512518163
THAP7,2,0.0666758997465382,0.9080177154788962,0.7306179287439661
TIMM17B,2,-0.0072952753399201,0.9155354422052264,0.7860865873227244
TIMM50,2,0.0020721803085054,0.9157754873348322,0.7986598026288497
TMCO6,2,-0.002387674197781,0.9196346284047392,0.8117614752673176
TMED3,2,-0.0024791191695329,0.8827812678703099,0.6982248834970649
TMEM104,1,-0.0062591334742087,0.9234941418812892,0.751927569530408
TMEM147,2,0.0100279657089731,0.9068667885540584,0.7848192993154933
TMEM186,2,0.0140405415150406,0.9274256406722028,0.8142192015422127
TMEM209,2,0.0042777165108598,0.8962052487969284,0.7427206423608128
TMEM41B,2,-0.0028694035082905,0.9440851430163264,0.8790714806615415
TMEM79,1,-0.0008792962876826,0.9586309835477348,0.8541883725098659
TMF1,2,0.0615168623128115,0.9131725019066042,0.7659415842770997
TRAPPC6A,3,0.1282703377753072,0.8834086759936918,0.7896820936084316
TRIB3,2,-0.0076610966851742,0.901960504211046,0.7792104981106912
TRIM35,2,-0.0027016733576404,0.8790762553933328,0.7442744950944608
TRIP4,2,0.0018596994955051,0.9604428972069308,0.8164737196754436
TRMT1,2,-0.0002703903324184,0.9421794438620976,0.8464496774103267
TRPC4AP,2,-0.0002568595145764,0.9313359198455998,0.8046490288510356
TTBK2,1,-0.0011855204185234,0.9149008637208296,0.7335851147633582
TWF2,3,0.0372881238209855,0.8620851300769422,0.7562561905983983
TXNDC16,1,0.0045734946244191,0.8851180202496368,0.6783587133893209
UNK,2,-0.0162305109553923,0.8114146209079562,0.7655208263963549
UPF3B,1,-0.0016270313759742,0.9408071619525236,0.9737077203348712
UROS,2,-0.0058954732365303,0.93551503506002,0.8779474573981001
USP28,2,-0.0021706556897035,0.8964962843608291,0.7086947121804411
VAPB,2,-0.0083228378379698,0.8634573517237527,0.8052976011325246
VIM,2,-0.0075472383037787,0.896900219626029,0.7250619245305389
WBP4,2,-0.0080364162274365,0.9313063482037668,0.8423168717661728
YIPF6,2,-0.0019420206436085,0.9311320256017795,0.8224419724249961
ZBTB34,2,0.078500712051357,0.9236967301103864,0.7878514981759551
ZBTB41,2,0.1259489244611472,0.9162189350693938,0.7972660670298932
ZBTB48,2,0.0722737154307176,0.9231693986356628,0.8389373758274616
ZC2HC1A,1,-0.0018423063245374,0.8940800787684768,0.761560338211512
ZC3HAV1,2,0.0040673454720544,0.909240077907184,0.7692005533084935
ZDHHC12,2,0.00689097908453,0.8918492421810801,0.7576734583679033
ZDHHC4,2,-0.0069612109402418,0.9236363073827156,0.8111584853543263
ZFP62,3,0.0494130080205624,0.9041061757529766,0.8006556669914388
ZHX3,2,0.0399315245224628,0.9012450703083896,0.7916436988588466
ZKSCAN1,2,0.0595679999936609,0.8740516450794825,0.8078281320250368
ZKSCAN2,1,0.0278400945664125,0.922591383339808,0.970354698283384
ZKSCAN3,1,0.0930197400616012,0.9475484180612298,0.973810659670878
ZNF16,1,0.0867354793883674,0.934042212200274,0.970461687815262
ZNF174,2,0.0910303897194873,0.9477826277838912,0.8869957446340212
ZNF219,2,0.1344681730386403,0.903790969008316,0.8007032404154487
ZNF22,2,0.0751667421970178,0.9132416518130122,0.8067282930489433
ZNF25,1,0.073826984690808,0.9309458387497376,0.9692389619635678
ZNF251,2,0.0618511363128693,0.9039872564125924,0.7621017397344807
ZNF280C,2,0.0601185351781891,0.9402839684054108,0.8375641488768876
ZNF282,2,0.0531275352664915,0.8953048512076155,0.7463700451245462
ZNF32,3,0.0464958774824112,0.9204368194616964,0.8284770574881669
ZNF324,1,0.0785238472567773,0.9542646829500728,0.9679279855075712
ZNF397,2,0.1136362556228236,0.9316953843017488,0.8545573323041468
ZNF410,2,0.0592228572446051,0.9192166733151192,0.751263654123791
ZNF444,2,0.0656049777753264,0.8997660964042934,0.7547487858031748
ZNF462,1,0.0893264971476646,0.9161314988747096,0.952767506510623
ZNF496,2,0.0545954383555794,0.9147935473261376,0.8059144214140582
ZNF507,2,0.0600994942572288,0.9087223356275888,0.7772120805406599
ZNF514,2,0.047128770610915,0.9082270697219595,0.725954945607335
ZNF526,2,0.0885014502470508,0.840306768649559,0.743052628844351
ZNF530,2,0.1380245099204522,0.9016727068025384,0.7680876592614411
ZNF543,2,0.106476376681899,0.90269640965996,0.7599648497529204
ZNF627,2,0.0583726967201775,0.9606407584226732,0.802344959885624
ZNF628,2,0.0433210514244767,0.9009921476168752,0.7715992191143682
ZNF641,2,0.08738014314287,0.8932884731199753,0.6919077954641004
ZNF670,1,0.081663512247123,0.9258742503102428,0.9702850597087004
ZNF714,3,0.121137671816199,0.9343838613487468,0.8517366979399806
ZNF740,2,0.0509528239155761,0.8967674528919246,0.7983466704834551
ZNF768,2,0.0336837732395602,0.8904397811304113,0.7370914671061503
ZNF777,2,0.1351269607238549,0.9384206069976272,0.8373505791254005
ZNF783,2,0.0598488486239333,0.9101657192623164,0.730238107067085
ZNF784,2,0.0793005491179923,0.904606938414408,0.7755994843744984
ZNF786,2,0.0982756125292315,0.90831981536898,0.8255584679802196
ZNF821,2,0.0643225563979519,0.8875739528019718,0.7724987848353043
ZRANB3,1,0.0099143291916549,0.9371711229545412,0.9715401562815316
