bundle,context,deviation_effective_rank,pairwise_cosine_effect_mean,effect_norm_median
V1,A,291.6643219948598,0.0016420069678644,3.8127167468276646
V1,B,290.2336050668543,0.0017936219807341,3.8953483441328114
V1,C,287.8841245463142,0.0016785060673977,3.945544180341479
C0,A,236.8236818266679,0.0030734350717339,1.4119273407437245
C0,B,234.79245077963316,0.0072190325082305,1.442048242407603
C0,C,236.290207001041,0.0027535603182163,1.4551936887715242
C1,A,207.88696598198905,0.0072318887676968,1.7854702058282566
C1,B,202.78681937480192,0.0102685008919995,1.8782738683328568
C1,C,201.32492732499,0.0067374836938116,1.9091799239621077
