fold,arm,generator,null_fp_de_median,null_fp_de_mean,null_fp_rate_median,null_jaccard_mean,null_up_fraction,null_expression_error_median,tested_genes
H1,G0_null,G0,3837.0,3838.493333333334,0.3560690423162583,0.0,0.7491984702331123,1.1219561032361036,10776
H1,G1c_null,G1c,0.0,0.0,0.0,1.0,0.0,6.303307118822054,10776
H1,G1ci_null,G1ci,0.0,0.06,0.0,0.94,0.4444444444444444,6.526265263132325,10776
H1,G1b_null,G1b,0.0,0.0,0.0,1.0,0.0,6.303307118822054,10776
H1,G2_null,G2,200.5,202.18,0.0186061618411284,0.0,0.7265143271672108,5.747571220451107,10776
K562,G0_null,G0,1053.0,1051.8589743589744,0.1370915245410753,0.0,0.865985739533183,4.584986559201135,7681
K562,G1c_null,G1c,1.0,1.0,0.0001301913813305,0.0,1.0,25.369231398155755,7681
K562,G1ci_null,G1ci,0.0,0.0487179487179487,0.0,0.9564102564102565,0.631578947368421,26.059622576048255,7681
K562,G1b_null,G1b,1.0,1.0,0.0001301913813305,0.0,1.0,25.369231398155755,7681
K562,G2_null,G2,59.0,58.61538461538461,0.0076812914985027,0.0,0.8175853018372703,26.49442144965063,7681
