fold,arm,PDS,MSE,NMAE,FID,REACH,JAC,Overall
H1,C1a,0.625649758021151,-0.03556323005057048,-0.12031120357210878,-0.12235916192389608,-0.012008265122174394,0.047678920897418126,0.06977500805006498
H1,R1,0.6693851944792976,-0.057660809351729174,-0.17681464628245502,-0.12582127458477863,-0.00878179499092729,0.0697966150335364,0.07129401560911218
H1,Q,0.625649758021151,-0.03556340212340037,-0.12027974571196642,-0.12228714684890545,-0.01200700346854485,0.04766306559457275,0.0697898212643845
H1,S1,0.3592041584513356,-0.03138817166578372,-0.07821488800740417,-0.12470855384933371,-0.02884119405477777,-0.04561826590050389,0.01363687610655267
H1,S2,0.32219035669474805,-0.03631250037122199,-0.079794403660431,-0.13707917180475923,-0.027274200194530404,-0.056506495495285365,0.0035893475899570113
H1,P,0.6666965405986739,-0.05106633342349116,-0.16389184254769384,-0.12531560771067665,-0.008752246297745262,0.06637917993152176,0.07251933732901332
H1,C3d_m,0.6191969887076537,-0.03426746695831707,-0.11939088780370156,-0.12160800494205332,-0.01317209411431146,0.04189167965504679,0.06781961358377236
H1,C3d_s,0.6105932962896581,-0.03365740471006923,-0.11877788282856616,-0.1235352143548835,-0.012979503618477847,0.03555567406640303,0.06514272825902227
K562,C1a,0.43658749563395033,-0.0373969637555011,0.11656958153081849,-0.1578161723840429,0.1362427540926235,0.001265052253005614,0.08880811852105917
K562,R1,0.4349109325881942,-0.034666342332299586,0.12427945777978965,-0.16086178584803193,0.14182273885570826,0.0020901621059480377,0.0903735842469347
K562,Q,0.43636046105483783,-0.03742201966094348,0.11636630131362775,-0.1598278657029599,0.13203159297308595,0.001224784734895554,0.08769254572891454
K562,S1,0.3238910234020258,-0.10312332139290613,0.04544195045699436,-0.13477201921942458,0.13994531483125766,0.0001078847358885444,0.06243569236779029
K562,S2,0.33564442892071256,-0.09612098410925836,0.06297324590396917,-0.1289574908911039,0.1348564538757621,0.0005751064485987351,0.06751529070965645
K562,P,0.441390150192106,-0.03007698905521901,0.12547018325729045,-0.15828139201405877,0.14093554991158752,0.0018574479139252512,0.09189532321014172
K562,C3d_m,0.4325881942018863,-0.04032753967113719,0.11236695115796506,-0.15934117462117595,0.13590678972954068,0.0012749105472242453,0.08713261183590672
K562,C3d_s,0.4287111421585748,-0.04320681906294914,0.11047959084499896,-0.16273284382590666,0.14082368625998404,0.0012402492416765634,0.08642030411322128
