heldout,class,n_top200_cells,sign_acc,fraction_of_top200
H1,single,21801,0.549011513233338,0.7730851063829787
H1,agree,3531,0.6697819314641744,0.1252127659574468
H1,conflict,2868,0.5474198047419805,0.1017021276595744
K562,single,52531,0.5190649330871295,0.7398732394366198
K562,agree,9788,0.5868410298324479,0.1378591549295774
K562,conflict,8681,0.5312751987098261,0.1222676056338028
CD4,single,61275,0.5186617707058343,0.9340701219512196
CD4,agree,2332,0.5698970840480274,0.0355487804878048
CD4,conflict,1993,0.5097842448569995,0.0303810975609756
