heldout,candidate,source,weight
H1,R1,K562,2.0
H1,R1,CD4,0.0
H1,R2,K562,2.0
H1,R2,CD4,0.0
H1,Q,K562,1.000026387650115
H1,Q,CD4,0.9999736123498852
H1,S2,K562,2.0
H1,S2,CD4,0.0
H1,S1_scale,K562,0.14739743567278643
H1,S1_scale,CD4,0.5233361416574256
H1,S2_scale,K562,0.14739743567278643
H1,S2_scale,CD4,0.5233361416574256
K562,R1,H1,2.0
K562,R1,CD4,0.0
K562,R2,H1,2.0
K562,R2,CD4,0.0
K562,Q,H1,0.993038271612832
K562,Q,CD4,1.0069617283871681
K562,S2,H1,2.0
K562,S2,CD4,0.0
K562,S1_scale,H1,0.5861116998981853
K562,S1_scale,CD4,0.4085470767225666
K562,S2_scale,H1,0.5861116998981853
K562,S2_scale,CD4,0.4085470767225666
CD4,R1,K562,0.20167008821381027
CD4,R1,H1,1.7983299117861897
CD4,R2,K562,0.5017352569753787
CD4,R2,H1,1.4982647430246212
CD4,Q,K562,1.0126670735360812
CD4,Q,H1,0.9873329264639189
CD4,S2,K562,0.20167008821381027
CD4,S2,H1,1.7983299117861897
CD4,S1_scale,K562,0.36907570797675815
CD4,S1_scale,H1,0.9046602206530251
CD4,S2_scale,K562,0.36907570797675815
CD4,S2_scale,H1,0.9046602206530251
