arc_target,K562 GWPS,H1 2025,CD4 DE,KOLF iPSC (GREEN),"VIPerturb K562 (GREEN, not dl)",Jurkat library (UNKNOWN),X-Atlas (BLOCKED)
BRPF1,1,1,1,1,1,1,1
HDAC8,1,1,1,1,1,1,1
SLIRP,1,1,1,1,1,1,1
TRAPPC6A,1,1,1,1,1,1,1
TWF2,1,1,1,1,1,1,1
ACLY,1,1,1,1,1,1,1
ZNF32,1,1,1,1,1,1,1
RNF2,1,1,1,1,1,1,1
STAT6,1,1,1,1,1,1,1
MTA1,1,1,1,1,1,1,1
SIN3B,1,1,1,1,1,1,1
NFE2L1,1,1,1,1,1,1,1
SHPRH,1,1,1,1,1,1,1
ZFP62,1,1,1,1,1,1,1
TARBP2,1,1,1,1,1,1,1
ANKZF1,1,1,1,1,1,1,1
MED13,1,1,1,1,1,1,1
MED15,1,1,1,1,1,1,1
AKT2,1,1,1,1,1,1,1
MED25,1,1,1,1,1,1,1
HSBP1,1,1,1,1,1,1,1
ADNP,1,1,1,1,1,1,1
SMARCA5,1,1,1,1,1,1,1
PHF23,1,0,1,1,1,1,1
PHF8,1,0,1,1,1,1,1
WBP4,1,0,1,1,1,1,1
VIM,1,0,1,1,1,1,1
PKN3,1,0,1,1,1,1,1
VAPB,1,0,1,1,1,1,1
PIN1,1,0,1,1,1,1,1
PINK1,1,0,1,1,1,1,1
PLAGL2,1,1,0,1,1,1,1
PLCG1,1,0,1,1,1,1,1
PNP,1,0,1,1,1,1,1
POLD4,1,0,1,1,1,1,1
USP28,1,0,1,1,1,1,1
PPIF,1,0,1,1,1,1,1
PPIP5K2,1,0,1,1,1,1,1
YIPF6,1,0,1,1,1,1,1
PCGF1,1,0,1,1,1,1,1
PGLS,1,0,1,1,1,1,1
NUP37,1,0,1,1,1,1,1
MTHFSD,1,0,1,1,1,1,1
MYD88,1,0,1,1,1,1,1
ZKSCAN1,1,0,1,1,1,1,1
NCLN,1,0,1,1,1,1,1
NGLY1,1,0,1,1,1,1,1
ZDHHC4,1,0,1,1,1,1,1
NIPAL3,1,0,1,1,1,1,1
NIPSNAP3A,1,0,1,1,1,1,1
NT5DC1,1,0,1,1,1,1,1
PAN2,1,0,1,1,1,1,1
ZBTB34,1,0,1,1,1,1,1
ZDHHC12,1,0,1,1,1,1,1
ZC3HAV1,1,0,1,1,1,1,1
ZBTB48,1,0,1,1,1,1,1
ZBTB41,1,0,1,1,1,1,1
PRDX3,1,0,1,1,1,1,1
PCGF6,1,0,1,1,1,1,1
PDCD4,1,0,1,1,1,1,1
PDE6D,1,0,1,1,1,1,1
PDK1,1,0,1,1,1,1,1
PQBP1,1,0,1,1,1,1,1
PTMS,1,0,1,1,1,1,1
PRKAB2,1,0,1,1,1,1,1
PRKACA,1,0,1,1,1,1,1
SLC39A1,1,0,1,1,1,1,1
TRIB3,1,0,1,1,1,1,1
SMARCC2,1,0,1,1,1,1,1
SMYD2,1,0,1,1,1,1,1
SND1,1,0,1,1,1,1,1
TMF1,1,0,1,1,1,1,1
TMEM41B,1,0,1,1,1,1,1
SRSF5,1,0,1,1,1,1,1
SSR4,1,0,1,1,1,1,1
TMEM186,1,0,1,1,1,1,1
STT3A,1,0,1,1,1,1,1
SUPT7L,1,0,1,1,1,1,1
SYVN1,1,0,1,1,1,1,1
TAF15,1,0,1,1,1,1,1
TMEM147,1,0,1,1,1,1,1
TBC1D13,1,0,1,1,1,1,1
TMED3,1,0,1,1,1,1,1
TMCO6,1,0,1,1,1,1,1
TIMM50,1,0,1,1,1,1,1
TIMM17B,1,0,1,1,1,1,1
TEX2,1,0,1,1,1,1,1
SLC25A13,1,0,1,1,1,1,1
SH2D3A,1,0,1,1,1,1,1
SFXN4,1,0,1,1,1,1,1
RBM18,1,0,1,1,1,1,1
PRMT2,1,0,1,1,1,1,1
UROS,1,0,1,1,1,1,1
PRNP,1,0,1,1,1,1,1
PSKH1,1,0,1,1,1,1,1
PTOV1,1,0,1,1,1,1,1
PYCR1,1,0,1,1,1,1,1
R3HCC1L,1,0,1,1,1,1,1
RAB5A,1,0,1,1,1,1,1
RABEP2,1,0,1,1,1,1,1
RBM26,1,0,1,1,1,1,1
SCAF8,1,0,1,1,1,1,1
RBM4B,1,0,1,1,1,1,1
RBM5,1,0,1,1,1,1,1
RC3H2,1,0,1,1,1,1,1
TRPC4AP,1,0,1,1,1,1,1
RFK,1,0,1,1,1,1,1
RNF10,1,0,1,1,1,1,1
RNF141,1,0,1,1,1,1,1
TRMT1,1,0,1,1,1,1,1
S100A11,1,0,1,1,1,1,1
MTF1,1,0,1,1,1,1,1
MSI2,1,0,1,1,1,1,1
THAP3,1,0,1,1,1,1,1
ZNF507,1,0,1,1,1,1,1
COMMD8,1,0,1,1,1,1,1
COQ10B,1,0,1,1,1,1,1
CSNK2A1,1,0,1,1,1,1,1
ZNF714,1,1,1,1,1,0,1
DBF4B,1,0,1,1,1,1,1
DCAF16,1,0,1,1,1,1,1
DCP2,1,0,1,1,1,1,1
DDHD1,1,0,1,1,1,1,1
ZNF641,1,0,1,1,1,1,1
DEK,1,0,1,1,1,1,1
DHRS1,1,0,1,1,1,1,1
ZNF628,1,0,1,1,1,1,1
ZNF627,1,0,1,1,1,1,1
DMTF1,1,0,1,1,1,1,1
DNTTIP1,1,0,1,1,1,1,1
DRG2,1,0,1,1,1,1,1
ZNF543,1,0,1,1,1,1,1
DVL3,1,0,1,1,1,1,1
E2F1,1,0,1,1,1,1,1
E2F4,1,0,1,1,1,1,1
ZNF530,1,0,1,1,1,1,1
ZNF526,1,0,1,1,1,1,1
MSANTD4,1,0,1,1,1,1,1
COIL,1,0,1,1,1,1,1
ZNF740,1,0,1,1,1,1,1
ZNF768,1,0,1,1,1,1,1
BCKDK,1,0,1,1,1,1,1
AGO1,1,0,1,1,1,1,1
AKAP1,1,0,1,1,1,1,1
ZNF821,1,0,1,1,1,1,1
ALG12,1,0,1,1,1,1,1
ZNF786,1,0,1,1,1,1,1
ANP32B,1,0,1,1,1,1,1
AP2A2,1,0,1,1,1,1,1
API5,1,0,1,1,1,1,1
ARL14EP,1,0,1,1,1,1,1
ASCC2,1,0,1,1,1,1,1
BCL6,1,0,1,1,1,1,1
CHD6,1,0,1,1,1,1,1
BCL7C,1,0,1,1,1,1,1
BRD1,1,0,1,1,1,1,1
ZNF784,1,0,1,1,1,1,1
CAND1,1,0,1,1,1,1,1
ZNF783,1,0,1,1,1,1,1
CARM1,1,0,1,1,1,1,1
CAT,1,0,1,1,1,1,1
CCDC112,1,0,1,1,1,1,1
ZNF777,1,0,1,1,1,1,1
CHD3,1,0,1,1,1,1,1
ZNF514,1,0,1,1,1,1,1
ELK1,1,0,1,1,1,1,1
EPM2AIP1,1,0,1,1,1,1,1
KMT2A,1,0,1,1,1,1,1
HSP90AB1,1,0,1,1,1,1,1
IFI27L2,1,0,1,1,1,1,1
ZNF282,1,0,1,1,1,1,1
ZNF280C,1,0,1,1,1,1,1
IREB2,1,0,1,1,1,1,1
KDM5A,1,0,1,1,1,1,1
KHDRBS1,1,0,1,1,1,1,1
KHSRP,1,0,1,1,1,1,1
ZNF251,1,0,1,1,1,1,1
KIF2A,1,0,1,1,1,1,1
ZNF22,1,0,1,1,1,1,1
HMGXB3,1,0,1,1,1,1,1
LMAN1,1,0,1,1,1,1,1
LMBRD2,1,0,1,1,1,1,1
LPCAT3,1,0,1,1,1,1,1
MAN2A1,1,0,1,1,1,1,1
MAP2K2,1,0,1,1,1,1,1
MAPK12,1,0,1,1,1,1,1
ZNF219,1,0,1,1,1,1,1
MARCKSL1,1,0,1,1,1,1,1
MBD4,1,0,1,1,1,1,1
ZNF174,1,0,1,1,1,1,1
HOMEZ,1,0,1,1,1,1,1
IFNAR2,1,0,1,1,1,1,1
HMGN4,1,0,1,1,1,1,1
ZNF444,1,0,1,1,1,1,1
EZH2,1,0,1,1,1,1,1
FAM120A,1,0,1,1,1,1,1
FCGRT,1,0,1,1,1,1,1
FHL3,1,0,1,1,1,1,1
FOXN2,1,0,1,1,1,1,1
FOXO4,1,0,1,1,1,1,1
FUBP3,1,0,1,1,1,1,1
FXYD5,1,0,1,1,1,1,1
ZNF496,1,0,1,1,1,1,1
GIGYF2,1,0,1,1,1,1,1
THAP7,1,0,1,1,1,1,1
ZNF397,1,0,1,1,1,1,1
GRAMD1A,1,0,1,1,1,1,1
GTF2IRD1,1,0,1,1,1,1,1
HDAC1,1,0,1,1,1,1,1
ZHX3,1,0,1,1,0,1,1
ZNF16,1,0,0,1,1,1,1
ZKSCAN3,1,0,0,1,1,1,1
UPF3B,1,0,0,1,1,1,1
ZKSCAN2,1,0,0,1,1,1,1
ZNF670,1,0,0,1,1,1,1
TMEM104,0,0,1,1,1,1,1
TMEM79,0,0,1,1,1,1,1
TXNDC16,0,0,1,1,1,1,1
TRIP4,1,0,1,0,1,1,1
ZNF462,1,0,0,1,1,1,1
ZNF410,1,0,1,1,0,1,1
TRIM35,1,0,1,1,0,1,1
ZNF25,1,0,0,1,1,1,1
TMEM209,1,0,1,1,0,1,1
ZNF324,1,0,0,1,1,1,1
ZRANB3,1,0,0,1,1,1,1
TFCP2,1,0,1,1,0,1,1
GLI3,1,0,0,1,1,1,1
MYRF,1,0,0,1,1,1,1
MYPOP,1,0,0,1,1,1,1
MTM1,1,0,1,0,1,1,1
MLLT10,1,0,0,1,1,1,1
MLKL,0,0,1,1,1,1,1
MAPK7,0,0,1,1,1,1,1
LDLR,1,0,0,1,1,1,1
IFNGR2,1,0,1,0,1,1,1
HMGN3,1,0,1,1,0,1,1
HEATR6,0,0,1,1,1,1,1
GPATCH8,1,0,1,1,0,1,1
GMEB2,1,0,0,1,1,1,1
GLYR1,1,0,1,1,1,1,0
FZD2,1,0,0,1,1,1,1
PAPOLA,1,0,1,1,0,1,1
EPC2,1,0,1,1,0,1,1
EEF1A2,1,0,0,1,1,1,1
EAPP,1,0,0,1,1,1,1
DTNBP1,1,0,1,0,1,1,1
DLAT,0,0,1,1,1,1,1
DHX35,1,0,1,1,0,1,1
DEAF1,1,0,0,1,1,1,1
DBN1,1,0,0,1,1,1,1
CYTH2,1,0,0,1,1,1,1
CLCN6,1,0,0,1,1,1,1
CHKB,1,0,1,0,1,1,1
CDK8,1,0,1,1,1,1,0
AKIRIN1,1,0,1,1,0,1,1
NAIF1,1,0,0,1,1,1,1
NABP2,1,0,0,1,1,1,1
REV1,1,0,0,1,1,1,1
POR,1,0,1,1,0,1,1
SNRK,1,0,1,0,1,1,1
SAP30L,1,0,0,1,1,1,1
RSRC1,1,0,1,0,1,1,1
SNX4,1,0,0,1,1,1,1
SOCS5,0,0,1,1,1,1,1
RAB11FIP5,0,0,1,1,1,1,1
SPATA20,0,0,1,1,1,1,1
PRMT7,1,0,0,1,1,1,1
TBCK,1,0,1,0,1,1,1
PRMT6,1,0,0,1,1,1,1
PIM2,1,0,0,1,1,1,1
PI4KB,1,0,0,1,1,1,1
TDRD7,0,0,1,1,1,1,1
PHF11,0,0,1,1,1,1,1
TEAD4,1,0,0,1,1,1,1
PATL1,1,0,1,1,0,1,1
SLC44A1,0,0,0,1,1,1,1
TBC1D19,0,0,1,0,1,1,1
TAF4,0,0,0,1,1,1,1
STK3,1,0,0,0,1,1,1
CAPRIN2,0,0,0,1,1,1,1
C5orf22,1,0,0,1,1,1,0
ANKRD52,0,0,0,1,1,1,1
SNN,0,0,0,1,1,1,1
ZC2HC1A,0,0,1,0,1,1,1
SEMA4F,0,0,0,1,1,1,1
PARP3,0,0,0,1,1,1,1
TTBK2,0,0,1,0,1,1,1
PSMB9,0,0,1,0,1,1,1
UNK,1,0,1,1,0,1,0
IL10RB,1,0,1,0,1,1,0
KIF21B,0,0,0,1,1,1,1
PHF19,0,0,0,1,1,1,1
PDK3,0,0,1,1,0,1,1
TESK2,0,0,1,0,1,1,1
NICN1,0,0,0,1,1,1,1
ABCD1,0,0,0,1,1,1,1
EPHB2,0,0,0,0,1,1,1
LENG1,1,0,0,0,0,1,1
PBLD,0,0,0,0,1,1,1
