source,target,reliability
KOLF,ABCD1,0.2866827356657895
KOLF,ACAT2,0.0940511139527878
KOLF,ACLY,0.152130728710265
KOLF,ACVR1B,0.2624073857354219
KOLF,ADNP,0.1129729513282285
KOLF,AGO1,0.1571696165931357
KOLF,AKAP1,0.217898320032979
KOLF,AKIRIN1,0.2841155813283795
KOLF,AKT2,0.344833954374879
KOLF,ALG12,0.3976861939524784
KOLF,ANKRD52,0.1193149699576142
KOLF,ANKZF1,0.1371052047895761
KOLF,ANP32B,0.0885557322618811
KOLF,ANTXR1,0.1981119277972483
KOLF,AP2A2,0.1053647202223334
KOLF,API5,0.1039531886863808
KOLF,ARID1A,0.1956346025018591
KOLF,ARL14EP,0.1074745597968456
KOLF,ASCC2,0.3610460893221701
KOLF,ATM,0.194747884258575
KOLF,ATP1B1,0.0931708040692734
KOLF,ATP6V0B,0.2703141621422679
KOLF,ATP6V0C,0.1603455844375456
KOLF,BCKDK,0.373115506884792
KOLF,BCL6,0.2647032642189884
KOLF,BCL7C,0.1539398649564825
KOLF,BIRC2,0.127196243036139
KOLF,BRD1,0.2555894799626814
KOLF,BRPF1,0.2655360383238265
KOLF,C1QBP,0.2673906822424516
KOLF,C5orf22,0.1592411289611588
KOLF,CALM3,0.267685758389186
KOLF,CAMSAP2,0.0858560873095812
KOLF,CAND1,0.1210079860406934
KOLF,CAPRIN2,0.524545757399883
KOLF,CASP2,0.3080267491504499
KOLF,CASP3,0.4292453199476154
KOLF,CAT,0.1045171971298071
KOLF,CCDC112,0.1567576166289416
KOLF,CDCA2,0.2634510859503962
KOLF,CDK8,0.1660628062664917
KOLF,CENPO,0.0628993269265144
KOLF,CHD3,0.0897622838406978
KOLF,CHD6,0.0962447622131794
KOLF,CLCN6,0.0808198413863082
KOLF,CLDN6,0.3580858770300366
KOLF,CLDN7,0.3140404358232121
KOLF,COIL,0.24274983472683
KOLF,COMMD8,0.1222050174239367
KOLF,COQ10B,0.0930510502166495
KOLF,CREG1,0.2398004607015253
KOLF,CSNK2A1,0.1396985471951348
KOLF,CYTH2,0.2714152240846346
KOLF,DAXX,0.0592837476897266
KOLF,DBF4B,0.2300353592072341
KOLF,DBN1,0.2091436757660095
KOLF,DCAF16,0.1198910176013061
KOLF,DCP2,0.2803003601227786
KOLF,DDHD1,0.0976014983704309
KOLF,DEAF1,0.1990019970202637
KOLF,DEK,0.1469789276683171
KOLF,DHCR24,0.3071257785755237
KOLF,DHRS1,0.1118695623845633
KOLF,DHX35,0.1372885504944456
KOLF,DHX36,0.3488269602048862
KOLF,DLAT,0.1013073446474459
KOLF,DLG5,0.1443003818456526
KOLF,DMTF1,0.154528208459988
KOLF,DNAJA3,0.0928671128283072
KOLF,DNMT1,0.3999426739072788
KOLF,DNTTIP1,0.1317246744092968
KOLF,DRG2,0.1262678382383726
KOLF,DVL3,0.1072135550180766
KOLF,DZIP3,0.146984049361708
KOLF,E2F1,0.091153144786266
KOLF,E2F4,0.1574134091123215
KOLF,EAPP,0.1511142626181879
KOLF,EEF1A2,0.1628895055042935
KOLF,EID2,0.1024436015241868
KOLF,EIF4B,0.3104114765719701
KOLF,ELK1,0.2073449366216432
KOLF,EPB41L2,0.1645301962286434
KOLF,EPC2,0.1568791983681573
KOLF,EPHB4,0.1697714236966098
KOLF,EPM2AIP1,0.2582077403886197
KOLF,ETV4,0.1312033427320609
KOLF,EWSR1,0.1080289486190982
KOLF,EZH2,0.2381491756975241
KOLF,FAM120A,0.098198423410278
KOLF,FCGRT,0.2031534147535532
KOLF,FHL3,0.136120292369634
KOLF,FOXH1,0.2445300909812346
KOLF,FOXN2,0.1711535550162781
KOLF,FOXO4,0.0819924333632926
KOLF,FUBP3,0.0981661878354865
KOLF,FXYD5,0.3141773994185621
KOLF,FZD2,0.3953949074726263
KOLF,GIGYF2,0.2156703603022151
KOLF,GLI3,0.1324292505003123
KOLF,GLYR1,0.1776865532239402
KOLF,GMEB2,0.1577905908808617
KOLF,GPATCH8,0.0601866654759422
KOLF,GRAMD1A,0.1159589817508933
KOLF,GSK3B,0.1362648940989183
KOLF,GTF2IRD1,0.1776145409807501
KOLF,HAT1,0.1042781709794367
KOLF,HDAC1,0.1864893973827109
KOLF,HDAC8,0.1329580332590332
KOLF,HEATR6,0.1970730653162415
KOLF,HIRA,0.1233489722422174
KOLF,HMGB2,0.1875630373035666
KOLF,HMGN1,0.1353365311175716
KOLF,HMGN3,0.1780358652558299
KOLF,HMGN4,0.1388272079948182
KOLF,HMGXB3,0.126890998982149
KOLF,HOMEZ,0.1559797150872953
KOLF,HSBP1,0.1311187406204847
KOLF,HSP90AB1,0.2083329568839716
KOLF,IDE,0.1461145905746087
KOLF,IFI27L2,0.1429993828686107
KOLF,IFNAR2,0.1578635549456726
KOLF,IGF2R,0.3885415032632592
KOLF,IKBKG,0.1533177442356368
KOLF,INSIG1,0.1004510617075886
KOLF,IREB2,0.2321181307373259
KOLF,IRF3,0.1299035970808693
KOLF,KAT2A,0.4383033311297666
KOLF,KDM1A,0.2557942263450971
KOLF,KDM2B,0.1421452340637913
KOLF,KDM5A,0.1157479394499967
KOLF,KDR,0.1800348673433701
KOLF,KHDRBS1,0.3050182056107221
KOLF,KHSRP,0.1970889887425129
KOLF,KIF1B,0.1527436914646505
KOLF,KIF20A,0.1869972783500334
KOLF,KIF21B,0.1199693802331882
KOLF,KIF2A,0.0999686752487954
KOLF,KLF10,0.2004140873322505
KOLF,KMT2A,0.1651670132774485
KOLF,LAD1,0.2036665175994696
KOLF,LDLR,0.3226190219403717
KOLF,LMAN1,0.1319082100782639
KOLF,LMBRD2,0.1550831637525086
KOLF,LPCAT3,0.100187756576147
KOLF,LRPPRC,0.1397500595873451
KOLF,LZTR1,0.1663988914580296
KOLF,MAN2A1,0.1984433232063226
KOLF,MAP1B,0.256094738165054
KOLF,MAP2K2,0.2153442747636051
KOLF,MAP3K7,0.1597747025804984
KOLF,MAPK12,0.0915837937961207
KOLF,MAPK7,0.4110347727950337
KOLF,MAPKAPK2,0.4213422907592462
KOLF,MARCKSL1,0.3219854764477166
KOLF,MAST2,0.1267907696698207
KOLF,MAU2,0.1855985931576924
KOLF,MBD4,0.2019780159896327
KOLF,MBTPS1,0.2241489956449545
KOLF,MED1,0.1957013119734155
KOLF,MED12,0.0954881850800177
KOLF,MED13,0.1656031516066467
KOLF,MED13L,0.1702717617371991
KOLF,MED15,0.3121894280446343
KOLF,MED24,0.2311324726250163
KOLF,MED25,0.1685115444991844
KOLF,METTL14,0.2025020520376425
KOLF,METTL17,0.1004218924351774
KOLF,METTL3,0.3484533967669103
KOLF,MKI67,0.1256351164248824
KOLF,MLKL,0.1374613408543593
KOLF,MLLT10,0.1228242238482228
KOLF,MSANTD4,0.3164048873060291
KOLF,MSI2,0.1012211676029378
KOLF,MTA1,0.2178155062738535
KOLF,MTF1,0.1335810558312975
KOLF,MTHFSD,0.1545524888553843
KOLF,MYD88,0.42198527171356
KOLF,MYPOP,0.1596004283348792
KOLF,MYRF,0.1345956404725505
KOLF,NABP2,0.1520139827343631
KOLF,NAIF1,0.2106813991161546
KOLF,NCK2,0.1312773420358439
KOLF,NCLN,0.2673318028360338
KOLF,NDUFB4,0.2888055855936982
KOLF,NDUFB6,0.0949595503072453
KOLF,NFE2L1,0.1139971906870513
KOLF,NGLY1,0.1226918942971785
KOLF,NICN1,0.1103341405915734
KOLF,NIPAL3,0.1287558677156259
KOLF,NIPSNAP3A,0.1015955869178796
KOLF,NISCH,0.3147111025048625
KOLF,NIT1,0.2494968504909732
KOLF,NRAS,0.3031228918166495
KOLF,NREP,0.2162123149783928
KOLF,NT5DC1,0.1149996669753101
KOLF,NUP37,0.1374713470463925
KOLF,OXCT1,0.0736216192726445
KOLF,PAGR1,0.3058057291730394
KOLF,PAN2,0.2335906079962476
KOLF,PAPOLA,0.2551230843713264
KOLF,PARP3,0.1492710731569997
KOLF,PATL1,0.3299728315152976
KOLF,PBX1,0.1211990057266374
KOLF,PCGF1,0.2631559264610369
KOLF,PCGF6,0.2571274829433642
KOLF,PDCD4,0.1100548384260261
KOLF,PDE6D,0.1329594039435712
KOLF,PDK1,0.1496535826677959
KOLF,PDK3,0.1112691726724936
KOLF,PGLS,0.2955845773459686
KOLF,PHF10,0.1282704015608647
KOLF,PHF11,0.1920036532734306
KOLF,PHF14,0.1915622698525533
KOLF,PHF19,0.143076376348052
KOLF,PHF23,0.1144724710831397
KOLF,PHF8,0.1372707231008403
KOLF,PI4KB,0.1568485827648235
KOLF,PIM2,0.1451837394679036
KOLF,PIN1,0.3006219923116
KOLF,PINK1,0.1320643061093379
KOLF,PKN3,0.2252079663215357
KOLF,PLAGL2,0.1949778970617311
KOLF,PLCB3,0.1149733137562327
KOLF,PLCG1,0.2590636172872423
KOLF,PMEL,0.1220485948290016
KOLF,PMS1,0.1600843870540982
KOLF,PNP,0.2287071646758303
KOLF,POLB,0.1189241784080002
KOLF,POLD4,0.1729142925609417
KOLF,POR,0.2828241555555376
KOLF,PPIF,0.2978609772413897
KOLF,PPIP5K2,0.2519484911092858
KOLF,PQBP1,0.2846079778221209
KOLF,PRCP,0.270582900396105
KOLF,PRDM14,0.2802514445239568
KOLF,PRDX3,0.2823054835402568
KOLF,PRKAB2,0.1683556711747465
KOLF,PRKACA,0.1162887668671711
KOLF,PRMT2,0.1411188088963782
KOLF,PRMT6,0.0783985380235089
KOLF,PRMT7,0.1328457382234942
KOLF,PRNP,0.1473674802525828
KOLF,PRR12,0.0886122624979575
KOLF,PSKH1,0.1962335249409647
KOLF,PTMS,0.2096905992638249
KOLF,PTOV1,0.1707216613986587
KOLF,PTPN1,0.4896333509643414
KOLF,PYCR1,0.3046614562908829
KOLF,R3HCC1L,0.1047225475905258
KOLF,RAB11FIP5,0.1698457194579591
KOLF,RAB3B,0.1126065092905055
KOLF,RAB5A,0.31842238435486
KOLF,RABEP2,0.3031183064277362
KOLF,RAF1,0.1721102710399301
KOLF,RBM18,0.2516399486201428
KOLF,RBM26,0.2309536350552561
KOLF,RBM4B,0.1500182471869701
KOLF,RBM5,0.1787578425585161
KOLF,RC3H2,0.1518656927185318
KOLF,REV1,0.1657423871484147
KOLF,RFK,0.1922279769766317
KOLF,RNF10,0.1466872584014889
KOLF,RNF141,0.3797732597616254
KOLF,RNF2,0.2265508862886266
KOLF,RNF20,0.1620066885545715
KOLF,RRM1,0.3496080381675681
KOLF,S100A11,0.3371010970318713
KOLF,SAFB,0.0797814068864223
KOLF,SALL4,0.1949125523978611
KOLF,SAP30L,0.1163126216248474
KOLF,SCAF8,0.3450036630825289
KOLF,SDC1,0.1722161283474258
KOLF,SEC62,0.1771636909604435
KOLF,SEMA4F,0.0770703285958437
KOLF,SFXN4,0.1458089120853029
KOLF,SH2D3A,0.2303678940618077
KOLF,SHPRH,0.1839043837042481
KOLF,SIN3B,0.3398426485116624
KOLF,SIX4,0.1851111043500419
KOLF,SLC25A13,0.1830168486114032
KOLF,SLC25A3,0.2717371732791715
KOLF,SLC39A1,0.3957183389494765
KOLF,SLC39A6,0.3268299274882298
KOLF,SLC44A1,0.1511718248114836
KOLF,SLIRP,0.0823005101617665
KOLF,SMAGP,0.1224261956624238
KOLF,SMARCA4,0.3527424370422699
KOLF,SMARCA5,0.1852302404626281
KOLF,SMARCC2,0.150490589028199
KOLF,SMYD2,0.2043823467461523
KOLF,SND1,0.1627679752806164
KOLF,SNN,0.455276695520401
KOLF,SNX4,0.0902492431195549
KOLF,SOCS5,0.13904368484634
KOLF,SOX2,0.1954945777063517
KOLF,SPATA20,0.3761734001284
KOLF,SRC,0.0784557608816415
KOLF,SRSF5,0.2449147928157338
KOLF,SSBP1,0.1324377777111081
KOLF,SSR4,0.0862960665340858
KOLF,STAG2,0.1335323131902807
KOLF,STAT1,0.1393449948117969
KOLF,STAT6,0.1300207096670069
KOLF,STT3A,0.1895376558927747
KOLF,STX4,0.122635170733105
KOLF,SUPT4H1,0.1846060714354381
KOLF,SUPT7L,0.2455362972177426
KOLF,SV2A,0.3746554889963294
KOLF,SYVN1,0.358147647809597
KOLF,TADA1,0.2775335592174787
KOLF,TAF13,0.1934798025416531
KOLF,TAF15,0.1219804967358619
KOLF,TAF4,0.2936894578952787
KOLF,TARBP2,0.1229437802004248
KOLF,TBC1D13,0.3348043296338768
KOLF,TCF3,0.1323326805522874
KOLF,TDRD7,0.1177248852477851
KOLF,TEAD4,0.2372086686932809
KOLF,TET1,0.1121315378912224
KOLF,TEX2,0.1929263931621997
KOLF,TFAM,0.0959487523306298
KOLF,TFCP2,0.1104627698322091
KOLF,TGFBR2,0.3425746954328397
KOLF,THAP3,0.1302967496258914
KOLF,THAP7,0.136643895753765
KOLF,TIMM17B,0.1243480566593311
KOLF,TIMM50,0.2138562324306511
KOLF,TMBIM6,0.274916886498758
KOLF,TMCO6,0.3491193174132928
KOLF,TMED3,0.1101115251221747
KOLF,TMEM104,0.1110224106663846
KOLF,TMEM147,0.2562185340672933
KOLF,TMEM186,0.1113329977288055
KOLF,TMEM209,0.133785852942479
KOLF,TMEM41B,0.2201406709855936
KOLF,TMEM79,0.1426873704788596
KOLF,TMF1,0.1512090186403547
KOLF,TMSB10,0.233823920144569
KOLF,TMSB4X,0.3997136534280555
KOLF,TRAM2,0.0932566431787087
KOLF,TRAPPC6A,0.0785197204737941
KOLF,TRIB3,0.2797688435789395
KOLF,TRIM35,0.4276464122828166
KOLF,TRMT1,0.1417323011851005
KOLF,TRPC4AP,0.2362430589740726
KOLF,TSC22D4,0.1631370481655038
KOLF,TWF2,0.2759813837998755
KOLF,TXNDC16,0.2048804112372605
KOLF,TXNDC9,0.1072273294022159
KOLF,UBE3C,0.1752650634208544
KOLF,UNK,0.1433347099974446
KOLF,UPF3B,0.1596676962643559
KOLF,UQCRQ,0.2247542782191621
KOLF,UROS,0.1569779585931914
KOLF,USP22,0.1288384335003727
KOLF,USP28,0.4680755710594771
KOLF,VAPB,0.2290771973212599
KOLF,VIM,0.3250364822616466
KOLF,WBP4,0.11103495012322
KOLF,WFS1,0.2922346747638325
KOLF,WSB2,0.0680632122026394
KOLF,XRCC4,0.1467366413148086
KOLF,YIPF6,0.2453935033941043
KOLF,ZBTB34,0.1399403572958986
KOLF,ZBTB41,0.0768095927081553
KOLF,ZBTB48,0.1341357533949131
KOLF,ZC3HAV1,0.0671995885176305
KOLF,ZDHHC12,0.3370240182685988
KOLF,ZDHHC4,0.3152765390155401
KOLF,ZFP62,0.2257579025623887
KOLF,ZHX3,0.1470098466348723
KOLF,ZKSCAN1,0.156896190040656
KOLF,ZKSCAN2,0.1594952950810243
KOLF,ZKSCAN3,0.1495583888284803
KOLF,ZNF16,0.1644584979352273
KOLF,ZNF174,0.1618851940656172
KOLF,ZNF219,0.2113148330064419
KOLF,ZNF22,0.1265468932699933
KOLF,ZNF25,0.127632519124784
KOLF,ZNF251,0.1345286402964141
KOLF,ZNF280C,0.1502156306143299
KOLF,ZNF282,0.1556683315793847
KOLF,ZNF286A,0.2163405034659802
KOLF,ZNF32,0.124730102005384
KOLF,ZNF324,0.102627016731905
KOLF,ZNF397,0.1255709835327622
KOLF,ZNF410,0.1374700590712431
KOLF,ZNF426,0.1931550124308245
KOLF,ZNF444,0.1159203184244892
KOLF,ZNF462,0.2809382044058906
KOLF,ZNF496,0.1759711521588794
KOLF,ZNF507,0.0874997231963212
KOLF,ZNF514,0.1487072691650934
KOLF,ZNF526,0.1561165555665477
KOLF,ZNF530,0.1314331196468998
KOLF,ZNF543,0.1289565086268676
KOLF,ZNF562,0.1874053248138424
KOLF,ZNF593,0.0690322749216343
KOLF,ZNF627,0.1619794955814389
KOLF,ZNF628,0.121989188922195
KOLF,ZNF641,0.106554847373521
KOLF,ZNF670,0.1269682134237239
KOLF,ZNF714,0.1666290764703953
KOLF,ZNF740,0.1855348131010195
KOLF,ZNF768,0.178774342396393
KOLF,ZNF777,0.1779224543769823
KOLF,ZNF783,0.145808033896585
KOLF,ZNF784,0.1558113198274249
KOLF,ZNF786,0.1564039708336128
KOLF,ZNF821,0.1174721178883033
KOLF,ZRANB3,0.1705353127215104
H1,ACAT2,0.943842695196444
H1,ACVR1B,0.8266267037037676
H1,AKT2,0.8510658058321958
H1,ANTXR1,0.6597943940709884
H1,ARID1A,0.937828660139974
H1,ATM,0.7938956505089745
H1,ATP1B1,0.6722930627148598
H1,ATP6V0B,0.4376240400402689
H1,BIRC2,0.8498369309585413
H1,BRD9,0.4587386646317372
H1,C1QBP,0.8174099155970569
H1,CALM3,0.6436769638239193
H1,CAMSAP2,0.6700897765773306
H1,CASP2,0.6571697138191337
H1,CASP3,0.9519153449189915
H1,CAST,0.7757328446205451
H1,CDCA2,0.7933355172118213
H1,CENPO,0.763760320238083
H1,CHMP3,0.8927272835402211
H1,CLDN6,0.7077648559972832
H1,CLDN7,0.7537356481582121
H1,CREG1,0.6607300565034233
H1,DAXX,0.8222263187825207
H1,DHCR24,0.7883261544012028
H1,DHX36,0.9848707160976092
H1,DLG5,0.8740453008790507
H1,DNAJA3,0.6896145655014269
H1,DNMT1,0.9817904839146144
H1,DZIP3,0.5371579326730445
H1,EID2,0.7483725097391007
H1,EIF4B,0.9343326460260142
H1,EPB41L2,0.9120117685716738
H1,EPHB4,0.7358170914582939
H1,ETV4,0.8805964985846103
H1,EWSR1,0.885842963464832
H1,FDPS,0.8946513353267339
H1,FOXH1,0.8437895903716202
H1,GSK3B,0.9384763537529246
H1,HAT1,0.8137998652959366
H1,HIRA,0.7807301886056393
H1,HMGB2,0.8118754069346982
H1,HMGN1,0.7245527110859973
H1,HSBP1,0.7216806816577274
H1,IDE,0.6336764614084216
H1,IGF2R,0.7131675024150624
H1,IKBKG,0.658586670759843
H1,INSIG1,0.9453260466905188
H1,IRF3,0.728463145747348
H1,KAT2A,0.9744986334849404
H1,KDM1A,0.9755502266968143
H1,KDM2B,0.7796269716700518
H1,KDR,0.772882457463954
H1,KIF1B,0.6920272590176559
H1,KIF20A,0.9009766976974418
H1,KLF10,0.7444959424664404
H1,LAD1,0.5979949576532817
H1,LRPPRC,0.8970781335921704
H1,LZTR1,0.938632306003508
H1,MAP1B,0.6402037536006681
H1,MAP3K7,0.7268477228881819
H1,MAPKAPK2,0.7126999470528544
H1,MAST2,0.7145928575523282
H1,MAU2,0.9781714488665878
H1,MBTPS1,0.937916306231509
H1,MED1,0.8647337184831968
H1,MED12,0.8700261797095157
H1,MED13,0.8941183437663957
H1,MED13L,0.7714286454163326
H1,MED24,0.9345583540488556
H1,METTL14,0.9812386455594708
H1,METTL17,0.8531422910325382
H1,METTL3,0.980991192257942
H1,MKI67,0.7169068738232272
H1,MTA1,0.8834048113737991
H1,NCK2,0.6501286794594779
H1,NDUFB4,0.8029777559346956
H1,NDUFB6,0.7564497517394222
H1,NISCH,0.8246553002279625
H1,NIT1,0.9304760595426104
H1,NRAS,0.7649591775841349
H1,NREP,0.853559696227559
H1,OXA1L,0.6875272608723221
H1,OXCT1,0.9184941023643732
H1,PAGR1,0.7737341403587894
H1,PBX1,0.7257255162052055
H1,PHF10,0.8381241509840679
H1,PHF14,0.7682998779134277
H1,PLCB3,0.7391258825252843
H1,PMEL,0.6553673756291515
H1,PMS1,0.7068273511168521
H1,POLB,0.7693042343759269
H1,PRCP,0.7388341686910934
H1,PRDM14,0.97788701592033
H1,PRR12,0.8847553522866688
H1,PTPN1,0.671929413383225
H1,RAB3B,0.4820296667471687
H1,RAF1,0.7645209655611388
H1,RNF2,0.9571346587384936
H1,RNF20,0.8595562942399944
H1,RRM1,0.711216807345461
H1,SAFB,0.916524616370926
H1,SALL4,0.8920541419063085
H1,SDC1,0.5884872137338881
H1,SEC62,0.8377197213343094
H1,SHPRH,0.5684831376382515
H1,SIN3B,0.965109149403082
H1,SIX4,0.7183734853716086
H1,SLC25A3,0.7873647140130191
H1,SLC39A6,0.8115340649621472
H1,SMAGP,0.8584548213593937
H1,SMARCA4,0.9918131303374934
H1,SMARCA5,0.9784172767407244
H1,SNCA,0.6982614465526561
H1,SOX2,0.9780230609507696
H1,SRC,0.6464801944397846
H1,SSBP1,0.8125963539407242
H1,STAG2,0.9591884852473044
H1,STAT1,0.683082835156651
H1,STAT6,0.876317035287684
H1,STX4,0.8236219356580461
H1,SUPT4H1,0.960568605464398
H1,SV2A,0.6979281796290214
H1,TADA1,0.9617424795374048
H1,TAF13,0.8833593766534753
H1,TARBP2,0.7597165279230206
H1,TAZ,0.7036055417504727
H1,TCF3,0.7734397928158817
H1,TET1,0.7776234455163182
H1,TFAM,0.8986940767972981
H1,TGFBR2,0.9383402630406076
H1,TMBIM6,0.5481537799175786
H1,TMSB10,0.9504392819409012
H1,TMSB4X,0.6972061854528172
H1,TRAM2,0.6951546626750932
H1,TRAPPC6A,0.8888887774530954
H1,TSC22D4,0.7361402375354887
H1,TWF2,0.7434084972299242
H1,TXNDC9,0.6285748531910073
H1,UBE3C,0.8599612882376564
H1,UQCRQ,0.8540363430831154
H1,USP22,0.8280815361486371
H1,WFS1,0.6387777122765701
H1,WSB2,0.8680608223970663
H1,XRCC4,0.739103401457807
H1,ZNF286A,0.6673126682068753
H1,ZNF426,0.6861977275834843
H1,ZNF562,0.4259103614230737
H1,ZNF593,0.7471851316449136
H1,ZNF714,0.7629133756995693
K562,ACAT2,0.062689930384426
K562,ACLY,0.1492434536021266
K562,ACVR1B,0.0166056728297065
K562,ADNP,0.1868428304015674
K562,AGO1,0.1556689526159616
K562,AKAP1,0.0
K562,AKIRIN1,0.0907634147213214
K562,AKT2,0.2001037603036929
K562,ALG12,0.0399733997672679
K562,ANKZF1,0.0397842764908227
K562,ANP32B,0.3357146134046001
K562,AP2A2,0.056794181109829
K562,API5,0.1652030164505674
K562,ARID1A,0.3299426304130486
K562,ARL14EP,0.1541003700867111
K562,ASCC2,0.1310018661575741
K562,ATM,0.0885722387977112
K562,ATP6V0B,0.1336463501285394
K562,ATP6V0C,0.0195744765910431
K562,BCKDK,0.1051423476111753
K562,BCL6,0.0
K562,BCL7C,0.0
K562,BIRC2,0.1320540575600359
K562,BRD1,0.2137274984991702
K562,BRD9,0.092152445618642
K562,BRPF1,0.1035401206294208
K562,C1QBP,0.4624854217872434
K562,C5orf22,0.2583615476424633
K562,CALM3,0.0078685088108429
K562,CAND1,0.1268151001911711
K562,CARM1,0.1735285704696553
K562,CASP2,0.0207547985820336
K562,CASP3,0.1992483134624087
K562,CAST,0.1146535744484021
K562,CAT,0.0804803453189472
K562,CCDC112,0.152944822785219
K562,CDCA2,0.0632067871059616
K562,CDK8,0.0398458805651454
K562,CENPO,0.0361641883985901
K562,CHD3,0.0752396667639704
K562,CHD6,0.0840451503137861
K562,CHKB,0.2627908526106314
K562,CHMP3,0.2456163349426773
K562,CLCN6,0.0311646807532053
K562,CLDN6,0.0
K562,CLDN7,0.0110068274371907
K562,COIL,0.0606285326723482
K562,COMMD8,0.1433041356125328
K562,COQ10B,0.2236436384287109
K562,CREG1,0.0859492794451588
K562,CSNK2A1,0.1449991421530921
K562,CYTH2,0.060485556376293
K562,DAXX,0.2085515540536281
K562,DBF4B,0.0965497605669772
K562,DBN1,0.079327522711189
K562,DCAF16,0.0452386536346607
K562,DCP2,0.3854264743525591
K562,DDHD1,0.0237737943702155
K562,DEAF1,0.0326051416012892
K562,DEK,0.0797567670145367
K562,DHCR24,0.0035584732978251
K562,DHRS1,0.0384189246635641
K562,DHX35,0.073381193054123
K562,DHX36,0.6669607516238306
K562,DLG5,0.0440537538852815
K562,DMTF1,0.0682998723246681
K562,DNAJA3,0.4714610357744618
K562,DNMT1,0.7579839234201685
K562,DNTTIP1,0.3207752867173281
K562,DRG2,0.0100892495915218
K562,DTNBP1,0.0732730401980115
K562,DVL3,0.0878318310928297
K562,E2F1,0.1752225705506494
K562,E2F4,0.037455774841372
K562,EAPP,0.1052250333390086
K562,EEF1A2,0.0120065524924519
K562,EID2,0.0427878446934717
K562,EIF4B,0.0215975783528387
K562,ELK1,0.0876962455217762
K562,EPB41L2,0.4308407941316707
K562,EPC2,0.270359957094991
K562,EPHB4,0.1201524805870093
K562,EPM2AIP1,0.0990367669150197
K562,ETV4,0.6063243057814296
K562,EWSR1,0.1461880736225622
K562,EZH2,0.2440524070691889
K562,FAM120A,0.1486475335784312
K562,FCGRT,0.2845731660625751
K562,FHL3,0.0916748060578124
K562,FOXH1,0.0275351699334436
K562,FOXN2,0.2897114764085711
K562,FOXO4,0.1402015702691128
K562,FUBP3,0.1051898685689768
K562,FXYD5,0.0993154380039889
K562,FZD2,0.0785605175768615
K562,GIGYF2,0.2035928301425543
K562,GLI3,0.0744425729236592
K562,GLYR1,0.1115918307119875
K562,GMEB2,0.1000618133564297
K562,GPATCH8,0.1150376993545987
K562,GRAMD1A,0.1024768528700024
K562,GSK3B,0.4375740712915577
K562,GTF2IRD1,0.0
K562,HDAC1,0.1596040024122573
K562,HDAC8,0.0750093537648364
K562,HIRA,0.3984908720315082
K562,HMGB2,0.1488490050765231
K562,HMGN1,0.0
K562,HMGN3,0.0
K562,HMGN4,0.1721309566344623
K562,HMGXB3,0.28149005967323
K562,HOMEZ,0.0704858970077263
K562,HSBP1,0.1557326909155741
K562,HSP90AB1,0.0538143108643374
K562,IDE,0.0250943270082701
K562,IFI27L2,0.0148243394926717
K562,IFNAR2,0.0299728031525874
K562,IFNGR2,0.1057383910183794
K562,IGF2R,0.0374519849013147
K562,IKBKG,0.0318859968962803
K562,IL10RB,0.086040006616678
K562,INSIG1,0.0963203819438959
K562,IREB2,0.1565059013030292
K562,IRF3,0.0558766430428291
K562,KAT2A,0.0576076500547813
K562,KDM1A,0.6919765105229453
K562,KDM2B,0.0316564252301338
K562,KDM5A,0.0880226232359532
K562,KHDRBS1,0.0699283018587386
K562,KHSRP,0.0935638587341336
K562,KIF1B,0.0341036277153072
K562,KIF20A,0.379465018949962
K562,KIF2A,0.1305732176625662
K562,KLF10,0.0746068131984515
K562,KMT2A,0.1569547955877809
K562,LDLR,0.1056171393693914
K562,LENG1,0.0230597774001977
K562,LMAN1,0.1593855353078001
K562,LMBRD2,0.1430885988733927
K562,LPCAT3,0.0606223997256826
K562,LRPPRC,0.204333270616213
K562,LZTR1,0.5127617245416152
K562,MAN2A1,0.0476830395724589
K562,MAP1B,0.0401715254101726
K562,MAP2K2,0.044734582353463
K562,MAP3K7,0.0185895007581352
K562,MAPK12,0.048442111851863
K562,MAPKAPK2,0.0444061825538325
K562,MARCKSL1,0.1488377954466347
K562,MAST2,0.0632490882821641
K562,MAU2,0.3469399368555635
K562,MBD4,0.0066803030627731
K562,MBTPS1,0.1146030421062067
K562,MED1,0.4747515705293677
K562,MED12,0.8210844453049106
K562,MED13,0.2101581003561314
K562,MED13L,0.1592453019483167
K562,MED15,0.0836960663635667
K562,MED24,0.2682688987997766
K562,MED25,0.1538964698002028
K562,METTL14,0.5177396742861242
K562,METTL17,0.2311204007903796
K562,METTL3,0.4882002814143105
K562,MKI67,0.0993264602464532
K562,MLLT10,0.0519747124759122
K562,MSANTD4,0.1518729431243948
K562,MSI2,0.1090039658680093
K562,MTA1,0.088679451244446
K562,MTF1,0.3237059658602422
K562,MTHFSD,0.0182242143217843
K562,MTM1,0.0996402987485563
K562,MYD88,0.0426707385714132
K562,MYPOP,0.0060446170179308
K562,MYRF,0.0777749146075645
K562,NABP2,0.2510034409823631
K562,NAIF1,0.1359028492948788
K562,NCK2,0.0160392411714587
K562,NCLN,0.0
K562,NDUFB4,0.2909535171223946
K562,NDUFB6,0.0914709400895043
K562,NFE2L1,0.0202762957417216
K562,NGLY1,0.2374738476861508
K562,NIPAL3,0.0091283259957497
K562,NIPSNAP3A,0.076590379190206
K562,NISCH,0.11312751129187
K562,NIT1,0.0406851761131723
K562,NRAS,0.0932699333829318
K562,NT5DC1,0.0123709280285185
K562,NUP37,0.1110518566631125
K562,OXA1L,0.6100416645943484
K562,OXCT1,0.3447670074271793
K562,PAGR1,0.1558491077887069
K562,PAN2,0.2294112356581122
K562,PAPOLA,0.125289412690412
K562,PATL1,0.1614003321266972
K562,PBX1,0.0566499455350805
K562,PCGF1,0.2523138514217915
K562,PCGF6,0.07850820527213
K562,PDCD4,0.0
K562,PDE6D,0.0029300650809742
K562,PDK1,0.0
K562,PGLS,0.1148301782343435
K562,PHF10,0.3433689461891946
K562,PHF14,0.1042618225732588
K562,PHF23,0.2851261191381591
K562,PHF8,0.1374235614005623
K562,PI4KB,0.0396589364801095
K562,PIM2,0.0327672931407853
K562,PINK1,0.2041010269551675
K562,PKN3,0.2596517629482029
K562,PLAGL2,0.1719990180841837
K562,PLCB3,0.0097050259175348
K562,PLCG1,0.0254870432258216
K562,PMS1,0.0599089595479534
K562,PNP,0.0635274070130887
K562,POLB,0.0807436707529482
K562,POLD4,0.0978266195474412
K562,POR,0.0442180620311282
K562,PPIF,0.0737161390936461
K562,PPIP5K2,0.0860739432763224
K562,PQBP1,0.2363415377743442
K562,PRCP,0.1033337822780527
K562,PRDM14,0.1004292462337406
K562,PRDX3,0.0967789639453505
K562,PRKAB2,0.0983392954397044
K562,PRKACA,0.0780786043463804
K562,PRMT2,0.0551068545916679
K562,PRMT6,0.1458448153756263
K562,PRMT7,0.0609989752117213
K562,PRNP,0.0708595394612844
K562,PRR12,0.1213222377207484
K562,PSKH1,0.0666073985673869
K562,PTMS,0.0821549222764928
K562,PTOV1,0.0
K562,PTPN1,0.8303172926011603
K562,PYCR1,0.1636474648461058
K562,R3HCC1L,0.062716001386861
K562,RAB5A,0.0205555138789124
K562,RABEP2,0.0901259606554394
K562,RAF1,0.0205467686101843
K562,RBM18,0.2416786124887478
K562,RBM26,0.1630700342092111
K562,RBM4B,0.0684312319627979
K562,RBM5,0.1040870477190034
K562,RC3H2,0.0966817418597828
K562,REV1,0.0511639862593047
K562,RFK,0.124226849068851
K562,RNF10,0.1245911498287605
K562,RNF141,0.1059656510457509
K562,RNF2,0.0
K562,RNF20,0.5114090830758931
K562,RRM1,0.0491023041420503
K562,RSRC1,0.0840876284578671
K562,S100A11,0.211152901763139
K562,SAFB,0.1498117772551227
K562,SALL4,0.0
K562,SAP30L,0.0546699660725693
K562,SCAF8,0.2453027315758041
K562,SDC1,0.3303541970508006
K562,SFXN4,0.1550776316523421
K562,SH2D3A,0.0499638475450107
K562,SHPRH,0.1362186432975416
K562,SIN3B,0.1539014171270732
K562,SIX4,0.0528799787575392
K562,SLC25A13,0.0372009512218522
K562,SLC25A3,0.0498181463308209
K562,SLC39A1,0.0570935808245853
K562,SLC39A6,0.1616648560577278
K562,SLIRP,0.0733364731988838
K562,SMAGP,0.1407693724869416
K562,SMARCA4,0.180025517168736
K562,SMARCA5,0.2664495880567337
K562,SMARCC2,0.0
K562,SMYD2,0.0611098966671043
K562,SND1,0.0654382005340785
K562,SNRK,0.118165421591434
K562,SNX4,0.0328700929574653
K562,SRSF5,0.1298705048253216
K562,SSBP1,0.2495265046821639
K562,SSR4,0.0132908499995195
K562,STAG2,0.2926679898101372
K562,STAT1,0.0863839973152511
K562,STK3,0.0940765703461308
K562,STT3A,0.0090962342863643
K562,STX4,0.0585760860620669
K562,SUPT4H1,0.2632573837301847
K562,SUPT7L,0.1641921867666557
K562,SYVN1,0.0631488118503119
K562,TADA1,0.3640738378438745
K562,TAF13,0.239784743015533
K562,TAF15,0.0918302739069752
K562,TARBP2,0.0446348735023567
K562,TAZ,0.2365697636033677
K562,TBC1D13,0.0736785897410048
K562,TBCK,0.0719516345623377
K562,TCF3,0.1534022334029393
K562,TEAD4,0.039386144909288
K562,TET1,0.0900068450943542
K562,TEX2,0.0685063410386914
K562,TFAM,0.1672578516566042
K562,TFCP2,0.0719050879918524
K562,THAP3,0.0420155322416052
K562,THAP7,0.1219817105371566
K562,TIMM17B,0.2205843955297101
K562,TIMM50,0.0620889712228393
K562,TMBIM6,0.0
K562,TMCO6,0.0212336630176763
K562,TMED3,0.0906926351330983
K562,TMEM147,0.0604828098823898
K562,TMEM186,0.122593417211976
K562,TMEM209,0.1079032849415686
K562,TMEM41B,0.0809407231763935
K562,TMF1,0.0330999742879891
K562,TMSB10,0.402503897750838
K562,TMSB4X,0.0247048413077738
K562,TRAM2,0.0310175584314226
K562,TRAPPC6A,0.1988883717914648
K562,TRIB3,0.1008269598666347
K562,TRIM35,0.1459688821286171
K562,TRIP4,0.0817797130215087
K562,TRMT1,0.013358059977259
K562,TRPC4AP,0.0856777487266106
K562,TSC22D4,0.1279017672628688
K562,TWF2,0.1185405965532655
K562,UBE3C,0.3966943834976763
K562,UNK,0.0886395704043217
K562,UPF3B,0.1059190430120801
K562,UQCRQ,0.359111206280596
K562,UROS,0.068416655091672
K562,USP22,0.2238478007088983
K562,USP28,0.01644815761159
K562,VAPB,0.0349696069944199
K562,VIM,0.012134581863402
K562,WBP4,0.0809312664631161
K562,WSB2,0.0108649254431362
K562,XRCC4,0.0667084607928165
K562,YIPF6,0.0
K562,ZBTB34,0.0
K562,ZBTB41,0.0218907804032808
K562,ZBTB48,0.0081116204168587
K562,ZC3HAV1,0.05750248583695
K562,ZDHHC12,0.0989896200805645
K562,ZDHHC4,0.0895234527089688
K562,ZFP62,0.0405380814632047
K562,ZHX3,0.0852296207925154
K562,ZKSCAN1,0.1369119633575589
K562,ZKSCAN2,0.0695293890262345
K562,ZKSCAN3,0.0
K562,ZNF16,0.1021120498182806
K562,ZNF219,0.2539073469814994
K562,ZNF22,0.1099509618571153
K562,ZNF25,0.021406090804593
K562,ZNF251,0.0402186159052684
K562,ZNF280C,0.0721254700550357
K562,ZNF282,0.0152527235953843
K562,ZNF286A,0.0461295265004281
K562,ZNF32,0.0262333755971298
K562,ZNF324,0.0792601459497604
K562,ZNF397,0.1100389667616023
K562,ZNF410,0.1023472544804325
K562,ZNF426,0.0814010768853058
K562,ZNF444,0.054278007034336
K562,ZNF462,0.2166660570023292
K562,ZNF496,0.1945195065882071
K562,ZNF507,0.2231066723620778
K562,ZNF514,0.075331470999442
K562,ZNF526,0.0187310506504878
K562,ZNF530,0.0
K562,ZNF543,0.0041788626599349
K562,ZNF562,0.0
K562,ZNF593,0.0956000473707104
K562,ZNF627,0.0189048530554398
K562,ZNF628,0.0621310807154205
K562,ZNF641,0.0212800822146037
K562,ZNF670,0.0542146728626911
K562,ZNF714,0.0364853315220322
K562,ZNF740,0.056036407005562
K562,ZNF768,0.0013545128488847
K562,ZNF777,0.0320731832790185
K562,ZNF783,0.0295551225474702
K562,ZNF784,0.1274626269512929
K562,ZNF786,0.1383090798997791
K562,ZNF821,0.080439606613593
K562,ZRANB3,0.0197175393159859
CD4,ACLY,0.084832337354151
CD4,ADNP,0.0
CD4,AGO1,0.0
CD4,AKAP1,0.0
CD4,AKIRIN1,0.0
CD4,AKT2,0.0
CD4,ALG12,0.0
CD4,ANKZF1,0.0
CD4,ANP32B,0.0
CD4,AP2A2,0.0
CD4,API5,0.0
CD4,ARL14EP,0.0
CD4,ASCC2,0.0
CD4,BCKDK,0.0
CD4,BCL6,0.0
CD4,BCL7C,0.0
CD4,BRD1,0.0
CD4,BRPF1,0.0640067220506915
CD4,CAND1,0.0470446086408254
CD4,CARM1,0.0
CD4,CAT,0.0
CD4,CCDC112,0.0
CD4,CDK8,0.0
CD4,CHD3,0.0
CD4,CHD6,0.0
CD4,CHKB,0.0
CD4,COIL,0.0
CD4,COMMD8,0.0
CD4,COQ10B,0.0
CD4,CSNK2A1,0.0
CD4,DBF4B,0.0
CD4,DCAF16,0.0
CD4,DCP2,0.0
CD4,DDHD1,0.0
CD4,DEK,0.0
CD4,DHRS1,0.0
CD4,DHX35,0.0
CD4,DLAT,0.0
CD4,DMTF1,0.0
CD4,DNTTIP1,0.2528172212457093
CD4,DRG2,0.0
CD4,DTNBP1,0.0
CD4,DVL3,0.0
CD4,E2F1,0.0
CD4,E2F4,0.0
CD4,ELK1,0.0
CD4,EPC2,0.0
CD4,EPM2AIP1,0.0
CD4,EZH2,0.0
CD4,FAM120A,0.0
CD4,FCGRT,0.0
CD4,FHL3,0.0
CD4,FOXN2,0.0
CD4,FOXO4,0.0
CD4,FUBP3,0.0
CD4,FXYD5,0.0
CD4,GIGYF2,0.0
CD4,GLYR1,0.0
CD4,GPATCH8,0.0
CD4,GRAMD1A,0.0
CD4,GTF2IRD1,0.0
CD4,HDAC1,0.0
CD4,HDAC8,0.0
CD4,HEATR6,0.0
CD4,HMGN3,0.0
CD4,HMGN4,0.0
CD4,HMGXB3,0.0
CD4,HOMEZ,0.0
CD4,HSBP1,0.0
CD4,HSP90AB1,0.0
CD4,IFI27L2,0.0
CD4,IFNAR2,0.0
CD4,IFNGR2,0.0
CD4,IL10RB,0.0
CD4,IREB2,0.0
CD4,KDM5A,0.0
CD4,KHDRBS1,0.0
CD4,KHSRP,0.0
CD4,KIF2A,0.0
CD4,KMT2A,0.0
CD4,LMAN1,0.0
CD4,LMBRD2,0.0
CD4,LPCAT3,0.0
CD4,MAN2A1,0.0
CD4,MAP2K2,0.0
CD4,MAPK12,0.0
CD4,MAPK7,0.0
CD4,MARCKSL1,0.0
CD4,MBD4,0.0
CD4,MED13,0.036035739436577
CD4,MED15,0.2189965032161058
CD4,MED25,0.0
CD4,MLKL,0.0439321010603391
CD4,MSANTD4,0.0
CD4,MSI2,0.0
CD4,MTA1,0.0
CD4,MTF1,0.0
CD4,MTHFSD,0.0
CD4,MTM1,0.0
CD4,MYD88,0.0
CD4,NCLN,0.0
CD4,NFE2L1,0.0
CD4,NGLY1,0.0
CD4,NIPAL3,0.0
CD4,NIPSNAP3A,0.0
CD4,NT5DC1,0.0
CD4,NUP37,0.0
CD4,PAN2,0.0
CD4,PAPOLA,0.0
CD4,PATL1,0.0
CD4,PCGF1,0.4214611870672812
CD4,PCGF6,0.0
CD4,PDCD4,0.0
CD4,PDE6D,0.0
CD4,PDK1,0.0
CD4,PDK3,0.0
CD4,PGLS,0.0
CD4,PHF11,0.0
CD4,PHF23,0.0
CD4,PHF8,0.0
CD4,PIN1,0.0
CD4,PINK1,0.0
CD4,PKN3,0.0
CD4,PLCG1,0.3468116125274714
CD4,PNP,0.0
CD4,POLD4,0.0
CD4,POR,0.0
CD4,PPIF,0.0
CD4,PPIP5K2,0.0
CD4,PQBP1,0.0
CD4,PRDX3,0.0
CD4,PRKAB2,0.0
CD4,PRKACA,0.0
CD4,PRMT2,0.0
CD4,PRNP,0.0
CD4,PSKH1,0.0
CD4,PSMB9,0.0
CD4,PTMS,0.0
CD4,PTOV1,0.0
CD4,PYCR1,0.0
CD4,R3HCC1L,0.0
CD4,RAB11FIP5,0.0
CD4,RAB5A,0.0
CD4,RABEP2,0.0
CD4,RBM18,0.0
CD4,RBM26,0.0
CD4,RBM4B,0.0
CD4,RBM5,0.0
CD4,RC3H2,0.0
CD4,RFK,0.0
CD4,RNF10,0.0
CD4,RNF141,0.0
CD4,RNF2,0.0
CD4,RSRC1,0.0
CD4,S100A11,0.0
CD4,SCAF8,0.0
CD4,SFXN4,0.0
CD4,SH2D3A,0.0
CD4,SHPRH,0.0
CD4,SIN3B,0.0678902903926536
CD4,SLC25A13,0.0
CD4,SLC39A1,0.0
CD4,SLIRP,0.0
CD4,SMARCA5,0.1478406285313713
CD4,SMARCC2,0.0
CD4,SMYD2,0.0
CD4,SND1,0.0
CD4,SNRK,0.0
CD4,SOCS5,0.0
CD4,SPATA20,0.0
CD4,SRSF5,0.0106112321910348
CD4,SSR4,0.0
CD4,STAT6,0.0778959309821945
CD4,STT3A,0.0
CD4,SUPT7L,0.4908945981903743
CD4,SYVN1,0.0
CD4,TAF15,0.0
CD4,TARBP2,0.0
CD4,TBC1D13,0.0
CD4,TBC1D19,0.0
CD4,TBCK,0.0
CD4,TDRD7,0.0
CD4,TESK2,0.0141100823027182
CD4,TEX2,0.0
CD4,TFCP2,0.0
CD4,THAP3,0.0
CD4,THAP7,0.0
CD4,TIMM17B,0.0
CD4,TIMM50,0.0
CD4,TMCO6,0.0
CD4,TMED3,0.0
CD4,TMEM104,0.0
CD4,TMEM147,0.0
CD4,TMEM186,0.0
CD4,TMEM209,0.0
CD4,TMEM41B,0.0
CD4,TMEM79,0.0
CD4,TMF1,0.0
CD4,TRAPPC6A,0.0
CD4,TRIB3,0.0
CD4,TRIM35,0.0
CD4,TRIP4,0.0
CD4,TRMT1,0.0
CD4,TRPC4AP,0.0
CD4,TTBK2,0.0
CD4,TWF2,0.0
CD4,TXNDC16,0.0
CD4,UNK,0.0
CD4,UROS,0.0
CD4,USP28,0.0691584670557576
CD4,VAPB,0.0
CD4,VIM,0.0882578520653777
CD4,WBP4,0.0
CD4,YIPF6,0.0
CD4,ZBTB34,0.0
CD4,ZBTB41,0.0
CD4,ZBTB48,0.0
CD4,ZC2HC1A,0.0
CD4,ZC3HAV1,0.0
CD4,ZDHHC12,0.0
CD4,ZDHHC4,0.0
CD4,ZFP62,0.0
CD4,ZHX3,0.0
CD4,ZKSCAN1,0.0
CD4,ZNF174,0.0
CD4,ZNF219,0.0
CD4,ZNF22,0.0
CD4,ZNF251,0.0
CD4,ZNF280C,0.0
CD4,ZNF282,0.0
CD4,ZNF32,0.0
CD4,ZNF397,0.0
CD4,ZNF410,0.0001808250904715
CD4,ZNF444,0.0
CD4,ZNF496,0.0
CD4,ZNF507,0.0
CD4,ZNF514,0.0
CD4,ZNF526,0.0
CD4,ZNF530,0.0
CD4,ZNF543,0.0
CD4,ZNF627,0.0308059890017019
CD4,ZNF628,0.0
CD4,ZNF641,0.0
CD4,ZNF714,0.0
CD4,ZNF740,0.0
CD4,ZNF768,0.0
CD4,ZNF777,0.0
CD4,ZNF783,0.0
CD4,ZNF784,0.0
CD4,ZNF786,0.0
CD4,ZNF821,0.0
CD4,PRCP,0.0
CD4,TADA1,0.3835811225864212
CD4,IGF2R,0.0
CD4,MED12,0.4000905288895711
CD4,STAT1,0.0
CD4,USP22,0.2773212070730701
CD4,MED13L,0.0
CD4,KIF1B,0.0
CD4,SRC,0.0
CD4,CAST,0.0
CD4,IDE,0.0
CD4,MAPKAPK2,0.0
CD4,PTPN1,0.0
CD4,KDM2B,0.0
CD4,ATP1B1,0.0
CD4,KAT2A,0.0
CD4,NISCH,0.0
CD4,HMGN1,0.0
CD4,TSC22D4,0.0
CD4,PAGR1,0.0
CD4,KLF10,0.0
CD4,POLB,0.0
CD4,ACAT2,0.0
CD4,TRAM2,0.0
CD4,CAMSAP2,0.0
CD4,CDCA2,0.0
CD4,CREG1,0.0
CD4,UBE3C,0.0
CD4,EIF4B,0.0
CD4,STAG2,0.0
CD4,HMGB2,0.0
CD4,TGFBR2,0.0
CD4,DHCR24,0.0
CD4,NDUFB4,0.0
CD4,ACVR1B,0.0
CD4,DHX36,0.0631064391007205
CD4,LZTR1,0.0
CD4,INSIG1,0.0
CD4,TCF3,0.0
CD4,DAXX,0.0
CD4,NIT1,0.0
CD4,PRR12,0.0
CD4,ARID1A,0.0
CD4,NRAS,0.119931905370302
CD4,EID2,0.0
CD4,UQCRQ,0.0
CD4,ZNF426,0.0
CD4,BIRC2,0.0
CD4,PLCB3,0.0
CD4,TFAM,0.0740463963092474
CD4,PMS1,0.0
CD4,ZNF286A,0.0
CD4,GSK3B,0.0
CD4,LRPPRC,0.0315876173124149
CD4,CASP3,0.0677300391509962
CD4,MAST2,0.0
CD4,HAT1,0.0
CD4,MAU2,0.0342373562357124
CD4,SMARCA4,0.0
CD4,IRF3,0.0
CD4,SSBP1,0.0
CD4,PHF14,0.0
CD4,TMSB10,0.0
CD4,NDUFB6,0.0
CD4,SAFB,0.0
CD4,SLC25A3,0.0
CD4,ZNF593,0.0
CD4,METTL17,0.0
CD4,SMAGP,0.0
CD4,OXCT1,0.0
CD4,WSB2,0.0
CD4,C1QBP,0.0
CD4,CALM3,0.0
CD4,MBTPS1,0.0
CD4,EWSR1,0.1022554634383986
CD4,TXNDC9,0.0
CD4,TMBIM6,0.0
CD4,METTL3,0.0
CD4,MED24,0.2811836275189254
CD4,ATM,0.0204641379342038
CD4,PHF10,0.0
CD4,DZIP3,0.0
CD4,ZNF562,0.0
CD4,MED1,0.0
CD4,SUPT4H1,0.0
CD4,KDM1A,0.5431733612470655
CD4,NREP,0.0
CD4,SEC62,0.0
CD4,EPB41L2,0.0
CD4,KIF20A,0.0228864133316945
CD4,SLC39A6,0.0
CD4,TAF13,0.1698888607418764
CD4,BRD9,0.0
CD4,OXA1L,0.0
CD4,RNF20,0.0
