context,k,draw,M3_full,M3_rank1,pred_energy_top1,M3_rank3,pred_energy_top3,M3_rank10,pred_energy_top10
K562,20,0,0.08886784135818726,0.05438000213361183,0.5349754410138822,0.0851606990289494,0.8491932558033235,0.08910567499845856,0.9787093451448131
K562,20,1,0.05142556322919767,0.03314893133019037,0.8507771120875584,0.04665538707003103,0.9591250712863971,0.05137849419284868,0.9926270034329626
K562,20,2,0.05212728097648622,0.029268394463265568,0.8313123466786093,0.046663473303167446,0.9650693546645958,0.04986126849986827,0.9918435637402145
K562,20,3,0.03930403629215928,0.029885158962562497,0.8717609332695777,0.03627589353003524,0.9535915643167636,0.036688019473180566,0.9851299864916855
K562,20,4,0.05156815252333591,0.008836655406491922,0.599697213935199,0.05559555071379629,0.896380787646365,0.05135369606848261,0.9824338935909559
K562,20,5,0.035889071202397704,0.023804518915339967,0.844494730875613,0.033630548797196846,0.9706530678937291,0.035510206452235904,0.993603648438725
K562,20,6,0.05319447592083648,0.028515485901007165,0.8152970776144923,0.05005599620403067,0.9571819454604723,0.052652290325386764,0.9924187793542822
K562,20,7,0.035454171804681245,0.025486736227612217,0.878509217535962,0.031811012711310704,0.9685704399772777,0.03424917406913497,0.9929890572334004
K562,20,8,0.03987044366451409,0.019230984743011992,0.779761664326722,0.03531235122932719,0.9172467569170124,0.03912247583067974,0.9882651224545076
K562,20,9,0.12612129102322167,0.09049086914451876,0.7659973767922543,0.11759954906475756,0.9055280162392311,0.13034738994491246,0.9760714622728018
K562,50,0,0.1663025129616571,0.0471345969007102,0.40759166806324093,0.16335209904809367,0.7695830698610654,0.1658080310715898,0.9370035369968788
K562,50,1,0.2029464311725795,0.1023608595071206,0.41701217346619407,0.19218187258264963,0.7928065823039692,0.19880622689026917,0.947299957974558
K562,50,2,0.17842267167335646,0.07858380889359717,0.4687856019787747,0.17904842385383257,0.7728268581468678,0.17361033795705427,0.9426583688446165
K562,50,3,0.16383573673893836,0.10933729225988642,0.5337104835983412,0.15500062630940192,0.7976450726855678,0.15912271912588127,0.9427788028507808
K562,50,4,0.17307871094187333,0.08020483297735015,0.4707406039778243,0.1656759926213328,0.7811002335311308,0.16456271922693932,0.9397323768699475
K562,50,5,0.16508379971917864,0.08967027936436456,0.4724812152788972,0.1577930123680773,0.8130748584130338,0.16205175626191515,0.9347066720951955
K562,50,6,0.19541365450159254,0.12228146652752836,0.5294171956079254,0.17977491408714574,0.7850044357628929,0.19160947173483522,0.9407443755036886
K562,50,7,0.18066166408570805,0.1100587085182565,0.42705405684692194,0.1735424317361972,0.8244379773103849,0.1807219103270542,0.945624972643274
K562,50,8,0.18458502402387256,0.11401289375823564,0.5635467868671975,0.1697402964826853,0.8044194223674384,0.18675126461226277,0.9427966906916387
K562,50,9,0.1023857597033151,0.115515673891048,0.5912376274584651,0.12143970757643452,0.7975618910972099,0.11046832958046005,0.9452355324122627
K562,200,0,0.2503240015321676,0.14993963951091782,0.3997412350503769,0.2321536913307376,0.6561254835894327,0.25157644513042354,0.8511371174168998
K562,200,1,0.2914913913588242,0.16626821355392196,0.383630163766475,0.2523114515882078,0.6722912492635872,0.28588613498650095,0.8613861059599215
K562,200,2,0.2878715854312168,0.16161395930933242,0.4013244778346775,0.2584298106402315,0.7026878585945462,0.2797485441232215,0.8661279004834097
K562,200,3,0.28291088439657885,0.16398565587392344,0.37510671178713156,0.25814057986117533,0.6825348166913969,0.2826789416630149,0.866064786546554
K562,200,4,0.28651926041028497,0.1643882137081638,0.4681267080807712,0.2602532161421861,0.6960099932624769,0.2879944479689348,0.8693246752767966
K562,200,5,0.29318787905395627,0.16711918682083549,0.4040789318046489,0.27447983657734365,0.6801809347251391,0.2930507002770012,0.8627125953659822
K562,200,6,0.2900279235568147,0.16657404476602888,0.45658359138363,0.26160523865536545,0.6950826403753408,0.28836824184512533,0.8686334137077218
K562,200,7,0.2891973270288377,0.16936993676347745,0.45819482303812814,0.27027887730297406,0.7129350430655083,0.28975556638838085,0.8750511665511351
K562,200,8,0.2686940699744753,0.16114363307322555,0.4389528207282401,0.2522686793608607,0.6787945158139242,0.27137847965905104,0.8575002018186981
K562,200,9,0.27835196644520466,0.16334038388625527,0.4483606563410593,0.25205187811866914,0.6990510449413664,0.283182691295053,0.8635375193682908
K562,885,0,0.3923552003018994,0.18898254347759835,0.3880327025570133,0.3179197540852948,0.6223289718264192,0.38577124873494084,0.7960838893090059
RPE1,20,0,0.2194900622164324,0.17836731869136235,0.6340021381154587,0.19613125511735885,0.8829056011733851,0.19902131901155362,0.9559767208226977
RPE1,20,1,0.17076751705036974,0.1305202731860302,0.6180932498795083,0.15149369993144346,0.8951578555577319,0.15663621596480337,0.9708903528467576
RPE1,20,2,0.20550681354163391,0.16886165356532878,0.6248842457594239,0.18514259775545405,0.8863211905018135,0.18600867214935224,0.9614817433407139
RPE1,20,3,0.11872098366221706,0.11073117955125467,0.5494404823262472,0.11132627718780552,0.8471611435578383,0.1131573936555671,0.9779440523401849
RPE1,20,4,0.14370195058060353,0.12780954533667732,0.6886019994865084,0.12582904854699595,0.8664129711649227,0.12815556246239856,0.9508369302088702
RPE1,20,5,0.06685519724447009,0.05283687379711477,0.7800045495406581,0.05943918161209216,0.9365707433122649,0.061595317291938234,0.9715697039226185
RPE1,20,6,0.1732381653389956,0.15518092239329606,0.7429258724486166,0.16001144156960778,0.9182679514878009,0.15983258909137177,0.9694581758621795
RPE1,20,7,0.13929264675276232,0.121669046685984,0.627898598775377,0.12436214764132858,0.884730273651986,0.12521221173070018,0.9604556119365174
RPE1,20,8,0.16989748544404482,0.14756200872420056,0.747566299178652,0.14923172195003542,0.8791585519414316,0.152671152508411,0.9639389071127095
RPE1,20,9,0.1599310189460591,0.1301391515325271,0.5305113845686417,0.1473808578510537,0.843333971432725,0.14891195243944677,0.968857665123428
RPE1,50,0,0.24461429688008862,0.2052403912898627,0.6047707562695085,0.21952196174164096,0.8309767772412237,0.22553467468712296,0.9472472191686114
RPE1,50,1,0.22969617027158995,0.19258637109927335,0.6227128635689941,0.20883192194845424,0.8210256438490899,0.2086878460999999,0.938006482430623
RPE1,50,2,0.2534630278029636,0.18812620464914886,0.5412168196574102,0.21605713826223183,0.7999376728677166,0.23229275338944355,0.946509452347685
RPE1,50,3,0.272933854555679,0.22142173381580166,0.6719086143551727,0.2493532386360745,0.830669173405736,0.25101701397089027,0.9335145543732492
RPE1,50,4,0.25389267084128186,0.19747750600023117,0.6201454354362002,0.22401904471750667,0.8420861307326993,0.23230941974681807,0.939061639006728
RPE1,50,5,0.23743742517243227,0.19783041725092176,0.6134053694949168,0.21213653149497425,0.8358400689573802,0.2149654421943974,0.9418160527736388
RPE1,50,6,0.27643678074564093,0.22198596916322888,0.6233733449224632,0.2531630422636453,0.8503144167323727,0.2568275644887521,0.9449310424465033
RPE1,50,7,0.22874169464182992,0.18037571255785123,0.6012008905739437,0.20234013884646374,0.8090818010059896,0.20712544894736085,0.9314321313874202
RPE1,50,8,0.26341107195933755,0.20063814264762592,0.5851168122161058,0.22990060859018224,0.8041519214951015,0.24028974141035453,0.9350665541770925
RPE1,50,9,0.25443505013148326,0.21302972716823976,0.6495265412788582,0.23329392215832911,0.8647374801773565,0.2323694153113094,0.9494792139172045
RPE1,200,0,0.33731308622392675,0.23768305400365386,0.6189625689771022,0.286582824199509,0.7896133668977732,0.3097095830780787,0.9051243213290663
RPE1,200,1,0.34953111986642493,0.240045993962004,0.5620165178137884,0.29338148873628767,0.7663761259190087,0.3221195569025903,0.8987134607415457
RPE1,200,2,0.3636214311201674,0.25620029720807214,0.6044938572447202,0.3095418177925604,0.7960417707483326,0.33165602574493025,0.9009375998162322
RPE1,200,3,0.3443349380315156,0.2390029316276827,0.5862258616923997,0.2948606252465463,0.7735934677076548,0.3151702129640802,0.8945128418816107
RPE1,200,4,0.35442415723765974,0.250362386511054,0.5740823989376794,0.29790597666690943,0.763425090924251,0.3251318392756001,0.8942078116377464
RPE1,200,5,0.32767344902450146,0.2370910524426364,0.6119229906867628,0.28519123454243167,0.7880526741225666,0.29928810671415484,0.8942956437355684
RPE1,200,6,0.3728038042614582,0.25563734832869456,0.5688537962266667,0.3123297352723482,0.7705909261319799,0.33858852941794604,0.8891424439269361
RPE1,200,7,0.36316728917231955,0.2532653634927735,0.5788255464176698,0.30506046178843216,0.7852824341850144,0.33492326048404375,0.900931727848199
RPE1,200,8,0.35113964288536637,0.24930813514964079,0.6276091096638798,0.2983384724099195,0.785237232024805,0.32152472469599636,0.8976768575394684
RPE1,200,9,0.3322127837287351,0.22993977940716237,0.6161262229941596,0.2883615374675432,0.7917985882299653,0.3027217968912984,0.9013317245260128
RPE1,885,0,0.4512540596825708,0.2699913733147348,0.5424934638433385,0.34670740788965515,0.7178965536510298,0.4053396800717962,0.8446408270271549
HepG2,20,0,0.09209626427274042,0.0756823768809981,0.5377459079488767,0.08738993709399945,0.8540991409742265,0.0825299154710698,0.9700894099500083
HepG2,20,1,0.1174924632454033,0.07749185818547877,0.6959218607236698,0.11115654842296441,0.8990500054327718,0.10783456296616512,0.9713351558334031
HepG2,20,2,0.11172135057597044,0.060666395956085584,0.6239655586670433,0.1093675199567069,0.8698759310042387,0.10027458522865307,0.9774526836440571
HepG2,20,3,0.08343786872959524,0.02545425963259418,0.6243997238062262,0.07295731265717742,0.8985525454869021,0.07580925172900232,0.9784710346113333
HepG2,20,4,0.04530813869534611,0.04670682945037197,0.5902369420694391,0.04968824590783283,0.8456876417806728,0.03466864010408832,0.9687525211362822
HepG2,20,5,0.0863261335552773,0.07447195558334008,0.6390704967967242,0.0864047544020281,0.8843429030435151,0.07999374258371328,0.9779176215498233
HepG2,20,6,0.05268792276598799,0.0356100755535792,0.8275829633182696,0.04510579447819174,0.9472231303507129,0.04933184088297893,0.987532785991382
HepG2,20,7,0.0716170658624129,0.04894145140942674,0.8141825164207849,0.05995625484653344,0.9345744097274769,0.06672566009568137,0.9802092865990157
HepG2,20,8,0.10262718473241195,0.07288450354637499,0.5874471729245344,0.09175511451143925,0.8408150642469051,0.09167188496649792,0.9695855318931077
HepG2,20,9,0.14954072471247193,0.0797378317942713,0.5040938967183516,0.13368337129293506,0.8640761212455963,0.13752466464424085,0.9696208753400635
HepG2,50,0,0.07945042337230956,0.045243046465058834,0.7230661827706327,0.0684793143939103,0.9121181443423838,0.0751451331440528,0.9809428537608115
HepG2,50,1,0.19625895689117867,0.12730655068409236,0.4764662953208464,0.17652915552061776,0.798348073673589,0.18272405951878457,0.936362467344613
HepG2,50,2,0.17712343109639894,0.11193492878245892,0.4850602924582698,0.15979780149777034,0.7565216946410974,0.16977526075277827,0.9371704865198298
HepG2,50,3,0.19415788926760802,0.12622850089823723,0.5223716260353036,0.1768870531654262,0.8059703846222402,0.18279952019852175,0.9433306670132675
HepG2,50,4,0.190258831460837,0.12249310355601228,0.5182007646904478,0.17219050519144607,0.8258460374447202,0.18101870897005579,0.9480615956623115
HepG2,50,5,0.18460965048357547,0.10725766071898646,0.4129564056447004,0.16490579313881593,0.7608274210609774,0.17597115152660348,0.9413166950103273
HepG2,50,6,0.1401849994732377,0.08334586897381457,0.4367529395667713,0.12862310400590116,0.7293380065680055,0.13232140405009618,0.9189524482021174
HepG2,50,7,0.10171080868160143,0.054101517237433394,0.7062444096193203,0.07842542950552056,0.8845388515528863,0.09320592355012658,0.9673669638672375
HepG2,50,8,0.1879365375069928,0.10856482130051737,0.4883009485649821,0.17680706974646887,0.7923119666445498,0.17462618410740083,0.9329090116848474
HepG2,50,9,0.1480223245990303,0.1134393566027041,0.5407324115783249,0.1499818218546527,0.7777601106614617,0.1418048374844868,0.9228751303536059
HepG2,200,0,0.29525371945258905,0.15156915652872593,0.34463485897502116,0.2574986124983559,0.6438637168783684,0.27813794322737195,0.8468568523960193
HepG2,200,1,0.2880997037981612,0.16323178053517062,0.415042993957662,0.26775274902185786,0.7318719592453603,0.2811806626093445,0.8816426474160338
HepG2,200,2,0.29954744962606816,0.1538274936880637,0.3687705270076418,0.2555218665107206,0.6607852533012185,0.2885898079333057,0.8632307556442627
HepG2,200,3,0.2991574471086096,0.15731583478802924,0.3893011257301542,0.2585879239648392,0.7090973561229819,0.28770331329434384,0.8767506227703
HepG2,200,4,0.27906089010146184,0.158109885752022,0.38153561503958644,0.25541517369081757,0.7349323497043665,0.26812443335821723,0.8819900512482144
HepG2,200,5,0.3036835074935492,0.1527695028888516,0.38157956355620626,0.2641477949001101,0.7049122288416275,0.2928925588233863,0.8712763273106439
HepG2,200,6,0.31947310029938647,0.16731612440778465,0.36447543270257937,0.2683272093758816,0.6709782723877833,0.3008302453226117,0.8620855140220582
HepG2,200,7,0.31472325953187963,0.15456162434571408,0.38812717739555797,0.2693177027407869,0.6897022867311159,0.29878072935953603,0.8683733583764851
HepG2,200,8,0.29514613334831175,0.1494680002898603,0.4304941553137429,0.2590054622338839,0.6926317735852124,0.28274988250070165,0.8614948906268487
HepG2,200,9,0.31316471312377736,0.15834222746704407,0.3876630336904167,0.2631305552202152,0.6894377431426458,0.2983855439986175,0.8647800415930115
HepG2,885,0,0.42770057796864736,0.18206343431003447,0.3214978765229098,0.32262288383834936,0.5981366363528082,0.412809692833213,0.7889113418258057
Jurkat,20,0,0.05384140392181247,0.04143590104440886,0.880334690328557,0.04828026040984823,0.9573596309448541,0.05028505251025528,0.9885173445509495
Jurkat,20,1,0.01066662515479777,0.027689492605570742,0.5879511544973682,0.021706242334269765,0.858206285809227,0.013807008773598861,0.9746364190830856
Jurkat,20,2,0.05436815659756766,0.011379222667267874,0.542727603637277,0.06015577891841517,0.8389769420675912,0.04916847337491348,0.9763683995035289
Jurkat,20,3,0.040514329228705126,0.02307214186959794,0.7789061965415429,0.03699796470713601,0.9464981349509952,0.03894412656945567,0.9914410714317845
Jurkat,20,4,0.06552458850987031,0.03673651791378607,0.7570611751899892,0.061514786138543553,0.9583286500899755,0.06464481219754858,0.9883657367917543
Jurkat,20,5,0.037805436633486345,-0.011061300073336167,0.5606873541850937,0.02871188252512391,0.8762491426502336,0.028394120713234994,0.9838786142093731
Jurkat,20,6,0.05779218063448077,0.000732537915172804,0.5123112256686218,0.0533336471653334,0.8327439875380241,0.052120445945256666,0.9744592540979071
Jurkat,20,7,0.057541003699949966,0.048596782368196645,0.5050408655945667,0.056793276201663856,0.8319352145631109,0.0531571391871255,0.9794983313402916
Jurkat,20,8,0.021455775113435327,0.007842619697711495,0.5761381709618245,0.023789726972132996,0.8448797417314721,0.014186121985373501,0.9710687683570745
Jurkat,20,9,0.07938996236325746,0.050187697638239936,0.6291639585772999,0.07869552401815083,0.8541785736907013,0.0782491712160357,0.9743134781044601
Jurkat,50,0,0.09299464633975218,0.0609544534102926,0.3753244405625026,0.10756256650766371,0.7719588508573777,0.09010289572983265,0.9346037422422029
Jurkat,50,1,0.09801922637166982,0.04931264434429927,0.7283099888103277,0.0837448040923724,0.9026707463296685,0.09361458544495271,0.980883066071454
Jurkat,50,2,0.08251578802069437,0.035857346930959655,0.3258002325840373,0.09885645101470364,0.7385657088450733,0.08162483583876268,0.9306774019541485
Jurkat,50,3,0.0826372356904006,0.07365726344169021,0.4329075666075653,0.08719469904474719,0.7828600986281811,0.08110900738722049,0.9341802409754868
Jurkat,50,4,0.09487420944490466,0.03637647470684913,0.36547690947857187,0.09830274136626682,0.7382441974168955,0.08667238595978843,0.9384997513798059
Jurkat,50,5,0.12747307195223945,0.08423532467454464,0.48327467163128174,0.11925240190202568,0.7754633263049906,0.11855779757286955,0.943659082353754
Jurkat,50,6,0.11021924200529776,0.06197804236153903,0.38144528119223653,0.11101276075638822,0.764367901018341,0.10237673511301959,0.9367450613854302
Jurkat,50,7,0.08305574507860669,0.052215858740151,0.3001412135799292,0.1010038407446513,0.7260410508256457,0.08562393382680544,0.9288423231917031
Jurkat,50,8,0.10461611953627625,0.08018999160763374,0.5383142331039877,0.10130615649175145,0.7921661481415081,0.09929965668341434,0.9468767934644482
Jurkat,50,9,0.08622002208634605,0.048210416971694925,0.7329016025519929,0.08022343979358615,0.915954605473896,0.08235446379324218,0.9808842029986412
Jurkat,200,0,0.2368324859808395,0.10197286973237563,0.3267034792258494,0.20366591091362485,0.6728299805428564,0.23016859563830838,0.864460905914813
Jurkat,200,1,0.22046802714071323,0.10117342517104799,0.34711534968017177,0.19168344576063823,0.6709434561924622,0.21196529318166946,0.8477776291642835
Jurkat,200,2,0.24221810137498068,0.10477671172601632,0.29894819366872827,0.2093891548985467,0.6286355225036369,0.22715374544458045,0.8471977497751931
Jurkat,200,3,0.23018567619302488,0.10566059656578952,0.29662696682891454,0.19864007449916732,0.6420554845078459,0.2244607928152409,0.8406675094543008
Jurkat,200,4,0.23738807965355768,0.10751185293494547,0.32493452269794204,0.2005302870102168,0.6184546678212647,0.22336556735977542,0.8328304359406627
Jurkat,200,5,0.21702228952310954,0.10578351838012856,0.28677973794220724,0.17385806219125188,0.6570702153112591,0.20423167843852297,0.8398569302587727
Jurkat,200,6,0.2273719216382134,0.10819399027378351,0.32272828424023475,0.2121307429222936,0.6395509266643714,0.223415427349841,0.8433078004803634
Jurkat,200,7,0.2277007282337734,0.10498067701318714,0.28096240536088457,0.19106565502207862,0.6458835459772806,0.21953105304303255,0.8367349549272988
Jurkat,200,8,0.20855465024580733,0.10033179979693507,0.3161154860169758,0.18976295032532942,0.631299425908448,0.20521827614453425,0.8415158636517105
Jurkat,200,9,0.22873426389020224,0.10060976190837023,0.29320861986637653,0.19396295082238657,0.6736245663933754,0.22455150049658146,0.8475632965224996
Jurkat,885,0,0.34571492694934725,0.11819916383034978,0.2547321330453658,0.25104464329949727,0.5590780228023718,0.3339450246845541,0.7580628605276916
