context,estimator,k,n_draws,M0_median,M0_lo,M0_hi,M1_median,M1_lo,M1_hi,M2_median,M2_lo,M2_hi,M3_median,M3_lo,M3_hi,M4_median,M4_lo,M4_hi,M1r_median,M1r_lo,M1r_hi,M3r_median,M3r_lo,M3r_hi
HepG2,E0,0,5,0.2744457529263856,0.24993963230870858,0.27643790591520634,0.167338772777369,0.16421921155419272,0.17425920495543532,0.4366265275737808,0.435297439679722,0.4559665330745532,0.0,-1.9984014443252818e-16,1.9984014443252816e-16,0.0,0.0,0.0,0.2757695565722666,0.26310308792918713,0.27732939498260206,0.0,0.0,0.0
HepG2,E0,1,200,0.2744457529263856,0.2480567639437663,0.2765893134691674,0.167338772777369,0.1642184191382958,0.1744517454463449,0.4366265275737808,0.4352232160517451,0.4570188378276485,0.0,-2.220446049250313e-16,2.220446049250313e-16,0.0,0.0,0.0,0.2757695565722666,0.2625654698289057,0.2773451298869738,0.0,0.0,0.0
HepG2,E0,2,200,0.2744457529263856,0.2480567639437663,0.2765893134691674,0.167338772777369,0.1642184191382958,0.1744517454463449,0.4366265275737808,0.4352232160517451,0.4570188378276485,0.0,-2.220446049250313e-16,2.220446049250313e-16,0.0,0.0,0.0,0.2757695565722666,0.2625654698289057,0.2773451298869738,0.0,0.0,0.0
HepG2,E0,5,200,0.2744457529263856,0.2480567639437663,0.2765893134691674,0.167338772777369,0.1642184191382958,0.1744517454463449,0.4366265275737808,0.4352232160517451,0.4570188378276485,0.0,-2.220446049250313e-16,2.220446049250313e-16,0.0,0.0,0.0,0.2757695565722666,0.2625654698289057,0.2773451298869738,0.0,0.0,0.0
HepG2,E0,10,200,0.2744457529263856,0.2480567639437663,0.2765893134691674,0.167338772777369,0.1642184191382958,0.1744517454463449,0.4366265275737808,0.4352232160517451,0.4570188378276485,0.0,-2.220446049250313e-16,2.220446049250313e-16,0.0,0.0,0.0,0.2757695565722666,0.2625654698289057,0.2773451298869738,0.0,0.0,0.0
HepG2,E0,20,200,0.2744457529263856,0.2480567639437663,0.2765893134691674,0.167338772777369,0.1642184191382958,0.1744517454463449,0.4366265275737808,0.4352232160517451,0.4570188378276485,0.0,-2.220446049250313e-16,2.220446049250313e-16,0.0,0.0,0.0,0.2757695565722666,0.2625654698289057,0.2773451298869738,0.0,0.0,0.0
HepG2,E0,50,200,0.2744457529263856,0.2480567639437663,0.2765893134691674,0.167338772777369,0.1642184191382958,0.1744517454463449,0.4366265275737808,0.4352232160517451,0.4570188378276485,0.0,-2.220446049250313e-16,2.220446049250313e-16,0.0,0.0,0.0,0.2757695565722666,0.2625654698289057,0.2773451298869738,0.0,0.0,0.0
HepG2,E0,100,200,0.2744457529263856,0.2480567639437663,0.2765893134691674,0.167338772777369,0.1642184191382958,0.1744517454463449,0.4366265275737808,0.4352232160517451,0.4570188378276485,0.0,-2.220446049250313e-16,2.220446049250313e-16,0.0,0.0,0.0,0.2757695565722666,0.2625654698289057,0.2773451298869738,0.0,0.0,0.0
HepG2,E0,200,200,0.2744457529263856,0.2480567639437663,0.2765893134691674,0.167338772777369,0.1642184191382958,0.1744517454463449,0.4366265275737808,0.4352232160517451,0.4570188378276485,0.0,-2.220446049250313e-16,2.220446049250313e-16,0.0,0.0,0.0,0.2757695565722666,0.2625654698289057,0.2773451298869738,0.0,0.0,0.0
HepG2,E0,885,5,0.2744457529263856,0.24993963230870858,0.27643790591520634,0.167338772777369,0.16421921155419272,0.17425920495543532,0.4366265275737808,0.435297439679722,0.4559665330745532,0.0,-1.9984014443252818e-16,1.9984014443252816e-16,0.0,0.0,0.0,0.2757695565722666,0.26310308792918713,0.27732939498260206,0.0,0.0,0.0
HepG2,E0s,0,5,0.3678260937077373,0.34908860532573044,0.37216999505778353,0.2845569120615454,0.28204364675230165,0.2927251643344756,0.7494286242163064,0.7414930683417569,0.7595995428624706,0.0,-2.220446049250313e-16,1.9984014443252816e-16,0.1407753062733103,0.13298595585899833,0.14641836218807486,0.275769556572267,0.2631030879291875,0.2773293949826019,0.0,0.0,0.0
HepG2,E0s,1,200,0.3678260937077373,0.3482815602392648,0.3723439066626791,0.2845569120615454,0.2818791684537468,0.2934031073804345,0.7494286242163064,0.7413522928485818,0.7596302480601346,0.0,-2.220446049250313e-16,2.220446049250313e-16,0.1407753062733103,0.1321209334418887,0.146456036583563,0.275769556572267,0.2625654698289061,0.2773451298869736,0.0,0.0,0.0
HepG2,E0s,2,200,0.3678260937077373,0.3482815602392648,0.3723439066626791,0.2845569120615454,0.2818791684537468,0.2934031073804345,0.7494286242163064,0.7413522928485818,0.7596302480601346,0.0,-2.220446049250313e-16,2.220446049250313e-16,0.1407753062733103,0.1321209334418887,0.146456036583563,0.275769556572267,0.2625654698289061,0.2773451298869736,0.0,0.0,0.0
HepG2,E0s,5,200,0.3678260937077373,0.3482815602392648,0.3723439066626791,0.2845569120615454,0.2818791684537468,0.2934031073804345,0.7494286242163064,0.7413522928485818,0.7596302480601346,0.0,-2.220446049250313e-16,2.220446049250313e-16,0.1407753062733103,0.1321209334418887,0.146456036583563,0.275769556572267,0.2625654698289061,0.2773451298869736,0.0,0.0,0.0
HepG2,E0s,10,200,0.3678260937077373,0.3482815602392648,0.3723439066626791,0.2845569120615454,0.2818791684537468,0.2934031073804345,0.7494286242163064,0.7413522928485818,0.7596302480601346,0.0,-2.220446049250313e-16,2.220446049250313e-16,0.1407753062733103,0.1321209334418887,0.146456036583563,0.275769556572267,0.2625654698289061,0.2773451298869736,0.0,0.0,0.0
HepG2,E0s,20,200,0.3678260937077373,0.3482815602392648,0.3723439066626791,0.2845569120615454,0.2818791684537468,0.2934031073804345,0.7494286242163064,0.7413522928485818,0.7596302480601346,0.0,-2.220446049250313e-16,2.220446049250313e-16,0.1407753062733103,0.1321209334418887,0.146456036583563,0.275769556572267,0.2625654698289061,0.2773451298869736,0.0,0.0,0.0
HepG2,E0s,50,200,0.3678260937077373,0.3482815602392648,0.3723439066626791,0.2845569120615454,0.2818791684537468,0.2934031073804345,0.7494286242163064,0.7413522928485818,0.7596302480601346,0.0,-2.220446049250313e-16,2.220446049250313e-16,0.1407753062733103,0.1321209334418887,0.146456036583563,0.275769556572267,0.2625654698289061,0.2773451298869736,0.0,0.0,0.0
HepG2,E0s,100,200,0.3678260937077373,0.3482815602392648,0.3723439066626791,0.2845569120615454,0.2818791684537468,0.2934031073804345,0.7494286242163064,0.7413522928485818,0.7596302480601346,0.0,-2.220446049250313e-16,2.220446049250313e-16,0.1407753062733103,0.1321209334418887,0.146456036583563,0.275769556572267,0.2625654698289061,0.2773451298869736,0.0,0.0,0.0
HepG2,E0s,200,200,0.3678260937077373,0.3482815602392648,0.3723439066626791,0.2845569120615454,0.2818791684537468,0.2934031073804345,0.7494286242163064,0.7413522928485818,0.7596302480601346,0.0,-2.220446049250313e-16,2.220446049250313e-16,0.1407753062733103,0.1321209334418887,0.146456036583563,0.275769556572267,0.2625654698289061,0.2773451298869736,0.0,0.0,0.0
HepG2,E0s,885,5,0.3678260937077373,0.34908860532573044,0.37216999505778353,0.2845569120615454,0.28204364675230165,0.2927251643344756,0.7494286242163064,0.7414930683417569,0.7595995428624706,0.0,-2.220446049250313e-16,1.9984014443252816e-16,0.1407753062733103,0.13298595585899833,0.14641836218807486,0.275769556572267,0.2631030879291875,0.2773293949826019,0.0,0.0,0.0
HepG2,E1,1,200,-1.1764726253501927,-4.673464674955172,-0.20540943942133227,0.2845569120615454,0.2818791684537467,0.2934031073804345,0.7494286242163062,0.7413522928485818,0.7596302480601346,0.0,-2.220446049250313e-16,2.220446049250313e-16,0.1407753062733103,0.1321209334418887,0.146456036583563,0.2757695565722671,0.262565469828906,0.2773451298869737,0.0,0.0,0.0
HepG2,E1,2,200,-0.433013013933248,-1.9429280599319765,0.015239070233855175,0.2845569120615454,0.2818791684537467,0.2934031073804345,0.7494286242163062,0.7413522928485818,0.7596302480601346,0.0,-2.220446049250313e-16,2.220446049250313e-16,0.1407753062733103,0.1321209334418887,0.146456036583563,0.2757695565722671,0.262565469828906,0.2773451298869736,0.0,0.0,0.0
HepG2,E1,5,200,0.08982883147852805,-0.22407465182141315,0.21904264637951532,0.2845569120615454,0.2818791684537467,0.2934031073804345,0.7494286242163062,0.7413522928485818,0.7596302480601346,0.0,-2.220446049250313e-16,2.220446049250313e-16,0.1407753062733103,0.1321209334418887,0.146456036583563,0.2757695565722671,0.2625654698289061,0.2773451298869736,0.0,0.0,0.0
HepG2,E1,10,200,0.24989311107173673,0.10624924831420231,0.2969129980816954,0.2845569120615454,0.2818791684537467,0.2934031073804345,0.7494286242163062,0.7413522928485818,0.7596302480601346,0.0,-2.220446049250313e-16,2.220446049250313e-16,0.1407753062733103,0.1321209334418887,0.146456036583563,0.2757695565722671,0.2625654698289061,0.2773451298869737,0.0,0.0,0.0
HepG2,E1,20,200,0.33156411153687826,0.23997473652229429,0.3584596552296028,0.2845569120615454,0.2818791684537467,0.2934031073804345,0.7494286242163062,0.7413522928485818,0.7596302480601346,0.0,-2.220446049250313e-16,2.220446049250313e-16,0.1407753062733103,0.1321209334418887,0.146456036583563,0.2757695565722671,0.2625654698289061,0.2773451298869736,0.0,0.0,0.0
HepG2,E1,50,200,0.3823719324020196,0.34625901054194125,0.39955922277325634,0.2845569120615454,0.2818791684537467,0.2934031073804345,0.7494286242163062,0.7413522928485818,0.7596302480601346,0.0,-2.220446049250313e-16,2.220446049250313e-16,0.1407753062733103,0.1321209334418887,0.146456036583563,0.2757695565722671,0.2625654698289061,0.2773451298869737,0.0,0.0,0.0
HepG2,E1,100,200,0.40210824966978875,0.36449071561398977,0.41264755833627587,0.2845569120615454,0.2818791684537467,0.2934031073804345,0.7494286242163062,0.7413522928485818,0.7596302480601346,0.0,-2.220446049250313e-16,2.220446049250313e-16,0.1407753062733103,0.1321209334418887,0.146456036583563,0.2757695565722671,0.2625654698289061,0.2773451298869736,0.0,0.0,0.0
HepG2,E1,200,200,0.41067871324169414,0.38487165460801814,0.418715005866949,0.2845569120615454,0.2818791684537467,0.2934031073804345,0.7494286242163062,0.7413522928485818,0.7596302480601346,0.0,-2.220446049250313e-16,2.220446049250313e-16,0.1407753062733103,0.1321209334418887,0.146456036583563,0.2757695565722671,0.2625654698289061,0.2773451298869737,0.0,0.0,0.0
HepG2,E1,885,5,0.4205444897521343,0.4005409959135041,0.4218112769870127,0.2845569120615454,0.28204364675230165,0.2927251643344756,0.7494286242163064,0.7414930683417569,0.7595995428624706,0.0,-1.9984014443252818e-16,0.0,0.1407753062733103,0.13298595585899833,0.14641836218807486,0.275769556572267,0.26310308792918763,0.2773293949826019,0.0,0.0,0.0
HepG2,E2,1,200,-1.1764726253501927,-4.673464674955173,-0.20540943942133227,0.2845569120615454,0.2818791684537467,0.2934031073804345,0.7494286242163062,0.7413522928485818,0.7596302480601346,0.0,-2.220446049250313e-16,2.220446049250313e-16,0.1407753062733103,0.1321209334418887,0.146456036583563,0.2757695565722671,0.2625654698289061,0.2773451298869737,0.0,0.0,0.0
HepG2,E2,2,200,-0.4738801425125899,-1.6608631756718826,-0.06780390433208713,0.24778077818007016,-0.12538500821731585,0.31074119836334535,0.6514077481285001,-0.32660655308970354,0.8228120064678985,0.0,-2.220446049250313e-16,2.220446049250313e-16,0.096340575805827,-0.35176524631077866,0.17505247062512003,0.2757695565722668,-0.26813734847523335,0.2773451298869742,0.0,0.0,0.0
HepG2,E2,5,200,0.07900642608638439,-0.25610272378508236,0.21889634520348558,0.29176524958219646,0.0863872822169389,0.3181501621158107,0.7672609881717156,0.22631252683004824,0.8234861997526078,0.0,-2.220446049250313e-16,2.220446049250313e-16,0.14768818498608566,-0.10667391366119391,0.1759860509313491,0.2757695565722668,0.2625654698289054,0.2773451298869742,0.0,0.0,0.0
HepG2,E2,10,200,0.2558321116245491,0.10761225787334483,0.30789229782212635,0.29947560130753736,0.22057000185083422,0.3178119203165174,0.787652926732475,0.5710016256275728,0.8234857484858593,0.0,-2.220446049250313e-16,2.220446049250313e-16,0.15842398410302655,0.05800523344245176,0.17557728650069293,0.2757695565722667,0.2625654698289054,0.277345129886974,0.0,0.0,0.0
HepG2,E2,20,200,0.3460274374973024,0.26894713999510755,0.37651113766774225,0.3050470238526861,0.2705844050000231,0.31844158378080506,0.8019055068352329,0.7138942962873209,0.8241224277451363,0.0,-2.220446049250313e-16,2.220446049250313e-16,0.16320467610303924,0.12476337955089042,0.17633823333819892,0.27576955657226687,0.2625654698289054,0.2773451298869742,0.0,0.0,0.0
HepG2,E2,50,200,0.4005755549746778,0.3558924508809659,0.4177927677093546,0.30735107489102187,0.28944423481015213,0.3184850593493007,0.8057358523343622,0.7582684153594931,0.8242349419169067,0.0,-2.220446049250313e-16,2.220446049250313e-16,0.16728474100113386,0.14290900460360728,0.17639077346198231,0.2757695565722668,0.2625654698289054,0.2773451298869741,0.0,0.0,0.0
HepG2,E2,100,200,0.4174516156867727,0.3862935973143348,0.4319554556378426,0.3075670387650654,0.2949955673720051,0.3188048483732235,0.808052347985819,0.7785985348951878,0.8250625515011585,0.0,-2.220446049250313e-16,2.220446049250313e-16,0.1683939752516628,0.15372043075692246,0.17677723775636278,0.27576955657226676,0.2625654698289054,0.2773451298869741,0.0,0.0,0.0
HepG2,E2,200,200,0.4281710536755087,0.40313414034857653,0.43837293053214454,0.30821803944449916,0.29967133591678935,0.3185720353240785,0.8095104903784401,0.7929266571802901,0.8244600345402956,0.0,-2.220446049250313e-16,2.220446049250313e-16,0.1690631448258541,0.15890871792155148,0.1764958837259564,0.27576955657226676,0.2625654698289053,0.2773451298869741,0.0,0.0,0.0
HepG2,E2,885,5,0.4380249971058768,0.41855789970112006,0.44026218995073607,0.3083564141387144,0.3043807630089811,0.31618339976933396,0.8083026527420485,0.8020265061710243,0.8202006428455838,0.0,-1.9984014443252818e-16,1.9984014443252816e-16,0.168448054877094,0.16270744799307818,0.1744397375588543,0.2757695565722664,0.26310308792918724,0.27732939498260223,0.0,0.0,0.0
HepG2,E3,1,200,-1.1764726264185943,-4.673462971015001,-0.20540943629653438,0.28455691208794553,0.28187916597242674,0.2934031103949016,0.7494286242722259,0.7413522915731116,0.7596302526660466,2.187220404792356e-10,-1.6572995170660576e-08,1.7009268687973037e-08,0.14077530630501617,0.13212093154767202,0.14645604495815642,0.27576955673764325,0.26256546586595003,0.2773451348236498,0.0007455921070194499,-0.018484861009722135,0.022768147547578128
HepG2,E3,2,200,-0.4330032123618812,-1.907262796618718,0.0151524051284787,0.2854179863389852,0.27688579896306087,0.29965586990315896,0.7515306379227633,0.7379694175608676,0.7680904270468336,-0.00103524740195445,-0.009867740370564657,0.007601387998410852,0.1414392679577509,0.1273026581204443,0.15433667671833803,0.2725348576623496,0.25993076193175363,0.2818140749556902,0.0098283651759464,-0.011443812994528431,0.04002958492784552
HepG2,E3,5,200,0.0942746846929465,-0.18975394241428803,0.22876194771095756,0.29525209949298137,0.24673638640570691,0.3183874410488964,0.7691586689001001,0.7151739061532887,0.8081420647062966,0.0027831551411871,-0.036809566772108226,0.023964769154705585,0.1513288521567597,0.09063721665172127,0.1812914247836678,0.2735849649324224,0.24612106744384826,0.28491777179376543,0.044290601163177845,-0.0009953196632806775,0.07010919958592006
HepG2,E3,10,200,0.26087806208368675,0.09893046671000769,0.31404480506520477,0.30562058588987073,0.17507281392785043,0.32868781316363094,0.7739167370567847,0.7414359844759002,0.8289030340030042,0.019881543217028952,-0.2166699870510504,0.03686784135109204,0.16534362011299986,0.009381767849154486,0.19018244572533732,0.2793471825123969,0.24095281614518074,0.2925964531476071,0.06659454817671714,0.027858575337925035,0.08624209449401937
HepG2,E3,20,200,0.3484580202395759,0.27992069431274585,0.38088716515946536,0.3054422563890452,0.2654760257373134,0.3217679240393278,0.782751923929492,0.752801732101423,0.840330254912261,0.0199148143422671,-0.07827671348770239,0.03533893201632571,0.1644737484653254,0.11869153446768144,0.18589142979535744,0.27903297671939364,0.2587642066502595,0.29213885823072117,0.08314134031896839,0.05786465425330807,0.10062263207191421
HepG2,E3,50,200,0.4320057047671416,0.3986544818139806,0.45034113719313235,0.34571235419406315,0.31825984856291306,0.3620904628545003,0.8270458874967938,0.7761390050262457,0.8449467490082335,0.0498012966917622,0.026183112090682248,0.06581825994932936,0.21403734975303984,0.17419708941704468,0.23103143197021056,0.29024211731123695,0.2785915839176919,0.2986692340662988,0.10933421606787119,0.09226602979640688,0.12160138738156281
HepG2,E3,100,200,0.46438716856327783,0.4336584159038176,0.476854395473899,0.36464228234924795,0.3269099353275277,0.3786058725019823,0.827212117578604,0.8113851302623573,0.8452577068333508,0.0805486007566806,0.01494916189815144,0.08832858880234241,0.23658962781101905,0.19223164578866145,0.25014574796117833,0.2987249592089253,0.28893282205428966,0.30602918818370434,0.1244990475386361,0.11327012512686731,0.13408485556800487
HepG2,E3,200,200,0.4756652618387076,0.45525333068275775,0.4881341830121493,0.3683992351090089,0.3573534481697658,0.37996565668442756,0.842456637505131,0.828058542477568,0.8590518912036723,0.07583587699309245,0.06292070280048016,0.09219604994284644,0.24053773453626814,0.22747780233719067,0.2520710704384657,0.29811124171325964,0.29132850397403676,0.3060177529981967,0.12947952410400035,0.12199005266138115,0.139360357166733
HepG2,E3,885,5,0.5008454733300085,0.48919170693691616,0.5068677918673566,0.3903787289789473,0.38370288736636055,0.39875010665325594,0.8465728848885068,0.8406734461183364,0.8580121257497565,0.1103624118944008,0.10411250350480626,0.11290945614899366,0.26627060633816,0.26158944578716703,0.2746301231703572,0.3080183208644274,0.30369286614701235,0.3095717915859163,0.140540356666061,0.13851541367590503,0.1479880354871872
HepG2,E4,1,200,-1.1764726253501927,-4.673464674955173,-0.20540943942133227,0.2845569120615454,0.2818791684537467,0.2934031073804345,0.7494286242163062,0.7413522928485818,0.7596302480601346,0.0,-2.220446049250313e-16,2.220446049250313e-16,0.1407753062733103,0.1321209334418887,0.146456036583563,0.2757695565722671,0.2625654698289061,0.2773451298869737,0.0,0.0,0.0
HepG2,E4,2,200,-0.47335989532665246,-1.6610189541419376,-0.06773332374684421,0.2482165228201253,-0.12572969477195517,0.311072591659356,0.6510879869655437,-0.3275240299558006,0.8228340800342876,0.00021145366996889997,-0.0002122229779223025,0.003051303676270126,0.09656630892267151,-0.35217926613167455,0.17518273996579176,0.27575240288249775,-0.269293628275968,0.27839876957872506,0.0187591504840144,-0.03374358404332586,0.09102300451050982
HepG2,E4,5,200,0.07807287480081529,-0.2569339842884368,0.21885719588039468,0.284030629047704,0.04510940325671209,0.3273959377446982,0.7624703268671362,0.14523025501027423,0.8276032343251409,0.0010668386616868,-0.1758375966677463,0.06126521349920911,0.139265481905397,-0.14419223447592053,0.19452366861250003,0.27607238152559915,0.2463036458187405,0.29203194473779925,0.0676544616058396,-0.005444279840283586,0.1093350045571497
HepG2,E4,10,200,0.2686768151042558,0.13122453945093657,0.3344098611442927,0.31466631508455656,0.19493319360540726,0.3614233607579908,0.7788419472744975,0.5108944855021708,0.8267178944528258,0.0289967099181098,-0.09771438789633835,0.09275035709730958,0.17636765175468483,0.03674532499007305,0.22812199520752438,0.2831667923841693,0.2645534770054937,0.3019462801538877,0.09844813316301435,0.04171447656809763,0.12956136551992822
HepG2,E4,20,200,0.38523826919603715,0.30438977767442393,0.43214462689692734,0.34733231772424855,0.27729655282805205,0.3936416408846222,0.801063576724578,0.6641337340762076,0.8383237125475724,0.070534874600322,0.00366109316079256,0.1481431461963201,0.2134510268790778,0.1347402943926553,0.27062150865829937,0.2932843836551487,0.270053260280875,0.3125585650659996,0.12565508043120405,0.07748191754096988,0.1544947761996754
HepG2,E4,50,200,0.4833353298600702,0.4370105703632605,0.5075413774268954,0.40923710194517027,0.3664206675800197,0.43824915969487105,0.8114428458688991,0.7221443909146131,0.8419415595757662,0.1697561792876878,0.09111326260400121,0.21450155418853026,0.2911227210336804,0.24114077340424403,0.32783796461175,0.3099287440117917,0.29581610228099614,0.32300741576453573,0.1586065703841836,0.1350666279663208,0.179805723787039
HepG2,E4,100,200,0.5334762477870196,0.5050449490631176,0.5568217258145579,0.4570011805247449,0.4267161030664598,0.481573267850154,0.8178277333805888,0.7609792101351196,0.8521022992502831,0.2365171127281332,0.18686992076512707,0.27245021087725285,0.34550193231600257,0.3136545943064905,0.37410557626885205,0.3192388251138139,0.3047027091440433,0.33285053391180536,0.1795308591633434,0.1620391125896699,0.19662344032854057
HepG2,E4,200,200,0.578369644834202,0.5598770898406412,0.5971720946494407,0.5042971880461266,0.4806262393779848,0.5205242185963842,0.8283493935220005,0.791872489487837,0.8554785212359969,0.3035627406136972,0.2730635466076007,0.3272644491135534,0.40351081416585083,0.375141298718302,0.42340099325934705,0.3272898532973107,0.3176930107009643,0.33892345776070576,0.20106425130739897,0.1832880942417114,0.21270830919669717
HepG2,E4,885,5,0.650510416275931,0.6471249901341192,0.6592848786194921,0.5953002335837685,0.5821203455868549,0.6000715962704789,0.8540292213824017,0.8449568215591874,0.8598792490084672,0.4299466029618568,0.42264796504180707,0.44503142636012294,0.5120512480547991,0.4994016102905296,0.5211983912086434,0.3486982726482848,0.33960459261978465,0.3554371859852845,0.2380001394251048,0.23055204987110048,0.2432447146606978
Jurkat,E0,0,5,0.0151147268613304,0.00681396294632633,0.01863814495696717,-0.0371448063833006,-0.04952824829895015,-0.03488379279932168,-0.1101269195740044,-0.1472853561358703,-0.1041967591628494,0.0,0.0,1.9984014443252816e-16,0.0,0.0,0.0,0.2527314666489355,0.24607328449988394,0.2568421543569958,0.0,0.0,0.0
Jurkat,E0,1,200,0.0151147268613304,0.0066195764067282,0.0190243083509471,-0.0371448063833006,-0.0500498544150922,-0.034766586734279,-0.1101269195740044,-0.1483324292366457,-0.1035951739008236,0.0,0.0,2.220446049250313e-16,0.0,0.0,0.0,0.2527314666489355,0.2454292006323486,0.2571044166219072,0.0,0.0,0.0
Jurkat,E0,2,200,0.0151147268613304,0.0066195764067282,0.0190243083509471,-0.0371448063833006,-0.0500498544150922,-0.034766586734279,-0.1101269195740044,-0.1483324292366457,-0.1035951739008236,0.0,0.0,2.220446049250313e-16,0.0,0.0,0.0,0.2527314666489355,0.2454292006323486,0.2571044166219072,0.0,0.0,0.0
Jurkat,E0,5,200,0.0151147268613304,0.0066195764067282,0.0190243083509471,-0.0371448063833006,-0.0500498544150922,-0.034766586734279,-0.1101269195740044,-0.1483324292366457,-0.1035951739008236,0.0,0.0,2.220446049250313e-16,0.0,0.0,0.0,0.2527314666489355,0.2454292006323486,0.2571044166219072,0.0,0.0,0.0
Jurkat,E0,10,200,0.0151147268613304,0.0066195764067282,0.0190243083509471,-0.0371448063833006,-0.0500498544150922,-0.034766586734279,-0.1101269195740044,-0.1483324292366457,-0.1035951739008236,0.0,0.0,2.220446049250313e-16,0.0,0.0,0.0,0.2527314666489355,0.2454292006323486,0.2571044166219072,0.0,0.0,0.0
Jurkat,E0,20,200,0.0151147268613304,0.0066195764067282,0.0190243083509471,-0.0371448063833006,-0.0500498544150922,-0.034766586734279,-0.1101269195740044,-0.1483324292366457,-0.1035951739008236,0.0,0.0,2.220446049250313e-16,0.0,0.0,0.0,0.2527314666489355,0.2454292006323486,0.2571044166219072,0.0,0.0,0.0
Jurkat,E0,50,200,0.0151147268613304,0.0066195764067282,0.0190243083509471,-0.0371448063833006,-0.0500498544150922,-0.034766586734279,-0.1101269195740044,-0.1483324292366457,-0.1035951739008236,0.0,0.0,2.220446049250313e-16,0.0,0.0,0.0,0.2527314666489355,0.2454292006323486,0.2571044166219072,0.0,0.0,0.0
Jurkat,E0,100,200,0.0151147268613304,0.0066195764067282,0.0190243083509471,-0.0371448063833006,-0.0500498544150922,-0.034766586734279,-0.1101269195740044,-0.1483324292366457,-0.1035951739008236,0.0,0.0,2.220446049250313e-16,0.0,0.0,0.0,0.2527314666489355,0.2454292006323486,0.2571044166219072,0.0,0.0,0.0
Jurkat,E0,200,200,0.0151147268613304,0.0066195764067282,0.0190243083509471,-0.0371448063833006,-0.0500498544150922,-0.034766586734279,-0.1101269195740044,-0.1483324292366457,-0.1035951739008236,0.0,0.0,2.220446049250313e-16,0.0,0.0,0.0,0.2527314666489355,0.2454292006323486,0.2571044166219072,0.0,0.0,0.0
Jurkat,E0,885,5,0.0151147268613304,0.00681396294632633,0.01863814495696717,-0.0371448063833006,-0.04952824829895015,-0.03488379279932168,-0.1101269195740044,-0.1472853561358703,-0.1041967591628494,0.0,0.0,1.9984014443252816e-16,0.0,0.0,0.0,0.2527314666489355,0.24607328449988394,0.2568421543569958,0.0,0.0,0.0
Jurkat,E0s,0,5,0.2450333540807322,0.24152382074956075,0.2577211222659144,0.2470268789363976,0.2416536763351025,0.24846440834933847,0.7379515879616785,0.7328105747469097,0.7442881360432506,0.0,0.0,0.0,0.27393331706357,0.27059146745171614,0.2833335456780343,0.2527314666489356,0.24607328449988383,0.25684215435699587,0.0,0.0,0.0
Jurkat,E0s,1,200,0.2450333540807322,0.2415142552608996,0.2588581818747035,0.2470268789363976,0.2413809935124189,0.2485541333597872,0.7379515879616785,0.7323852747682239,0.744516304029056,0.0,0.0,0.0,0.27393331706357,0.2703311338282016,0.2843712482025061,0.2527314666489356,0.2454292006323485,0.2571044166219073,0.0,0.0,0.0
Jurkat,E0s,2,200,0.2450333540807322,0.2415142552608996,0.2588581818747035,0.2470268789363976,0.2413809935124189,0.2485541333597872,0.7379515879616785,0.7323852747682239,0.744516304029056,0.0,0.0,0.0,0.27393331706357,0.2703311338282016,0.2843712482025061,0.2527314666489356,0.2454292006323485,0.2571044166219073,0.0,0.0,0.0
Jurkat,E0s,5,200,0.2450333540807322,0.2415142552608996,0.2588581818747035,0.2470268789363976,0.2413809935124189,0.2485541333597872,0.7379515879616785,0.7323852747682239,0.744516304029056,0.0,0.0,0.0,0.27393331706357,0.2703311338282016,0.2843712482025061,0.2527314666489356,0.2454292006323485,0.2571044166219073,0.0,0.0,0.0
Jurkat,E0s,10,200,0.2450333540807322,0.2415142552608996,0.2588581818747035,0.2470268789363976,0.2413809935124189,0.2485541333597872,0.7379515879616785,0.7323852747682239,0.744516304029056,0.0,0.0,0.0,0.27393331706357,0.2703311338282016,0.2843712482025061,0.2527314666489356,0.2454292006323485,0.2571044166219073,0.0,0.0,0.0
Jurkat,E0s,20,200,0.2450333540807322,0.2415142552608996,0.2588581818747035,0.2470268789363976,0.2413809935124189,0.2485541333597872,0.7379515879616785,0.7323852747682239,0.744516304029056,0.0,0.0,0.0,0.27393331706357,0.2703311338282016,0.2843712482025061,0.2527314666489356,0.2454292006323485,0.2571044166219073,0.0,0.0,0.0
Jurkat,E0s,50,200,0.2450333540807322,0.2415142552608996,0.2588581818747035,0.2470268789363976,0.2413809935124189,0.2485541333597872,0.7379515879616785,0.7323852747682239,0.744516304029056,0.0,0.0,0.0,0.27393331706357,0.2703311338282016,0.2843712482025061,0.2527314666489356,0.2454292006323485,0.2571044166219073,0.0,0.0,0.0
Jurkat,E0s,100,200,0.2450333540807322,0.2415142552608996,0.2588581818747035,0.2470268789363976,0.2413809935124189,0.2485541333597872,0.7379515879616785,0.7323852747682239,0.744516304029056,0.0,0.0,0.0,0.27393331706357,0.2703311338282016,0.2843712482025061,0.2527314666489356,0.2454292006323485,0.2571044166219073,0.0,0.0,0.0
Jurkat,E0s,200,200,0.2450333540807322,0.2415142552608996,0.2588581818747035,0.2470268789363976,0.2413809935124189,0.2485541333597872,0.7379515879616785,0.7323852747682239,0.744516304029056,0.0,0.0,0.0,0.27393331706357,0.2703311338282016,0.2843712482025061,0.2527314666489356,0.2454292006323485,0.2571044166219073,0.0,0.0,0.0
Jurkat,E0s,885,5,0.2450333540807322,0.24152382074956075,0.2577211222659144,0.2470268789363976,0.2416536763351025,0.24846440834933847,0.7379515879616785,0.7328105747469097,0.7442881360432506,0.0,0.0,0.0,0.27393331706357,0.27059146745171614,0.2833335456780343,0.2527314666489356,0.24607328449988383,0.25684215435699587,0.0,0.0,0.0
Jurkat,E1,1,200,-1.0212510895555105,-3.4040324494225955,-0.13334610372480515,0.2470268789363974,0.2413809935124189,0.2485541333597871,0.7379515879616785,0.7323852747682239,0.744516304029056,0.0,-2.220446049250313e-16,2.220446049250313e-16,0.27393331706357,0.2703311338282015,0.284371248202506,0.2527314666489356,0.2454292006323483,0.2571044166219072,0.0,0.0,0.0
Jurkat,E1,2,200,-0.46043768949829567,-1.454396900108267,-0.011975238279611293,0.2470268789363974,0.2413809935124189,0.2485541333597871,0.7379515879616785,0.7323852747682239,0.744516304029056,0.0,-2.220446049250313e-16,2.220446049250313e-16,0.27393331706357,0.2703311338282015,0.284371248202506,0.2527314666489356,0.2454292006323484,0.2571044166219073,0.0,0.0,0.0
Jurkat,E1,5,200,0.06451486144836975,-0.24020178708715206,0.18300422336452105,0.2470268789363974,0.2413809935124189,0.2485541333597872,0.7379515879616785,0.7323852747682239,0.744516304029056,0.0,-2.220446049250313e-16,2.220446049250313e-16,0.27393331706357,0.2703311338282015,0.2843712482025061,0.2527314666489356,0.2454292006323485,0.2571044166219072,0.0,0.0,0.0
Jurkat,E1,10,200,0.20962527470414996,0.11506417253481038,0.26655377671016095,0.2470268789363974,0.2413809935124189,0.2485541333597871,0.7379515879616785,0.7323852747682239,0.744516304029056,0.0,-2.220446049250313e-16,2.220446049250313e-16,0.27393331706357,0.2703311338282015,0.284371248202506,0.2527314666489356,0.2454292006323485,0.2571044166219072,0.0,0.0,0.0
Jurkat,E1,20,200,0.30186511990558257,0.26693076757274925,0.3263437398361434,0.2470268789363974,0.2413809935124189,0.2485541333597872,0.7379515879616785,0.7323852747682239,0.744516304029056,0.0,-2.220446049250313e-16,2.220446049250313e-16,0.27393331706357,0.2703311338282015,0.2843712482025061,0.2527314666489357,0.2454292006323484,0.2571044166219072,0.0,0.0,0.0
Jurkat,E1,50,200,0.3520041033784048,0.33095400766699756,0.36774092693778393,0.2470268789363974,0.2413809935124189,0.2485541333597871,0.7379515879616785,0.7323852747682239,0.744516304029056,0.0,-2.220446049250313e-16,2.220446049250313e-16,0.27393331706357,0.2703311338282015,0.284371248202506,0.2527314666489356,0.2454292006323484,0.2571044166219072,0.0,0.0,0.0
Jurkat,E1,100,200,0.36860569442895597,0.3566521883790148,0.382766370642698,0.2470268789363974,0.2413809935124189,0.2485541333597871,0.7379515879616785,0.7323852747682239,0.744516304029056,0.0,-2.220446049250313e-16,2.220446049250313e-16,0.27393331706357,0.2703311338282015,0.284371248202506,0.2527314666489357,0.2454292006323485,0.2571044166219072,0.0,0.0,0.0
Jurkat,E1,200,200,0.37738099900029004,0.3681302689082248,0.39028736795185104,0.2470268789363974,0.2413809935124189,0.2485541333597871,0.7379515879616785,0.7323852747682239,0.744516304029056,0.0,-2.220446049250313e-16,2.220446049250313e-16,0.27393331706357,0.2703311338282015,0.284371248202506,0.2527314666489356,0.2454292006323485,0.2571044166219072,0.0,0.0,0.0
Jurkat,E1,885,5,0.383964352950558,0.3788692717270128,0.3933485306162057,0.2470268789363974,0.2416536763351025,0.2484644083493384,0.7379515879616785,0.7328105747469097,0.7442881360432506,0.0,-1.9984014443252818e-16,0.0,0.27393331706357,0.27059146745171614,0.2833335456780342,0.2527314666489356,0.24607328449988394,0.25684215435699564,0.0,0.0,0.0
Jurkat,E2,1,200,-1.0212510895555102,-3.4040324494225955,-0.13334610372480515,0.2470268789363974,0.2413809935124189,0.2485541333597871,0.7379515879616785,0.7323852747682239,0.744516304029056,0.0,-2.220446049250313e-16,2.220446049250313e-16,0.27393331706357,0.2703311338282015,0.284371248202506,0.2527314666489356,0.2454292006323483,0.2571044166219072,0.0,0.0,0.0
Jurkat,E2,2,200,-0.5305059386040797,-1.605610172457643,-0.07652823787116625,0.19098025584610429,-0.1562460957364063,0.24720746067410307,0.5753030322909589,-0.4632996960932977,0.7414378976830086,0.0,-2.220446049250313e-16,2.220446049250313e-16,0.2232436637783771,-0.11490023156716617,0.2817691067142431,0.25273146664893575,-0.2518700393077017,0.2571044166219074,0.0,0.0,0.0
Jurkat,E2,5,200,0.0384022476632918,-0.28765822052986384,0.17488034545006872,0.22945384736772725,0.06508130106271182,0.24817629016732204,0.6894241751167738,0.1930605867412687,0.7424822597366645,0.0,-2.220446049250313e-16,2.220446049250313e-16,0.2587912949822154,0.09853828468577737,0.28401141462805574,0.2527314666489358,0.2454292006323481,0.2571044166219072,0.0,0.0,0.0
Jurkat,E2,10,200,0.19691530470560398,0.039097559261144055,0.2595739118114506,0.23706715029782877,0.12958296789863247,0.24785621709513941,0.7082990066279262,0.3950061632877694,0.7446615335759361,0.0,-2.220446049250313e-16,2.220446049250313e-16,0.2666983146687583,0.1597553780017309,0.28363302406319324,0.25273146664893575,0.2454292006323479,0.2571044166219072,0.0,0.0,0.0
Jurkat,E2,20,200,0.2954829565018974,0.24091784985614648,0.3245650706099682,0.2402632719657389,0.19902310616760863,0.24810674773420957,0.7261851344740009,0.6069875763304066,0.7445568270582442,0.0,-2.220446049250313e-16,2.220446049250313e-16,0.26973160637863647,0.23299186558033383,0.28394518688389664,0.2527314666489358,0.245429200632348,0.2571044166219072,0.0,0.0,0.0
Jurkat,E2,50,200,0.34918675558199197,0.3263836147079124,0.36541826816127077,0.24310138695117706,0.22324449906919402,0.24849201635439974,0.7323021708143598,0.6749037188513555,0.7450390481531249,0.0,-2.220446049250313e-16,2.220446049250313e-16,0.2711386165886066,0.2542901983704949,0.28431209195851787,0.2527314666489358,0.2454292006323481,0.2571044166219073,0.0,0.0,0.0
Jurkat,E2,100,200,0.3677566734553689,0.3522185349900622,0.38170686610823507,0.24426428836184486,0.23483349502525427,0.24845792939571354,0.7336740050604594,0.7143237826501156,0.74465163933349,0.0,-2.220446049250313e-16,2.220446049250313e-16,0.2726643965147233,0.26397570721535285,0.28427962972966003,0.25273146664893575,0.2454292006323481,0.2571044166219075,0.0,0.0,0.0
Jurkat,E2,200,200,0.37700935187646756,0.3674397911233766,0.3902394076202936,0.24612174898286188,0.23896939778628987,0.24859908053828,0.7368006717903532,0.7238845474869002,0.7450991315174951,0.0,-2.220446049250313e-16,2.220446049250313e-16,0.273138511869077,0.26885388521278714,0.2844140530067768,0.2527314666489358,0.245429200632348,0.2571044166219074,0.0,0.0,0.0
Jurkat,E2,885,5,0.3841279678350257,0.37892975926020855,0.3934034405029296,0.2471584713392265,0.2417160237054313,0.24852835470000548,0.7386105901817999,0.7331754800365404,0.7448178873471447,0.0,-1.9984014443252818e-16,0.0,0.2739796730197862,0.27077579298532295,0.28338607002752203,0.2527314666489357,0.24607328449988375,0.2568421543569956,0.0,0.0,0.0
Jurkat,E3,1,200,-1.0212511077363133,-3.4040301792713388,-0.13334610005629374,0.2470268788269212,0.24138099296795532,0.24855413462476164,0.7379515879456957,0.7323852732597581,0.7445163052024902,1.1637352193005768e-10,-2.7117680378996313e-09,8.257464759187097e-09,0.27393331726093617,0.27033113279764404,0.2843712494071865,0.25273146707642574,0.24542919717225964,0.2571044188386749,0.0008229807683205,-0.009498167830294217,0.009907128749951179
Jurkat,E3,2,200,-0.4622654604895725,-1.4371041822944193,-0.011638674906952707,0.24557942840049835,0.2397915109683422,0.2514323465996368,0.7384837315820755,0.7318862215630901,0.7458617187906978,-0.000771896521733,-0.007027023990772205,0.004841830302287919,0.27360259755735017,0.26750138521241035,0.2856817205241551,0.25277643689190704,0.24284510730958994,0.2584079258078409,0.0101611328144198,-0.0038889555098234473,0.03664351394295561
Jurkat,E3,5,200,0.06345741028912841,-0.24300050354651034,0.1917091888361809,0.24837851893511065,0.2193396697894756,0.26296041716307433,0.7430445884588587,0.726464951612549,0.7575185152108979,0.0016471458648917,-0.03516057292065827,0.019663805917906337,0.27577920110780396,0.24590697440196893,0.2954981924750348,0.2515656660449827,0.23387746607756044,0.2636843555737062,0.03641097080943115,0.008553488235165718,0.06105079526867187
Jurkat,E3,10,200,0.2203815172692289,0.10081753858872411,0.27759767865953644,0.25864584371730637,0.16026191438505938,0.27212195982846943,0.7453479748328253,0.7335074893982687,0.7594368229809952,0.01663475148234885,-0.13744650625613092,0.03264628584648466,0.2866289926783542,0.19629505569498412,0.3040984998633804,0.25759938100547236,0.2251633683816402,0.26790901804444534,0.0552307323057641,0.026342295251132835,0.0825995471752327
Jurkat,E3,20,200,0.31795306929283934,0.25790868043407006,0.34372129358054915,0.2649749919137737,0.20300419384692306,0.2749488021101911,0.7487565241018266,0.7366411552589935,0.7792537307784929,0.02454405296827955,-0.05541174415981611,0.035675725828409374,0.292522834533378,0.23711346599347247,0.30730953536750655,0.26164166577854014,0.23263876639589684,0.270361714302231,0.08014701504974825,0.04649187441436758,0.09824937882492836
Jurkat,E3,50,200,0.3845538208186722,0.35997249551595445,0.4052869735877134,0.2873892114202016,0.26095142397407683,0.30065777658234255,0.7726499353811204,0.7444446531902225,0.7872432961572753,0.0442523073143169,0.023774085600472304,0.06146299315517208,0.3149090824962608,0.2920440004252428,0.33065807704853606,0.2699973576566843,0.25503967158717633,0.28403058667992176,0.1042456023771795,0.08295172353535048,0.12020208712099138
Jurkat,E3,100,200,0.420469922829355,0.40319878483164073,0.43472362281578136,0.30946232274578045,0.2952120959050642,0.31985066555252434,0.7774929232555023,0.7624727680492166,0.7899288915879661,0.0758457725246012,0.06226008453543838,0.08564114757331173,0.3358369713386973,0.32274723756974927,0.34797695136651896,0.28257358810414274,0.2715948019150034,0.2915870311972287,0.1222281192832715,0.10665692107984236,0.135571053386824
Jurkat,E3,200,200,0.438140329136944,0.4271766644356835,0.4476731736985972,0.31981832483914985,0.31082668926693335,0.32802546103723657,0.7942857695046172,0.7700989954632824,0.8130122956250201,0.0838913197737211,0.07000713060435595,0.09412224084063132,0.346305695779352,0.33550851986670305,0.35441072694423736,0.2886131810346093,0.2791448694079759,0.2973977396524879,0.13729382916865135,0.12899111193677756,0.14626205232474
Jurkat,E3,885,5,0.4683521836951446,0.46299382619736357,0.4733251165581741,0.3491071151243123,0.3455564573461246,0.3536419782294136,0.8078637613210592,0.7988450754328538,0.808642227346627,0.1229264445760093,0.11949906672911517,0.12465169708079779,0.3740935543915493,0.3715741446153566,0.3796842041066988,0.3042431612597432,0.2995834844727626,0.3069775810489313,0.1572584008887066,0.15689247117787114,0.16638887369531496
Jurkat,E4,1,200,-1.0212510895555102,-3.4040324494225955,-0.13334610372480515,0.2470268789363974,0.2413809935124189,0.2485541333597871,0.7379515879616785,0.7323852747682239,0.744516304029056,0.0,-2.220446049250313e-16,2.220446049250313e-16,0.27393331706357,0.2703311338282015,0.284371248202506,0.2527314666489356,0.2454292006323483,0.2571044166219072,0.0,0.0,0.0
Jurkat,E4,2,200,-0.5298943890582238,-1.60404963846438,-0.07634162134357395,0.1917588177182637,-0.1550532792307223,0.247652039417331,0.5753508420325805,-0.4636287992011495,0.74142705437365,0.00021982545448515,-0.0002014562993599025,0.0020240981644195103,0.22357270834829557,-0.11375015125552676,0.2822671836501744,0.25288544525058676,-0.2474777490417878,0.25783971854596616,0.0223049174970049,-0.02346873816466967,0.08106363526238722
Jurkat,E4,5,200,0.0239953208709454,-0.31386989748487376,0.1821402712706117,0.21558471384222236,-0.012373809853579781,0.26208585793124656,0.6876794842356786,0.14763895676358993,0.7531512098775448,0.00033904465232699997,-0.2187783071425718,0.03461294462810987,0.2465660570463648,0.031067126283319833,0.2938407934765176,0.25297711775170834,0.15847272000881407,0.2757077975091989,0.05539407227163795,-0.0010667894911695775,0.10130799698436738
Jurkat,E4,10,200,0.2065300318624833,0.045086845468159706,0.2791423859996779,0.24106079392920443,0.07553537112631813,0.286206762841027,0.712294888414489,0.3678605138296497,0.7646298490202401,0.013849308376874,-0.24157858954607672,0.06324555194875547,0.27130352648943623,0.1140204274709602,0.31662727885549874,0.2635077300761451,0.23274172351301187,0.28900223095509164,0.0800821984274334,0.02876559663669789,0.1294537071674334
Jurkat,E4,20,200,0.3258382385022963,0.2547375669216054,0.3756034470772531,0.2735119920072233,0.21862014014238568,0.3164752775823196,0.7377877312154932,0.6109157663441812,0.7775595270648622,0.04558573187082115,0.0029373158648135942,0.105212106655492,0.3008533435864664,0.2505917364509933,0.341403835839624,0.28023019924865833,0.23967168174891504,0.30889027619380993,0.11904319809995789,0.06698995685420857,0.15524052748447065
Jurkat,E4,50,200,0.418616024545283,0.37671743278787667,0.45113831838405255,0.328940929522392,0.28120659210018817,0.3631350106394781,0.7675324437409461,0.6969962835016568,0.8020776430174832,0.1098666256665036,0.06777791653262766,0.1543842429961127,0.3547826890644163,0.31122467367824125,0.3882828578661025,0.3049112426726568,0.28146033979151813,0.3246476598994856,0.16213007995776152,0.13224642452153407,0.1886575075016207
Jurkat,E4,100,200,0.4706363703476849,0.4351996286095306,0.49794428312607647,0.3749909912220398,0.337048961824457,0.40537752674273403,0.7981932061384902,0.7440997249723496,0.8267028832369787,0.16653988961285954,0.12358388460603958,0.20476812436108105,0.4008619355618503,0.3620676869095809,0.42872103670947004,0.3187560971065587,0.297457534252188,0.33593047568596573,0.18779776705303275,0.16041998082228465,0.210720240343697
Jurkat,E4,200,200,0.5182589655468821,0.4935221682295087,0.5382475365116334,0.42497119736595296,0.39504836525250914,0.447928233513138,0.8210585196642253,0.783984266357125,0.8461166158724118,0.22949947161553802,0.1909810359659141,0.25459114472505867,0.4478260884501556,0.4204062466270468,0.47115150518199994,0.334788571852905,0.3220020113531607,0.3476321470270871,0.21495464296188282,0.19631584442223468,0.23174139671517777
Jurkat,E4,885,5,0.5985846912976346,0.5966489720424529,0.6016732868797944,0.5227679388052915,0.5156722392226802,0.525068218255832,0.8643166646912743,0.8572206259660865,0.8723598745753274,0.3489269823452453,0.3427890981004015,0.3538970943231852,0.5389741218500026,0.5331024713317558,0.5431518627624365,0.3589861968882852,0.34834908873296994,0.3613743888629401,0.248793462395611,0.24766961072594207,0.2539278187215294
K562,E0,0,5,-0.4504109176210509,-0.47352506224624236,-0.4455852358033637,-0.288257383580685,-0.2941602302893615,-0.2656465176974412,-0.8130936547374974,-0.8299961416776688,-0.7352309467065673,0.0,0.0,1.1102230246251563e-16,0.0,0.0,0.0,0.2298323875900528,0.21857209971180927,0.2323963902719495,0.0,0.0,0.0
K562,E0,1,200,-0.4504109176210509,-0.4744552993967748,-0.4452513193995013,-0.288257383580685,-0.2945241183417171,-0.264822126729239,-0.8130936547374974,-0.8308793421862968,-0.7325735936580311,0.0,0.0,1.1102230246251563e-16,0.0,0.0,0.0,0.2298323875900528,0.2175387865839223,0.2324470845260142,0.0,0.0,0.0
K562,E0,2,200,-0.4504109176210509,-0.4744552993967748,-0.4452513193995013,-0.288257383580685,-0.2945241183417171,-0.264822126729239,-0.8130936547374974,-0.8308793421862968,-0.7325735936580311,0.0,0.0,1.1102230246251563e-16,0.0,0.0,0.0,0.2298323875900528,0.2175387865839223,0.2324470845260142,0.0,0.0,0.0
K562,E0,5,200,-0.4504109176210509,-0.4744552993967748,-0.4452513193995013,-0.288257383580685,-0.2945241183417171,-0.264822126729239,-0.8130936547374974,-0.8308793421862968,-0.7325735936580311,0.0,0.0,1.1102230246251563e-16,0.0,0.0,0.0,0.2298323875900528,0.2175387865839223,0.2324470845260142,0.0,0.0,0.0
K562,E0,10,200,-0.4504109176210509,-0.4744552993967748,-0.4452513193995013,-0.288257383580685,-0.2945241183417171,-0.264822126729239,-0.8130936547374974,-0.8308793421862968,-0.7325735936580311,0.0,0.0,1.1102230246251563e-16,0.0,0.0,0.0,0.2298323875900528,0.2175387865839223,0.2324470845260142,0.0,0.0,0.0
K562,E0,20,200,-0.4504109176210509,-0.4744552993967748,-0.4452513193995013,-0.288257383580685,-0.2945241183417171,-0.264822126729239,-0.8130936547374974,-0.8308793421862968,-0.7325735936580311,0.0,0.0,1.1102230246251563e-16,0.0,0.0,0.0,0.2298323875900528,0.2175387865839223,0.2324470845260142,0.0,0.0,0.0
K562,E0,50,200,-0.4504109176210509,-0.4744552993967748,-0.4452513193995013,-0.288257383580685,-0.2945241183417171,-0.264822126729239,-0.8130936547374974,-0.8308793421862968,-0.7325735936580311,0.0,0.0,1.1102230246251563e-16,0.0,0.0,0.0,0.2298323875900528,0.2175387865839223,0.2324470845260142,0.0,0.0,0.0
K562,E0,100,200,-0.4504109176210509,-0.4744552993967748,-0.4452513193995013,-0.288257383580685,-0.2945241183417171,-0.264822126729239,-0.8130936547374974,-0.8308793421862968,-0.7325735936580311,0.0,0.0,1.1102230246251563e-16,0.0,0.0,0.0,0.2298323875900528,0.2175387865839223,0.2324470845260142,0.0,0.0,0.0
K562,E0,200,200,-0.4504109176210509,-0.4744552993967748,-0.4452513193995013,-0.288257383580685,-0.2945241183417171,-0.264822126729239,-0.8130936547374974,-0.8308793421862968,-0.7325735936580311,0.0,0.0,1.1102230246251563e-16,0.0,0.0,0.0,0.2298323875900528,0.2175387865839223,0.2324470845260142,0.0,0.0,0.0
K562,E0,885,5,-0.4504109176210509,-0.47352506224624236,-0.4455852358033637,-0.288257383580685,-0.2941602302893615,-0.2656465176974412,-0.8130936547374974,-0.8299961416776688,-0.7352309467065673,0.0,0.0,1.1102230246251563e-16,0.0,0.0,0.0,0.2298323875900528,0.21857209971180927,0.2323963902719495,0.0,0.0,0.0
K562,E0s,0,5,0.0461443574476438,0.04098871070190392,0.058433234486633075,0.2758629574120202,0.2736539392944675,0.279624498443111,0.7744930906388948,0.768895266665021,0.7779737865721544,0.0,0.0,0.0,0.4378941259585444,0.4308235522678505,0.43875090337789485,0.2298323875900528,0.21857209971180935,0.2323963902719498,0.0,0.0,0.0
K562,E0s,1,200,0.0461443574476438,0.0404235387555449,0.0593812478742352,0.2758629574120202,0.2735283372652647,0.2799758402100365,0.7744930906388948,0.7685893704095046,0.7781324365835396,0.0,0.0,0.0,0.4378941259585444,0.4307308952193091,0.4388117977551904,0.2298323875900528,0.2175387865839224,0.2324470845260145,0.0,0.0,0.0
K562,E0s,2,200,0.0461443574476438,0.0404235387555449,0.0593812478742352,0.2758629574120202,0.2735283372652647,0.2799758402100365,0.7744930906388948,0.7685893704095046,0.7781324365835396,0.0,0.0,0.0,0.4378941259585444,0.4307308952193091,0.4388117977551904,0.2298323875900528,0.2175387865839224,0.2324470845260145,0.0,0.0,0.0
K562,E0s,5,200,0.0461443574476438,0.0404235387555449,0.0593812478742352,0.2758629574120202,0.2735283372652647,0.2799758402100365,0.7744930906388948,0.7685893704095046,0.7781324365835396,0.0,0.0,0.0,0.4378941259585444,0.4307308952193091,0.4388117977551904,0.2298323875900528,0.2175387865839224,0.2324470845260145,0.0,0.0,0.0
K562,E0s,10,200,0.0461443574476438,0.0404235387555449,0.0593812478742352,0.2758629574120202,0.2735283372652647,0.2799758402100365,0.7744930906388948,0.7685893704095046,0.7781324365835396,0.0,0.0,0.0,0.4378941259585444,0.4307308952193091,0.4388117977551904,0.2298323875900528,0.2175387865839224,0.2324470845260145,0.0,0.0,0.0
K562,E0s,20,200,0.0461443574476438,0.0404235387555449,0.0593812478742352,0.2758629574120202,0.2735283372652647,0.2799758402100365,0.7744930906388948,0.7685893704095046,0.7781324365835396,0.0,0.0,0.0,0.4378941259585444,0.4307308952193091,0.4388117977551904,0.2298323875900528,0.2175387865839224,0.2324470845260145,0.0,0.0,0.0
K562,E0s,50,200,0.0461443574476438,0.0404235387555449,0.0593812478742352,0.2758629574120202,0.2735283372652647,0.2799758402100365,0.7744930906388948,0.7685893704095046,0.7781324365835396,0.0,0.0,0.0,0.4378941259585444,0.4307308952193091,0.4388117977551904,0.2298323875900528,0.2175387865839224,0.2324470845260145,0.0,0.0,0.0
K562,E0s,100,200,0.0461443574476438,0.0404235387555449,0.0593812478742352,0.2758629574120202,0.2735283372652647,0.2799758402100365,0.7744930906388948,0.7685893704095046,0.7781324365835396,0.0,0.0,0.0,0.4378941259585444,0.4307308952193091,0.4388117977551904,0.2298323875900528,0.2175387865839224,0.2324470845260145,0.0,0.0,0.0
K562,E0s,200,200,0.0461443574476438,0.0404235387555449,0.0593812478742352,0.2758629574120202,0.2735283372652647,0.2799758402100365,0.7744930906388948,0.7685893704095046,0.7781324365835396,0.0,0.0,0.0,0.4378941259585444,0.4307308952193091,0.4388117977551904,0.2298323875900528,0.2175387865839224,0.2324470845260145,0.0,0.0,0.0
K562,E0s,885,5,0.0461443574476438,0.04098871070190392,0.058433234486633075,0.2758629574120202,0.2736539392944675,0.279624498443111,0.7744930906388948,0.768895266665021,0.7779737865721544,0.0,0.0,0.0,0.4378941259585444,0.4308235522678505,0.43875090337789485,0.2298323875900528,0.21857209971180935,0.2323963902719498,0.0,0.0,0.0
K562,E1,1,200,-1.0876196761854473,-4.524078286255393,-0.1922819877541544,0.27586295741202016,0.2735283372652647,0.2799758402100366,0.7744930906388948,0.7685893704095046,0.7781324365835396,0.0,0.0,1.1102230246251563e-16,0.43789412595854427,0.4307308952193091,0.4388117977551904,0.2298323875900528,0.2175387865839224,0.2324470845260146,0.0,0.0,0.0
K562,E1,2,200,-0.45705025892315204,-1.5530741157779848,-0.06657398006104312,0.27586295741202016,0.2735283372652647,0.2799758402100365,0.7744930906388948,0.7685893704095046,0.7781324365835396,0.0,0.0,1.1102230246251563e-16,0.43789412595854427,0.4307308952193091,0.4388117977551904,0.2298323875900528,0.2175387865839224,0.2324470845260146,0.0,0.0,0.0
K562,E1,5,200,-0.0055018015640609,-0.29438343973863457,0.12879503089337616,0.2758629574120202,0.2735283372652646,0.2799758402100366,0.7744930906388948,0.7685893704095046,0.7781324365835396,0.0,0.0,1.1102230246251563e-16,0.4378941259585444,0.4307308952193091,0.4388117977551904,0.2298323875900528,0.2175387865839225,0.2324470845260146,0.0,0.0,0.0
K562,E1,10,200,0.18013448319733893,0.06949355400065958,0.23332634440799366,0.2758629574120202,0.2735283372652647,0.2799758402100366,0.7744930906388948,0.7685893704095045,0.7781324365835396,0.0,0.0,1.1102230246251563e-16,0.4378941259585444,0.4307308952193091,0.4388117977551904,0.2298323875900528,0.2175387865839225,0.2324470845260146,0.0,0.0,0.0
K562,E1,20,200,0.2610721812289891,0.20236893855447674,0.28568968342920903,0.2758629574120202,0.2735283372652647,0.2799758402100366,0.7744930906388948,0.7685893704095045,0.7781324365835396,0.0,0.0,1.1102230246251563e-16,0.4378941259585444,0.4307308952193091,0.4388117977551904,0.2298323875900528,0.2175387865839225,0.2324470845260146,0.0,0.0,0.0
K562,E1,50,200,0.3127953477225248,0.29240170710528324,0.3214607229846521,0.2758629574120202,0.2735283372652646,0.2799758402100366,0.7744930906388948,0.7685893704095045,0.7781324365835396,0.0,0.0,1.1102230246251563e-16,0.4378941259585444,0.4307308952193091,0.4388117977551904,0.2298323875900528,0.2175387865839225,0.2324470845260146,0.0,0.0,0.0
K562,E1,100,200,0.33008903696929986,0.32062008473123393,0.3357671270031368,0.2758629574120202,0.2735283372652646,0.2799758402100366,0.7744930906388948,0.7685893704095045,0.7781324365835396,0.0,0.0,1.1102230246251563e-16,0.4378941259585444,0.4307308952193091,0.4388117977551904,0.2298323875900528,0.2175387865839225,0.2324470845260146,0.0,0.0,0.0
K562,E1,200,200,0.3391821730326918,0.33236689767362054,0.3429326850350195,0.2758629574120202,0.2735283372652646,0.2799758402100366,0.7744930906388948,0.7685893704095045,0.7781324365835396,0.0,0.0,1.1102230246251563e-16,0.4378941259585444,0.4307308952193091,0.4388117977551904,0.2298323875900528,0.2175387865839225,0.2324470845260146,0.0,0.0,0.0
K562,E1,885,5,0.3465866085702004,0.342707415949899,0.34794608598402904,0.2758629574120202,0.2736539392944675,0.279624498443111,0.7744930906388948,0.768895266665021,0.7779737865721544,0.0,0.0,0.0,0.4378941259585444,0.4308235522678505,0.43875090337789485,0.2298323875900528,0.21857209971180952,0.2323963902719499,0.0,0.0,0.0
K562,E2,1,200,-1.0876196761854473,-4.524078286255393,-0.1922819877541544,0.27586295741202016,0.2735283372652647,0.2799758402100366,0.7744930906388948,0.7685893704095046,0.7781324365835396,0.0,0.0,1.1102230246251563e-16,0.43789412595854427,0.4307308952193091,0.4388117977551904,0.2298323875900528,0.2175387865839224,0.2324470845260146,0.0,0.0,0.0
K562,E2,2,200,-0.5202604035023717,-1.8796123081890974,-0.09558386944767198,0.23728217474779234,-0.06086813626373735,0.2799129486718417,0.6649229862052113,-0.16928761986021015,0.7833763953795975,0.0,0.0,1.1102230246251563e-16,0.40518847067306984,0.16674372430629156,0.44009839789195404,0.2298323875900526,-0.2298323875900524,0.2324470845260144,0.0,0.0,0.0
K562,E2,5,200,-0.02679463552585955,-0.3427491290539529,0.11933136625694551,0.26421776802090424,0.0975761159185506,0.2812555110579359,0.7448913246652569,0.27528222009623327,0.7852165768988725,0.0,0.0,1.1102230246251563e-16,0.426565932912992,0.2961119739612807,0.44057770474354596,0.2298323875900527,0.2175387865839217,0.2324470845260145,0.0,0.0,0.0
K562,E2,10,200,0.17018426280249743,0.04606167382336823,0.23716700675918342,0.2722750090269025,0.20085862121780024,0.2807381145072708,0.7634057051587586,0.5666385984692575,0.7852017118197172,0.0,0.0,1.1102230246251563e-16,0.4312680250653803,0.38157252675969777,0.4405859657088518,0.2298323875900526,0.2175387865839219,0.2324470845260144,0.0,0.0,0.0
K562,E2,20,200,0.2581311566450698,0.18966054440445002,0.2851816410271264,0.2748157752612066,0.222432780632685,0.281809882778973,0.7703104095058058,0.6153125626924576,0.7863215296838645,0.0,0.0,1.1102230246251563e-16,0.4324134958309974,0.3883162687314873,0.44109372740324176,0.2298323875900527,0.2175387865839218,0.2324470845260144,0.0,0.0,0.0
K562,E2,50,200,0.3134447128012262,0.28995110443334754,0.3233510185963066,0.27698356351812786,0.26663901567618165,0.2820582410383349,0.7759497651528948,0.749359786811836,0.7857762602891298,0.0,0.0,1.1102230246251563e-16,0.4360783361034717,0.42601253423745405,0.44124664996011564,0.2298323875900527,0.2175387865839218,0.2324470845260144,0.0,0.0,0.0
K562,E2,100,200,0.33168486301080985,0.3209754117147007,0.33769125509659065,0.2776854959251356,0.27175365793105194,0.28212868495996035,0.7794140480288689,0.763035166376999,0.7860890242556847,0.0,0.0,1.1102230246251563e-16,0.43887387524528815,0.4284566729395746,0.4412575297622181,0.2298323875900526,0.2175387865839219,0.2324470845260145,0.0,0.0,0.0
K562,E2,200,200,0.340874215451493,0.3339899626566293,0.3447953756270985,0.2778520483602735,0.2745377027791015,0.28212610610565453,0.7800373257073192,0.7700004653123926,0.7864242307502809,0.0,0.0,1.1102230246251563e-16,0.4396123034425524,0.4308723187164762,0.4412701528595103,0.2298323875900527,0.2175387865839219,0.2324470845260144,0.0,0.0,0.0
K562,E2,885,5,0.3486484384410484,0.34559086029138475,0.3504641195253634,0.2787757431361812,0.27685031159861234,0.2815734628532461,0.7807080258424287,0.7755631307032507,0.7862333690093227,0.0,0.0,9.992007221626405e-17,0.4401551537324082,0.432363253939781,0.4412207184417745,0.2298323875900526,0.21857209971180935,0.23239639027194955,0.0,0.0,0.0
K562,E3,1,200,-1.0876196768498128,-4.524075982911451,-0.19228197649640824,0.27586295754559376,0.2735283354756298,0.279975841652813,0.774493090831922,0.7685893690086529,0.7781324378876356,7.376194099961708e-11,-4.536838132951358e-09,3.753194779965165e-09,0.43789412606222977,0.43073089437753226,0.4388117991188661,0.22983238788770505,0.217538782772372,0.23244708769541345,0.000493994115603,-0.009581555132177805,0.010235673077649601
K562,E3,2,200,-0.44474542228633995,-1.5251162332842283,-0.06778574944622552,0.2758927295986448,0.2707678118029386,0.28272142604350725,0.7754239958185285,0.7685823914956478,0.7813056358206079,-0.0005089254917386001,-0.006259293164122165,0.005617249432036819,0.4372958750461071,0.4289836079625617,0.4412265726042075,0.2301248188588941,0.21680896214658987,0.23491206927316352,0.008811393456724149,-0.0030571272112817046,0.0293317196789006
K562,E3,5,200,0.0083945527176151,-0.30167119756193034,0.13460494478177448,0.27829612980915286,0.24511393971106576,0.2976693866866659,0.7824395419032297,0.7609937898045036,0.7938956489075452,0.00167248671420915,-0.04688317734405159,0.02617101513234178,0.438379587135693,0.4094789101468899,0.45333412955520813,0.2308131492251459,0.21174117509044743,0.24118644058004649,0.0305833563468235,0.0061225486135868265,0.05604558035590238
K562,E3,10,200,0.19548379519796538,0.07307142593481838,0.25147959060805847,0.2899437035086676,0.2189501198933904,0.3030682595005942,0.7830612092742317,0.7697484452259802,0.7948011456986271,0.01705871890887995,-0.08638577145757195,0.0350854127977516,0.4464686872693423,0.38695598725828656,0.45727647735651056,0.23527021365530776,0.2181158413938161,0.2428086580562771,0.048663495238489854,0.02694474798947223,0.07154308240214277
K562,E3,20,200,0.2766370624743351,0.21954302641837475,0.305298630313208,0.29459551635653447,0.25851081989178487,0.30292821643799245,0.7839980036713022,0.7738702656337854,0.8172138265400297,0.02229469601910775,-0.04519583365443365,0.035030408939678896,0.44949024834889706,0.42326432015429544,0.4574072250523355,0.2375849892732364,0.21523388151745837,0.24403416559228733,0.0668431371004357,0.04097535600450929,0.08804088866169456
K562,E3,50,200,0.3529831061566616,0.31933854295056596,0.36945163175619844,0.31975146923850883,0.29532273412902854,0.33266010388007927,0.8087930035376136,0.7828878879544839,0.8223083401736101,0.04798747100026045,0.02416059957486093,0.0684718457846502,0.4701039914319899,0.450220477258026,0.4819514092089746,0.2457866698265977,0.2271002127771229,0.25810401979651043,0.08627946606943675,0.0707719853020058,0.1020088749253043
K562,E3,100,200,0.3868980658199481,0.3697353617500349,0.39676204120812936,0.3389256623350573,0.32548371340395915,0.3482852500275822,0.811379598401041,0.8000899513080783,0.8223356050038166,0.07736172695189165,0.061073723222346464,0.08827034571491968,0.4849946680825866,0.47222546322478887,0.4932121126516179,0.25461089872416415,0.23789952647294532,0.26274516164636813,0.1030443877552478,0.0906113025021345,0.11392388450085232
K562,E3,200,200,0.4020909906757877,0.39321820718142864,0.4084769733996599,0.3470672009885605,0.3402949884456039,0.3524188829546685,0.8204145000305381,0.8039938904133513,0.8381710564443672,0.08405535202791956,0.07259720400521734,0.09352357510457202,0.4917170521533797,0.4817448716841473,0.4972961762501317,0.2547204979352573,0.23997508444758986,0.2663751103450104,0.11291290764016465,0.10279645352454707,0.1225499308309624
K562,E3,885,5,0.4295301914004918,0.4285143720722932,0.4319042989613604,0.371257717413319,0.3690677983130151,0.37170771402460845,0.8290257945721644,0.8245500299241634,0.8370356833396432,0.1152947912778036,0.1138834248016653,0.11819260540561537,0.5111403165333706,0.5035781615044082,0.5133580582705634,0.2640398020870494,0.25505072770750953,0.26896912505938053,0.1268672181375366,0.1251163306679589,0.1304432077448207
K562,E4,1,200,-1.0876196761854473,-4.524078286255393,-0.1922819877541544,0.27586295741202016,0.2735283372652647,0.2799758402100366,0.7744930906388948,0.7685893704095046,0.7781324365835396,0.0,0.0,1.1102230246251563e-16,0.43789412595854427,0.4307308952193091,0.4388117977551904,0.2298323875900528,0.2175387865839224,0.2324470845260146,0.0,0.0,0.0
K562,E4,2,200,-0.5204129198277626,-1.8790515191776531,-0.09540485374537401,0.23766606676836535,-0.0609868256749072,0.2799753578846983,0.66491802999431,-0.16955105781641522,0.7833843652998247,0.00014181472361915,-0.00013394190094405249,0.0022187539684280005,0.4053822909099054,0.1666512631014054,0.44023629589434526,0.22987852714855078,-0.22975903558681354,0.23347153148682837,0.0159884662785214,-0.022127726345649912,0.06927230411595528
K562,E4,5,200,-0.03194843158176525,-0.36299467233668525,0.1327156247944335,0.2365886915520301,0.060433773214939424,0.30738952497854594,0.7466784458047897,0.26355269708648205,0.8136980716355428,0.0004078431636393,-0.22050915780020572,0.04170610514469083,0.4056154294082435,0.2721163739141818,0.4598529437212592,0.22972078554443975,0.15726045785912776,0.25131564156668035,0.0447831688818037,0.0016260146811381258,0.0959903990892647
K562,E4,10,200,0.1861123489454542,0.023474540678037815,0.2791982712293407,0.28154433563084114,0.18617782135428443,0.34016691574766883,0.7728102252573643,0.5676524196336037,0.8167215210119024,0.01412873643090215,-0.13258491745708068,0.09085517499385655,0.44102093170624096,0.3585411051117208,0.4887712350500798,0.235434554288818,0.19962888449256933,0.2612027339397032,0.07012029633341045,0.026630038246934988,0.11162101225362266
K562,E4,20,200,0.2934589220538214,0.20699641847283623,0.36206240337565404,0.30970500022863756,0.24893384782685107,0.37481433753455656,0.7846750656707804,0.6434716667734173,0.8227672329253096,0.050716853200155995,0.0012658975173890775,0.13667479328998,0.4623459237102608,0.41354638362671015,0.5148781221676171,0.249101808418831,0.22535150052726152,0.28064762096139195,0.10174680348733914,0.04097610530028596,0.14417763688779622
K562,E4,50,200,0.4125621331722802,0.34257272188562504,0.4510592225924218,0.38991922979891447,0.314474185900091,0.42526073378322016,0.8163892640404262,0.7636502684357619,0.8373479833104961,0.1519242936046257,0.06133612608186279,0.20532851296453733,0.5236862912188439,0.4656965002227695,0.5538598519049942,0.27000749639557753,0.24576878461479806,0.28905364433822295,0.13807248111786355,0.1064847853816386,0.16495933077561906
K562,E4,100,200,0.4738320362179307,0.4320251795011299,0.4938468866974993,0.4405728539827839,0.40497888909790997,0.4598239418945973,0.829269960332059,0.8020875281012764,0.8442449690009772,0.22528415288219064,0.17552629432460187,0.2544349005271557,0.5643304832893306,0.5384914770977235,0.5798471549423962,0.28437275611070745,0.26400261448733897,0.30041173156653117,0.16328065278872855,0.14291506947478727,0.18321612238941756
K562,E4,200,200,0.5170011606374494,0.49142058966681273,0.5326873224597114,0.4818142143727131,0.45806040629411277,0.4965670498605725,0.8380827446370077,0.8226097456813144,0.8516060120073446,0.28310921124580013,0.2503052455983659,0.306458676349271,0.595230904421904,0.5782761870916908,0.6091118006386884,0.2956840016151659,0.2768102346230228,0.30629357479321057,0.17956550369970203,0.16524692679569794,0.1946745298535991
K562,E4,885,5,0.588945440352854,0.5847815818550431,0.5910750387334223,0.5583490919549909,0.5535410239439361,0.5595266605773955,0.8520441027246827,0.8479078494592724,0.856850813768163,0.3941022297044649,0.3877087863960063,0.39892122309216044,0.6538427546176586,0.6519768281818962,0.658564944254531,0.3085439256845395,0.30062861581737177,0.32014891040746557,0.2083398595310591,0.2018037832424169,0.21520076765695337
RPE1,E0,0,5,0.3043258066124817,0.29998362156148184,0.3086476220798584,0.2149463479093019,0.2104637055684486,0.22097262976820495,0.7378469288944709,0.7346434171212838,0.7459495095033721,0.0,-1.9984014443252818e-16,0.0,0.0,0.0,0.0,0.335112330217022,0.32932251990983213,0.33604273906208865,0.0,0.0,0.0
RPE1,E0,1,200,0.3043258066124817,0.2997243522179313,0.3090588033427768,0.2149463479093019,0.210242142540712,0.2214148528597094,0.7378469288944709,0.7344768143680985,0.7465301869380658,0.0,-2.220446049250313e-16,0.0,0.0,0.0,0.0,0.335112330217022,0.3293017864217101,0.3361351634991715,0.0,0.0,0.0
RPE1,E0,2,200,0.3043258066124817,0.2997243522179313,0.3090588033427768,0.2149463479093019,0.210242142540712,0.2214148528597094,0.7378469288944709,0.7344768143680985,0.7465301869380658,0.0,-2.220446049250313e-16,0.0,0.0,0.0,0.0,0.335112330217022,0.3293017864217101,0.3361351634991715,0.0,0.0,0.0
RPE1,E0,5,200,0.3043258066124817,0.2997243522179313,0.3090588033427768,0.2149463479093019,0.210242142540712,0.2214148528597094,0.7378469288944709,0.7344768143680985,0.7465301869380658,0.0,-2.220446049250313e-16,0.0,0.0,0.0,0.0,0.335112330217022,0.3293017864217101,0.3361351634991715,0.0,0.0,0.0
RPE1,E0,10,200,0.3043258066124817,0.2997243522179313,0.3090588033427768,0.2149463479093019,0.210242142540712,0.2214148528597094,0.7378469288944709,0.7344768143680985,0.7465301869380658,0.0,-2.220446049250313e-16,0.0,0.0,0.0,0.0,0.335112330217022,0.3293017864217101,0.3361351634991715,0.0,0.0,0.0
RPE1,E0,20,200,0.3043258066124817,0.2997243522179313,0.3090588033427768,0.2149463479093019,0.210242142540712,0.2214148528597094,0.7378469288944709,0.7344768143680985,0.7465301869380658,0.0,-2.220446049250313e-16,0.0,0.0,0.0,0.0,0.335112330217022,0.3293017864217101,0.3361351634991715,0.0,0.0,0.0
RPE1,E0,50,200,0.3043258066124817,0.2997243522179313,0.3090588033427768,0.2149463479093019,0.210242142540712,0.2214148528597094,0.7378469288944709,0.7344768143680985,0.7465301869380658,0.0,-2.220446049250313e-16,0.0,0.0,0.0,0.0,0.335112330217022,0.3293017864217101,0.3361351634991715,0.0,0.0,0.0
RPE1,E0,100,200,0.3043258066124817,0.2997243522179313,0.3090588033427768,0.2149463479093019,0.210242142540712,0.2214148528597094,0.7378469288944709,0.7344768143680985,0.7465301869380658,0.0,-2.220446049250313e-16,0.0,0.0,0.0,0.0,0.335112330217022,0.3293017864217101,0.3361351634991715,0.0,0.0,0.0
RPE1,E0,200,200,0.3043258066124817,0.2997243522179313,0.3090588033427768,0.2149463479093019,0.210242142540712,0.2214148528597094,0.7378469288944709,0.7344768143680985,0.7465301869380658,0.0,-2.220446049250313e-16,0.0,0.0,0.0,0.0,0.335112330217022,0.3293017864217101,0.3361351634991715,0.0,0.0,0.0
RPE1,E0,885,5,0.3043258066124817,0.29998362156148184,0.3086476220798584,0.2149463479093019,0.2104637055684486,0.22097262976820495,0.7378469288944709,0.7346434171212838,0.7459495095033721,0.0,-1.9984014443252818e-16,0.0,0.0,0.0,0.0,0.335112330217022,0.32932251990983213,0.33604273906208865,0.0,0.0,0.0
RPE1,E0s,0,5,0.2893073034173498,0.28657836380687657,0.29309240666285225,0.1947589476412177,0.1922183840163713,0.19933413409786713,0.6735823327571645,0.6616614786362817,0.678484322600529,0.0,0.0,0.0,-0.0259938324819426,-0.02777635932974646,-0.02254099209522194,0.3351123302170223,0.32932251990983163,0.33604273906208876,0.0,0.0,0.0
RPE1,E0s,1,200,0.2893073034173498,0.2862805889706848,0.2934787947243814,0.1947589476412177,0.1919604494862438,0.1997791056622077,0.6735823327571645,0.6611510882156106,0.6790173426744324,0.0,0.0,0.0,-0.0259938324819426,-0.0277885434585656,-0.022473493567694,0.3351123302170223,0.3293017864217095,0.3361351634991715,0.0,0.0,0.0
RPE1,E0s,2,200,0.2893073034173498,0.2862805889706848,0.2934787947243814,0.1947589476412177,0.1919604494862438,0.1997791056622077,0.6735823327571645,0.6611510882156106,0.6790173426744324,0.0,0.0,0.0,-0.0259938324819426,-0.0277885434585656,-0.022473493567694,0.3351123302170223,0.3293017864217095,0.3361351634991715,0.0,0.0,0.0
RPE1,E0s,5,200,0.2893073034173498,0.2862805889706848,0.2934787947243814,0.1947589476412177,0.1919604494862438,0.1997791056622077,0.6735823327571645,0.6611510882156106,0.6790173426744324,0.0,0.0,0.0,-0.0259938324819426,-0.0277885434585656,-0.022473493567694,0.3351123302170223,0.3293017864217095,0.3361351634991715,0.0,0.0,0.0
RPE1,E0s,10,200,0.2893073034173498,0.2862805889706848,0.2934787947243814,0.1947589476412177,0.1919604494862438,0.1997791056622077,0.6735823327571645,0.6611510882156106,0.6790173426744324,0.0,0.0,0.0,-0.0259938324819426,-0.0277885434585656,-0.022473493567694,0.3351123302170223,0.3293017864217095,0.3361351634991715,0.0,0.0,0.0
RPE1,E0s,20,200,0.2893073034173498,0.2862805889706848,0.2934787947243814,0.1947589476412177,0.1919604494862438,0.1997791056622077,0.6735823327571645,0.6611510882156106,0.6790173426744324,0.0,0.0,0.0,-0.0259938324819426,-0.0277885434585656,-0.022473493567694,0.3351123302170223,0.3293017864217095,0.3361351634991715,0.0,0.0,0.0
RPE1,E0s,50,200,0.2893073034173498,0.2862805889706848,0.2934787947243814,0.1947589476412177,0.1919604494862438,0.1997791056622077,0.6735823327571645,0.6611510882156106,0.6790173426744324,0.0,0.0,0.0,-0.0259938324819426,-0.0277885434585656,-0.022473493567694,0.3351123302170223,0.3293017864217095,0.3361351634991715,0.0,0.0,0.0
RPE1,E0s,100,200,0.2893073034173498,0.2862805889706848,0.2934787947243814,0.1947589476412177,0.1919604494862438,0.1997791056622077,0.6735823327571645,0.6611510882156106,0.6790173426744324,0.0,0.0,0.0,-0.0259938324819426,-0.0277885434585656,-0.022473493567694,0.3351123302170223,0.3293017864217095,0.3361351634991715,0.0,0.0,0.0
RPE1,E0s,200,200,0.2893073034173498,0.2862805889706848,0.2934787947243814,0.1947589476412177,0.1919604494862438,0.1997791056622077,0.6735823327571645,0.6611510882156106,0.6790173426744324,0.0,0.0,0.0,-0.0259938324819426,-0.0277885434585656,-0.022473493567694,0.3351123302170223,0.3293017864217095,0.3361351634991715,0.0,0.0,0.0
RPE1,E0s,885,5,0.2893073034173498,0.28657836380687657,0.29309240666285225,0.1947589476412177,0.1922183840163713,0.19933413409786713,0.6735823327571645,0.6616614786362817,0.678484322600529,0.0,0.0,0.0,-0.0259938324819426,-0.02777635932974646,-0.02254099209522194,0.3351123302170223,0.32932251990983163,0.33604273906208876,0.0,0.0,0.0
RPE1,E1,1,200,-0.18586956533147053,-1.6393848384231944,0.21677792514756708,0.1947589476412177,0.1919604494862438,0.1997791056622077,0.6735823327571644,0.6611510882156106,0.6790173426744324,0.0,-2.220446049250313e-16,2.220446049250313e-16,-0.0259938324819426,-0.0277885434585658,-0.022473493567694,0.3351123302170224,0.3293017864217094,0.3361351634991715,0.0,0.0,0.0
RPE1,E1,2,200,0.11878603597489965,-0.4559809404251119,0.34369267766764194,0.1947589476412177,0.1919604494862438,0.1997791056622077,0.6735823327571644,0.6611510882156106,0.6790173426744324,0.0,-2.220446049250313e-16,2.220446049250313e-16,-0.0259938324819426,-0.0277885434585658,-0.022473493567694,0.33511233021702236,0.3293017864217094,0.3361351634991715,0.0,0.0,0.0
RPE1,E1,5,200,0.3647215872753523,0.2078807206922273,0.41635376933615836,0.1947589476412177,0.1919604494862438,0.1997791056622077,0.6735823327571644,0.6611510882156106,0.6790173426744324,0.0,-2.220446049250313e-16,0.0,-0.0259938324819426,-0.0277885434585658,-0.022473493567694,0.3351123302170224,0.3293017864217094,0.3361351634991715,0.0,0.0,0.0
RPE1,E1,10,200,0.429671776789591,0.3074485355312083,0.4547874324713646,0.1947589476412177,0.1919604494862438,0.1997791056622077,0.6735823327571644,0.6611510882156106,0.6790173426744324,0.0,-2.220446049250313e-16,5.551115123127045e-18,-0.0259938324819426,-0.0277885434585658,-0.022473493567694,0.3351123302170224,0.3293017864217094,0.3361351634991715,0.0,0.0,0.0
RPE1,E1,20,200,0.4675606428937429,0.4264268279941098,0.48020575598935,0.1947589476412177,0.1919604494862438,0.1997791056622077,0.6735823327571644,0.6611510882156106,0.6790173426744324,0.0,-2.220446049250313e-16,5.551115123127045e-18,-0.0259938324819426,-0.0277885434585658,-0.022473493567694,0.3351123302170224,0.3293017864217094,0.3361351634991715,0.0,0.0,0.0
RPE1,E1,50,200,0.4899500483414208,0.47166016480487866,0.4964657921609453,0.1947589476412177,0.1919604494862438,0.1997791056622077,0.6735823327571644,0.6611510882156106,0.6790173426744324,0.0,-2.220446049250313e-16,2.220446049250313e-16,-0.0259938324819426,-0.0277885434585658,-0.022473493567694,0.3351123302170224,0.3293017864217094,0.3361351634991715,0.0,0.0,0.0
RPE1,E1,100,200,0.497551644686631,0.4850829377913411,0.5020012941684903,0.1947589476412177,0.1919604494862438,0.1997791056622077,0.6735823327571644,0.6611510882156106,0.6790173426744324,0.0,-2.220446049250313e-16,0.0,-0.0259938324819426,-0.0277885434585658,-0.022473493567694,0.33511233021702236,0.3293017864217093,0.3361351634991715,0.0,0.0,0.0
RPE1,E1,200,200,0.5019405008669957,0.4948911295354407,0.5046612973834568,0.1947589476412177,0.1919604494862438,0.1997791056622077,0.6735823327571644,0.6611510882156106,0.6790173426744324,0.0,-2.220446049250313e-16,0.0,-0.0259938324819426,-0.0277885434585658,-0.022473493567694,0.3351123302170223,0.3293017864217094,0.3361351634991715,0.0,0.0,0.0
RPE1,E1,885,5,0.5047938229411943,0.5001847250947464,0.5068808014408597,0.1947589476412177,0.1922183840163713,0.19933413409786696,0.6735823327571645,0.6616614786362817,0.678484322600529,0.0,-2.220446049250313e-16,1.9984014443252816e-16,-0.0259938324819426,-0.02777635932974664,-0.02254099209522194,0.3351123302170225,0.3293225199098315,0.3360427390620886,0.0,0.0,0.0
RPE1,E2,1,200,-0.18586956533147053,-1.6393848384231944,0.21677792514756708,0.1947589476412177,0.1919604494862438,0.1997791056622077,0.6735823327571644,0.6611510882156106,0.6790173426744324,0.0,-2.220446049250313e-16,0.0,-0.0259938324819426,-0.027788543458565605,-0.022473493567694,0.3351123302170224,0.3293017864217094,0.3361351634991715,0.0,0.0,0.0
RPE1,E2,2,200,0.0958829564898843,-0.45757806330498796,0.3339156812279904,0.19854994222899885,-0.0720758874739845,0.24211820207994306,0.6839842679772195,-0.24675264185263654,0.8231831231670751,0.0,-2.220446049250313e-16,0.0,-0.0194333355169118,-0.365699236613098,0.029841535411634743,0.3351123302170221,-0.3351123302170222,0.336135163499172,0.0,0.0,0.0
RPE1,E2,5,200,0.380824035276099,0.17526863509607157,0.434868341621095,0.2295786660695042,0.08633826779046831,0.24366999631032316,0.7868835518433052,0.3010140580251843,0.8230403846318788,0.0,-2.220446049250313e-16,0.0,0.01732411709830045,-0.16014316524830133,0.029533728591298946,0.3351123302170223,0.3293017864217096,0.336135163499172,0.0,0.0,0.0
RPE1,E2,10,200,0.4504811046513403,0.31680269103317704,0.48050972210482706,0.23189999181959348,0.1875852354686097,0.24395098075968705,0.7992135692642984,0.653973375870347,0.8231125216682567,0.0,-2.220446049250313e-16,0.0,0.02198097789752365,-0.03224623625577723,0.029616020491634948,0.33511233021702225,0.3293017864217097,0.336135163499172,0.0,0.0,0.0
RPE1,E2,20,200,0.49155380626976436,0.453762734433101,0.5047923713932956,0.23573075832167412,0.2142874924612703,0.2440455159110172,0.8086917242232521,0.7452895370534537,0.8243742399925265,0.0,-2.220446049250313e-16,0.0,0.02701439305781915,0.002445303239874307,0.030465825065111717,0.3351123302170222,0.3293017864217097,0.336135163499172,0.0,0.0,0.0
RPE1,E2,50,200,0.5149644065936325,0.4992110673450596,0.5218884220373581,0.23622657999327268,0.22339370141746362,0.24403315606553488,0.8129041855486798,0.7785050459733354,0.8242289279411776,0.0,-2.220446049250313e-16,0.0,0.0277796012307261,0.013768574767351258,0.030412902079484883,0.3351123302170224,0.3293017864217097,0.3361351634991719,0.0,0.0,0.0
RPE1,E2,100,200,0.5232167660506406,0.5118417452256521,0.5286328495308035,0.23643314046168828,0.2310584966022961,0.2441276589959938,0.8165143175946761,0.79232336529369,0.824495525006833,0.0,-2.220446049250313e-16,0.0,0.02827687999830385,0.021032327536001413,0.03050999734820404,0.3351123302170223,0.3293017864217096,0.3361351634991721,0.0,0.0,0.0
RPE1,E2,200,200,0.5273639240330442,0.5210413981889143,0.5315209753838015,0.2368834687301239,0.23241954552682453,0.24413562658980859,0.8171720811538374,0.8032110297384821,0.8246007858620716,0.0,-2.220446049250313e-16,2.220446049250313e-16,0.028311097612968253,0.025424037467288333,0.030548333595453735,0.3351123302170222,0.3293017864217097,0.3361351634991721,0.0,0.0,0.0
RPE1,E2,885,5,0.5306590189008157,0.5264638491287,0.5334579458676492,0.2369906476073342,0.23348727765196803,0.24298992748723375,0.8183759004665482,0.8067727003193822,0.8231942976955905,0.0,-1.9984014443252818e-16,0.0,0.0283953475874862,0.02717468248413099,0.03001524941620563,0.3351123302170222,0.3293225199098321,0.33604273906208865,0.0,0.0,0.0
RPE1,E3,1,200,-0.18586958958698196,-1.639385266565448,0.21677810390047575,0.19475894766391333,0.19196044747325738,0.19977910778845412,0.6735823327704895,0.6611510841729661,0.6790173454884155,5.5734306059207483e-11,-1.0951446566265232e-08,1.7396519083612292e-08,-0.025993832230128397,-0.02778854584201902,-0.022473490322361605,0.33511233044439814,0.32930178330973964,0.33613517239863006,0.0014870214098965,-0.03537682436634338,0.03925742726234908
RPE1,E3,2,200,0.124187684564464,-0.45844179630238124,0.35125048188608593,0.19693252549175905,0.18703958176453678,0.20794530119974142,0.673982872803526,0.6572039800076366,0.6900158831738362,0.0009606868634858,-0.006344521325791304,0.009458026333764046,-0.022844426520117603,-0.034833515471249826,-0.011315769269428769,0.3333495865552374,0.320299499005547,0.34849420067635967,0.02272062222851355,-0.023492131655624866,0.07739265523049008
RPE1,E3,5,200,0.3730915260379935,0.1919167624964966,0.43490257149184414,0.2153501438582919,0.041305066866298715,0.24333748066255384,0.7058741111705008,0.6343394068625184,0.8300924096600685,0.015941058451584347,-0.2837447526995209,0.03888606162328015,-2.246337902800003e-05,-0.2243101419835044,0.03919927875826803,0.3447183683168929,0.2743926758871252,0.37642559529389163,0.09698493986466855,-0.0183067228359624,0.1359797892406292
RPE1,E3,10,200,0.4443500134251452,0.3276490526747773,0.48127569564272965,0.2213361322956725,0.15995440492586363,0.2442564898188332,0.7167411651198994,0.667048084060705,0.8434729356477213,0.01896981153167505,-0.09713480702456274,0.0377560741609961,0.0070781497357893,-0.06924367873376894,0.03796713534669592,0.3535582236238788,0.30591110843846503,0.37355779721687365,0.12543561922573226,0.051369230505317,0.15759534166282715
RPE1,E3,20,200,0.5037348250491038,0.4592693332739824,0.5334892677157029,0.25858084340303045,0.21641184582030748,0.28670054671089407,0.801743341521798,0.6868123464849508,0.8433692189104439,0.0334140179602852,0.00756846086880073,0.06249496401373381,0.0549778227399593,0.0015910076191709953,0.08892242976922059,0.36803299325869254,0.34353153975768136,0.3907095675636527,0.16160558637025235,0.12111236547664825,0.19186561022121199
RPE1,E3,50,200,0.552559148042658,0.5325742482574745,0.5648796466875428,0.2967076440679316,0.27459412748832496,0.3133079182688187,0.8106286074983013,0.7692985631827084,0.8420636100534064,0.08622327281798009,0.06865736456345105,0.09963636737946112,0.1048304310238036,0.07828523673317984,0.12529324504842118,0.40151483919035535,0.38119842631394196,0.4129764375906161,0.20247089834758142,0.17682802259992778,0.2208040351205113
RPE1,E3,100,200,0.5673672303164724,0.551347758585279,0.5776537706261815,0.3090009030858278,0.2929908471511555,0.3244919375917515,0.8171833997021913,0.7828621883153524,0.8546905852218808,0.10142173614941741,0.08371423442029599,0.11037282758185891,0.11979869163408274,0.1013389655817998,0.13265042860783405,0.41197562386074066,0.3968610613320292,0.4249649111030245,0.22647661407673148,0.20973994571259016,0.24406670076738962
RPE1,E3,200,200,0.5819114396555062,0.5740763451293719,0.5881150579788685,0.3266866640296796,0.3167861242395228,0.3368186724597233,0.8457795328920032,0.8288489960511907,0.859458996947038,0.11444509217900539,0.10568496075432893,0.11928128957488683,0.14267546933517739,0.1325426615382331,0.1496727736274436,0.4166471636519695,0.405786571615067,0.4261404255101559,0.2390071909553576,0.2240132797964426,0.25250629588149937
RPE1,E3,885,5,0.5954165924097163,0.589281791556953,0.5985296711053978,0.341879978304615,0.3369365910836468,0.3496707849453066,0.8494245081581241,0.8374697053531022,0.8539678357076181,0.1361499259961885,0.13189883479740197,0.1379621249355682,0.1636000573580506,0.15757494302046599,0.16549804927997783,0.4273378260239471,0.4237110390240073,0.4337307924163633,0.2598674629637457,0.2557538110603023,0.26849462486406644
RPE1,E4,1,200,-0.18586956533147053,-1.6393848384231944,0.21677792514756708,0.1947589476412177,0.1919604494862438,0.1997791056622077,0.6735823327571644,0.6611510882156106,0.6790173426744324,0.0,-2.220446049250313e-16,0.0,-0.0259938324819426,-0.027788543458565605,-0.022473493567694,0.3351123302170224,0.3293017864217094,0.3361351634991715,0.0,0.0,0.0
RPE1,E4,2,200,0.0959127829797143,-0.45751752587142336,0.33433558626551313,0.19854813838227103,-0.07239127298482687,0.2425313645763746,0.6840074275645343,-0.247232407382837,0.823320983772632,0.00021757155220005002,-0.0002521102732083199,0.002146300122842409,-0.01896249452211935,-0.3661010118201002,0.030875920111872603,0.3350906696893393,-0.3354090302215312,0.33750772748604924,0.0910272508022642,-0.127767052161339,0.3064154419489391
RPE1,E4,5,200,0.4072609904881908,0.18926427355158976,0.49514867028930437,0.27611041577909295,0.08599345677732569,0.3390771214495161,0.7905569065308751,0.2998653258722509,0.8338329655161753,0.0652707748772777,-0.01664692296010796,0.15211712908887964,0.07718512400184965,-0.16049642451693966,0.1579994744511814,0.3937443219939229,0.31671292721576,0.4643426999564045,0.2230258473740298,-0.06768919114027153,0.31271200411586086
RPE1,E4,10,200,0.49420953222711794,0.3688714351817862,0.550436570269577,0.30622218974401094,0.2054021280155737,0.36591861032884576,0.8124128295424753,0.6506209428944062,0.8424125049157537,0.10203376263104134,0.001370199031818715,0.18026678127635762,0.114654942492942,-0.012116438717686789,0.19230820978602603,0.41517878854474033,0.3346018477491913,0.47514089549390315,0.2576813793944863,0.13240022492551434,0.34020084909694354
RPE1,E4,20,200,0.5678095851774884,0.49136892242923375,0.5996143254650762,0.362761200249618,0.2614774469124272,0.4023334454195634,0.8264108050932881,0.7375236944728037,0.8480762961220795,0.1709668202850242,0.04160294024924827,0.2247276635356335,0.18797967375706182,0.06222307683851621,0.23537751271826052,0.46004407961404314,0.3721494554547363,0.48875058009849065,0.3198395239058772,0.2335016345709384,0.37322649957462883
RPE1,E4,50,200,0.6220189523826061,0.5834339486934772,0.645372555217686,0.4169735906886236,0.3769114638025023,0.4458031834463898,0.8363212664260173,0.799860579127707,0.856662877447025,0.24724278505482467,0.19013422289065843,0.28370287887306395,0.2587050354361645,0.20497208640179237,0.29172990314411035,0.4927062046492871,0.4628527610955894,0.5182986030572706,0.3839021988844119,0.33689040218712113,0.41847257446171016
RPE1,E4,100,200,0.6534720005499914,0.6224948598297536,0.6711686290295485,0.45877552932983284,0.4305834673461078,0.48095922993802664,0.8448569289867598,0.8230922528859197,0.8646781930158783,0.3000971037119651,0.2626653950874883,0.32624393227618315,0.3105847665617433,0.2748627458189196,0.33652517596698156,0.5157407395948925,0.49782419331617067,0.5324150162620364,0.41821171742814645,0.38578753133234034,0.44805565708262146
RPE1,E4,200,200,0.6778968389881296,0.6579311146836048,0.6934321821627472,0.49510931115087287,0.4722364119949008,0.5157438030200929,0.8567149683848184,0.8359152649194272,0.8730014810970268,0.34691184892428406,0.3187369232809927,0.3721441962084459,0.3576999216348977,0.32801264817674664,0.3799011178554129,0.5346967732336984,0.52016937586901,0.5474714903558283,0.4463373710050502,0.42357444026012225,0.46696844437317475
RPE1,E4,885,5,0.7195058709944886,0.7179742566802948,0.7285506899700503,0.5682264260638956,0.5643086636748893,0.5787432743605668,0.8771341763216242,0.8694909421197998,0.8834626065521947,0.4416127196589107,0.4394654924538024,0.4508582322980976,0.4485702356873695,0.4477875810021944,0.45957223134089836,0.5712164260395335,0.569331508080478,0.573346890381995,0.493982062250459,0.4872925700642738,0.4981678793256155
