record,cell_line,representation,r_gamma,r_gamma_normalised,ceiling,replicate,p_value,z,null_mean,null_sd
hallmark_permuted_null,HepG2,hallmark_null,0.02440764301,0.04128218664,0.5912391034,0,,,,
hallmark_permuted_null,HepG2,hallmark_null,0.01357182997,0.02381452844,0.5698970698,1,,,,
hallmark_permuted_null,HepG2,hallmark_null,0.03984566141,0.06905022386,0.5770533271,2,,,,
hallmark_permuted_null,HepG2,hallmark_null,0.03264987606,0.05755433381,0.5672878808,3,,,,
hallmark_permuted_null,HepG2,hallmark_null,0.0240266633,0.04103861572,0.58546476,4,,,,
hallmark_permuted_null,HepG2,hallmark_null,0.02263760298,0.03853851362,0.587402078,5,,,,
hallmark_permuted_null,HepG2,hallmark_null,0.04949641134,0.08941114658,0.5535821118,6,,,,
hallmark_permuted_null,HepG2,hallmark_null,0.06676849968,0.1166511081,0.5723777576,7,,,,
hallmark_permuted_null,HepG2,hallmark_null,0.040485272,0.06928789307,0.5843051391,8,,,,
hallmark_permuted_null,HepG2,hallmark_null,0.04635509526,0.08011350538,0.578617738,9,,,,
hallmark_permuted_null,HepG2,hallmark_null,0.009026624266,0.01475236194,0.6118765459,10,,,,
hallmark_permuted_null,HepG2,hallmark_null,0.0503994928,0.08523985037,0.5912667911,11,,,,
hallmark_permuted_null,HepG2,hallmark_null,0.03746777486,0.06084815186,0.6157586337,12,,,,
hallmark_permuted_null,HepG2,hallmark_null,0.03907658999,0.06903863838,0.5660104386,13,,,,
hallmark_permuted_null,HepG2,hallmark_null,0.02383568826,0.04188012253,0.5691408436,14,,,,
hallmark_permuted_null,HepG2,hallmark_null,0.03250672831,0.05644057634,0.5759460731,15,,,,
hallmark_permuted_null,HepG2,hallmark_null,-0.004049218507,-0.006664073759,0.6076191011,16,,,,
hallmark_permuted_null,HepG2,hallmark_null,0.04802940574,0.08305453624,0.5782875677,17,,,,
hallmark_permuted_null,HepG2,hallmark_null,0.06322083171,0.1095453935,0.5771199472,18,,,,
hallmark_permuted_null,HepG2,hallmark_null,0.04986059715,0.08590884324,0.5803895765,19,,,,
hallmark_permuted_null,HepG2,hallmark_null,0.03328692208,0.05561203441,0.5985560938,20,,,,
hallmark_permuted_null,HepG2,hallmark_null,0.03385351408,0.06007262213,0.5635431397,21,,,,
hallmark_permuted_null,HepG2,hallmark_null,0.05216275246,0.08925309789,0.5844363243,22,,,,
hallmark_permuted_null,HepG2,hallmark_null,0.04560412517,0.07271660199,0.6271487381,23,,,,
hallmark_permuted_null,HepG2,hallmark_null,0.06583427956,0.1123333777,0.5860616042,24,,,,
hallmark_permuted_null,HepG2,hallmark_null,0.03223313091,0.05353013122,0.6021492975,25,,,,
hallmark_permuted_null,HepG2,hallmark_null,0.05424863789,0.09673166567,0.5608157113,26,,,,
hallmark_permuted_null,HepG2,hallmark_null,0.02810023539,0.04610792237,0.6094448404,27,,,,
hallmark_permuted_null,HepG2,hallmark_null,0.05077194413,0.08618604612,0.5890970338,28,,,,
hallmark_permuted_null,HepG2,hallmark_null,0.03435250328,0.05943740755,0.5779609962,29,,,,
hallmark_permuted_null,HepG2,hallmark_null,0.01981405392,0.03265229132,0.6068197092,30,,,,
hallmark_permuted_null,HepG2,hallmark_null,0.02247493763,0.03682356593,0.6103411513,31,,,,
hallmark_permuted_null,HepG2,hallmark_null,0.02431975883,0.03968329638,0.6128462363,32,,,,
hallmark_permuted_null,HepG2,hallmark_null,0.01077976281,0.01840731986,0.5856237026,33,,,,
hallmark_permuted_null,HepG2,hallmark_null,0.01831106206,0.03214490093,0.569641266,34,,,,
hallmark_permuted_null,HepG2,hallmark_null,0.04324373357,0.07366312441,0.5870472358,35,,,,
hallmark_permuted_null,HepG2,hallmark_null,0.04182606806,0.0708035714,0.5907338745,36,,,,
hallmark_permuted_null,HepG2,hallmark_null,0.04390052247,0.0747957522,0.5869387122,37,,,,
hallmark_permuted_null,HepG2,hallmark_null,0.04564340994,0.07907913912,0.5771864798,38,,,,
hallmark_permuted_null,HepG2,hallmark_null,0.008338644574,0.0146204538,0.5703410229,39,,,,
hallmark_permuted_null,HepG2,hallmark_null,0.07104269871,0.1282989305,0.5537279107,40,,,,
hallmark_permuted_null,HepG2,hallmark_null,0.03058284691,0.05033251465,0.607616113,41,,,,
hallmark_permuted_null,HepG2,hallmark_null,0.0244674196,0.04251032113,0.5755642147,42,,,,
hallmark_permuted_null,HepG2,hallmark_null,0.001374604589,0.002309842066,0.595107609,43,,,,
hallmark_permuted_null,HepG2,hallmark_null,0.02797818779,0.0472745375,0.5918236173,44,,,,
hallmark_permuted_null,HepG2,hallmark_null,0.02630242585,0.04471511088,0.5882223108,45,,,,
hallmark_permuted_null,HepG2,hallmark_null,0.07719511413,0.1312579098,0.5881178073,46,,,,
hallmark_permuted_null,HepG2,hallmark_null,0.06881366692,0.1180412535,0.5829628616,47,,,,
hallmark_permuted_null,HepG2,hallmark_null,0.01143486409,0.01941547244,0.5889562632,48,,,,
hallmark_permuted_null,HepG2,hallmark_null,0.003343208115,0.005627886698,0.5940432518,49,,,,
hallmark_permuted_null,HepG2,hallmark_null,0.04144262181,0.0726750327,0.5702456576,50,,,,
hallmark_permuted_null,HepG2,hallmark_null,0.04499269871,0.079270667,0.5675831983,51,,,,
hallmark_permuted_null,HepG2,hallmark_null,0.03947640834,0.07172333807,0.5503983696,52,,,,
hallmark_permuted_null,HepG2,hallmark_null,0.06123043332,0.1018257917,0.6013253841,53,,,,
hallmark_permuted_null,HepG2,hallmark_null,0.05088054324,0.08637999941,0.5890315303,54,,,,
hallmark_permuted_null,HepG2,hallmark_null,0.07843477342,0.1286698956,0.609581387,55,,,,
hallmark_permuted_null,HepG2,hallmark_null,0.03671380822,0.06496320825,0.5651477076,56,,,,
hallmark_permuted_null,HepG2,hallmark_null,0.06540194969,0.113454265,0.5764609173,57,,,,
hallmark_permuted_null,HepG2,hallmark_null,0.02021290469,0.034075236,0.593184584,58,,,,
hallmark_permuted_null,HepG2,hallmark_null,0.02752842301,0.04942607417,0.5569615526,59,,,,
hallmark_permuted_null,HepG2,hallmark_null,0.04496479844,0.07816294699,0.5752699991,60,,,,
hallmark_permuted_null,HepG2,hallmark_null,0.08970057825,0.1471491711,0.6095894224,61,,,,
hallmark_permuted_null,HepG2,hallmark_null,0.02201317751,0.03871401566,0.5686100277,62,,,,
hallmark_permuted_null,HepG2,hallmark_null,0.06837347814,0.1194321382,0.572488102,63,,,,
hallmark_permuted_null,HepG2,hallmark_null,0.02231905765,0.03775384104,0.5911731637,64,,,,
hallmark_permuted_null,HepG2,hallmark_null,0.03264326435,0.05640831581,0.578695958,65,,,,
hallmark_permuted_null,HepG2,hallmark_null,0.02116223323,0.03823610401,0.5534620687,66,,,,
hallmark_permuted_null,HepG2,hallmark_null,0.0116784911,0.01990903006,0.5865926698,67,,,,
hallmark_permuted_null,HepG2,hallmark_null,0.07817389171,0.131157499,0.5960306676,68,,,,
hallmark_permuted_null,HepG2,hallmark_null,0.04287991354,0.07763739601,0.5523100432,69,,,,
hallmark_permuted_null,HepG2,hallmark_null,0.107529261,0.1742980856,0.6169273783,70,,,,
hallmark_permuted_null,HepG2,hallmark_null,-0.0176548279,-0.03116046873,0.5665777385,71,,,,
hallmark_permuted_null,HepG2,hallmark_null,0.01872434469,0.03118629454,0.6004029963,72,,,,
hallmark_permuted_null,HepG2,hallmark_null,0.01074102287,0.0187108881,0.5740520071,73,,,,
hallmark_permuted_null,HepG2,hallmark_null,0.03136223968,0.05409580035,0.5797536864,74,,,,
hallmark_permuted_null,HepG2,hallmark_null,0.02400747945,0.03984454357,0.6025286601,75,,,,
hallmark_permuted_null,HepG2,hallmark_null,0.02393930773,0.04153984236,0.5762975103,76,,,,
hallmark_permuted_null,HepG2,hallmark_null,0.01585723329,0.02506249336,0.6327077304,77,,,,
hallmark_permuted_null,HepG2,hallmark_null,0.02639543023,0.045208345,0.5838619005,78,,,,
hallmark_permuted_null,HepG2,hallmark_null,0.03185140367,0.05577905564,0.5710280195,79,,,,
hallmark_permuted_null,HepG2,hallmark_null,0.001177283639,0.002026684126,0.580891528,80,,,,
hallmark_permuted_null,HepG2,hallmark_null,0.05501780144,0.09622894538,0.5717385889,81,,,,
hallmark_permuted_null,HepG2,hallmark_null,0.03404934592,0.05602196976,0.6077855896,82,,,,
hallmark_permuted_null,HepG2,hallmark_null,0.03168708621,0.0523890498,0.6048417813,83,,,,
hallmark_permuted_null,HepG2,hallmark_null,0.05211945285,0.08837299297,0.5897667499,84,,,,
hallmark_permuted_null,HepG2,hallmark_null,0.05039933623,0.08754952294,0.5756666003,85,,,,
hallmark_permuted_null,HepG2,hallmark_null,0.05372428157,0.09005101946,0.5965982606,86,,,,
hallmark_permuted_null,HepG2,hallmark_null,0.01460633232,0.02707759024,0.5394251183,87,,,,
hallmark_permuted_null,HepG2,hallmark_null,0.04915012657,0.08414104108,0.5841397485,88,,,,
hallmark_permuted_null,HepG2,hallmark_null,0.06207532716,0.09921014965,0.6256953283,89,,,,
hallmark_permuted_null,HepG2,hallmark_null,-0.01294435278,-0.02221858155,0.5825913212,90,,,,
hallmark_permuted_null,HepG2,hallmark_null,0.04323287127,0.07524429543,0.5745667632,91,,,,
hallmark_permuted_null,HepG2,hallmark_null,0.04996186821,0.08538052456,0.5851670327,92,,,,
hallmark_permuted_null,HepG2,hallmark_null,0.05015966864,0.08832075815,0.5679261557,93,,,,
hallmark_permuted_null,HepG2,hallmark_null,0.0434957227,0.0704788321,0.6171459062,94,,,,
hallmark_permuted_null,HepG2,hallmark_null,0.06598869408,0.1136673301,0.5805423075,95,,,,
hallmark_permuted_null,HepG2,hallmark_null,0.03854319157,0.06627439335,0.5815698888,96,,,,
hallmark_permuted_null,HepG2,hallmark_null,0.05324228253,0.09051158168,0.5882372349,97,,,,
hallmark_permuted_null,HepG2,hallmark_null,0.04902132923,0.08339072067,0.5878511282,98,,,,
hallmark_permuted_null,HepG2,hallmark_null,0.06350859661,0.1055798948,0.6015216888,99,,,,
hallmark_permuted_null,Jurkat,hallmark_null,0.2268747755,0.371896975,0.6100473806,0,,,,
hallmark_permuted_null,Jurkat,hallmark_null,0.2255703778,0.3727929977,0.605082121,1,,,,
hallmark_permuted_null,Jurkat,hallmark_null,0.2417421423,0.3814010594,0.6338266148,2,,,,
hallmark_permuted_null,Jurkat,hallmark_null,0.2022309939,0.3377229285,0.5988074154,3,,,,
hallmark_permuted_null,Jurkat,hallmark_null,0.2293751574,0.3723868563,0.6159593269,4,,,,
hallmark_permuted_null,Jurkat,hallmark_null,0.2414601512,0.3925824699,0.6150558663,5,,,,
hallmark_permuted_null,Jurkat,hallmark_null,0.2056640807,0.3457229629,0.5948811702,6,,,,
hallmark_permuted_null,Jurkat,hallmark_null,0.2385408034,0.3915508223,0.60922054,7,,,,
hallmark_permuted_null,Jurkat,hallmark_null,0.2358558009,0.3856077484,0.611646944,8,,,,
hallmark_permuted_null,Jurkat,hallmark_null,0.2378413351,0.3921186944,0.6065544399,9,,,,
hallmark_permuted_null,Jurkat,hallmark_null,0.2649548076,0.4177467011,0.6342475163,10,,,,
hallmark_permuted_null,Jurkat,hallmark_null,0.2335121086,0.3707948317,0.6297609585,11,,,,
hallmark_permuted_null,Jurkat,hallmark_null,0.2501764136,0.4077136714,0.6136081059,12,,,,
hallmark_permuted_null,Jurkat,hallmark_null,0.2041184044,0.3426409252,0.5957210284,13,,,,
hallmark_permuted_null,Jurkat,hallmark_null,0.1753894301,0.2986945915,0.5871864943,14,,,,
hallmark_permuted_null,Jurkat,hallmark_null,0.2118319832,0.341355693,0.6205608622,15,,,,
hallmark_permuted_null,Jurkat,hallmark_null,0.2409359183,0.3918034961,0.6149407054,16,,,,
hallmark_permuted_null,Jurkat,hallmark_null,0.2428199416,0.3883399223,0.6252767941,17,,,,
hallmark_permuted_null,Jurkat,hallmark_null,0.2215900696,0.3737613824,0.5928650738,18,,,,
hallmark_permuted_null,Jurkat,hallmark_null,0.2352199561,0.3960343689,0.5939382402,19,,,,
hallmark_permuted_null,Jurkat,hallmark_null,0.2848316273,0.433846001,0.6565270318,20,,,,
hallmark_permuted_null,Jurkat,hallmark_null,0.1893443594,0.3166650109,0.5979326824,21,,,,
hallmark_permuted_null,Jurkat,hallmark_null,0.248310593,0.3991556062,0.6220897041,22,,,,
hallmark_permuted_null,Jurkat,hallmark_null,0.2403990825,0.3884433466,0.6188781056,23,,,,
hallmark_permuted_null,Jurkat,hallmark_null,0.2310626154,0.3753277192,0.6156289654,24,,,,
hallmark_permuted_null,Jurkat,hallmark_null,0.2394253269,0.381055949,0.6283206641,25,,,,
hallmark_permuted_null,Jurkat,hallmark_null,0.2268529089,0.3634326318,0.6241952128,26,,,,
hallmark_permuted_null,Jurkat,hallmark_null,0.2159222827,0.3410399612,0.6331289798,27,,,,
hallmark_permuted_null,Jurkat,hallmark_null,0.2292560979,0.3831793692,0.5982996903,28,,,,
hallmark_permuted_null,Jurkat,hallmark_null,0.2280344751,0.3789118278,0.6018140855,29,,,,
hallmark_permuted_null,Jurkat,hallmark_null,0.245635024,0.4011507985,0.6123259008,30,,,,
hallmark_permuted_null,Jurkat,hallmark_null,0.2772103083,0.4064729131,0.6819896219,31,,,,
hallmark_permuted_null,Jurkat,hallmark_null,0.2798722929,0.4429230741,0.631875622,32,,,,
hallmark_permuted_null,Jurkat,hallmark_null,0.2061657591,0.3407456822,0.6050429098,33,,,,
hallmark_permuted_null,Jurkat,hallmark_null,0.2641293538,0.4295371289,0.6149162344,34,,,,
hallmark_permuted_null,Jurkat,hallmark_null,0.2048380921,0.3406514886,0.6013127755,35,,,,
hallmark_permuted_null,Jurkat,hallmark_null,0.2468981413,0.392640145,0.6288153272,36,,,,
hallmark_permuted_null,Jurkat,hallmark_null,0.2510279084,0.4061591045,0.6180531363,37,,,,
hallmark_permuted_null,Jurkat,hallmark_null,0.2085113788,0.343718287,0.6066345223,38,,,,
hallmark_permuted_null,Jurkat,hallmark_null,0.1946335097,0.3291925321,0.5912452158,39,,,,
hallmark_permuted_null,Jurkat,hallmark_null,0.2114636431,0.3378983884,0.6258202181,40,,,,
hallmark_permuted_null,Jurkat,hallmark_null,0.2612465151,0.4217402517,0.6194488528,41,,,,
hallmark_permuted_null,Jurkat,hallmark_null,0.239209027,0.3860046757,0.6197049986,42,,,,
hallmark_permuted_null,Jurkat,hallmark_null,0.2420611481,0.3917315396,0.6179261142,43,,,,
hallmark_permuted_null,Jurkat,hallmark_null,0.2557201732,0.3915751841,0.6530551057,44,,,,
hallmark_permuted_null,Jurkat,hallmark_null,0.2044380748,0.3398547138,0.6015455032,45,,,,
hallmark_permuted_null,Jurkat,hallmark_null,0.2723400123,0.4295486477,0.634014363,46,,,,
hallmark_permuted_null,Jurkat,hallmark_null,0.2267266949,0.3698099648,0.6130897394,47,,,,
hallmark_permuted_null,Jurkat,hallmark_null,0.2448509904,0.386493312,0.6335193464,48,,,,
hallmark_permuted_null,Jurkat,hallmark_null,0.2177697246,0.3565933891,0.6106947894,49,,,,
hallmark_permuted_null,Jurkat,hallmark_null,0.2259762536,0.3647282882,0.6195742444,50,,,,
hallmark_permuted_null,Jurkat,hallmark_null,0.2283763427,0.3801964267,0.6006798767,51,,,,
hallmark_permuted_null,Jurkat,hallmark_null,0.1888289043,0.3201762127,0.589765563,52,,,,
hallmark_permuted_null,Jurkat,hallmark_null,0.2354725767,0.3961083987,0.5944649936,53,,,,
hallmark_permuted_null,Jurkat,hallmark_null,0.2191557926,0.3556674253,0.6161817952,54,,,,
hallmark_permuted_null,Jurkat,hallmark_null,0.2692328153,0.4220181058,0.6379650817,55,,,,
hallmark_permuted_null,Jurkat,hallmark_null,0.2106852888,0.3456103896,0.6096034584,56,,,,
hallmark_permuted_null,Jurkat,hallmark_null,0.188629456,0.3127409096,0.6031492848,57,,,,
hallmark_permuted_null,Jurkat,hallmark_null,0.2256136585,0.3675811013,0.6137792658,58,,,,
hallmark_permuted_null,Jurkat,hallmark_null,0.2079899661,0.3583216555,0.5804560313,59,,,,
hallmark_permuted_null,Jurkat,hallmark_null,0.2426509243,0.4041432291,0.6004082386,60,,,,
hallmark_permuted_null,Jurkat,hallmark_null,0.2686471095,0.4128820994,0.6506630097,61,,,,
hallmark_permuted_null,Jurkat,hallmark_null,0.2688197509,0.429598333,0.6257467273,62,,,,
hallmark_permuted_null,Jurkat,hallmark_null,0.2069570736,0.3526152598,0.5869203554,63,,,,
hallmark_permuted_null,Jurkat,hallmark_null,0.2032859298,0.337991504,0.6014527803,64,,,,
hallmark_permuted_null,Jurkat,hallmark_null,0.2342736029,0.3707619444,0.6318706827,65,,,,
hallmark_permuted_null,Jurkat,hallmark_null,0.2385093317,0.3892416401,0.6127538968,66,,,,
hallmark_permuted_null,Jurkat,hallmark_null,0.1786152803,0.2910452791,0.6137027228,67,,,,
hallmark_permuted_null,Jurkat,hallmark_null,0.243230774,0.372530404,0.652915229,68,,,,
hallmark_permuted_null,Jurkat,hallmark_null,0.2124910177,0.3507240515,0.6058638318,69,,,,
hallmark_permuted_null,Jurkat,hallmark_null,0.3068845702,0.4581393731,0.6698498059,70,,,,
hallmark_permuted_null,Jurkat,hallmark_null,0.2115373015,0.3668258259,0.576669598,71,,,,
hallmark_permuted_null,Jurkat,hallmark_null,0.237712321,0.378718947,0.6276747516,72,,,,
hallmark_permuted_null,Jurkat,hallmark_null,0.2315623139,0.3831084579,0.6044301794,73,,,,
hallmark_permuted_null,Jurkat,hallmark_null,0.2410961148,0.3972909332,0.6068502819,74,,,,
hallmark_permuted_null,Jurkat,hallmark_null,0.240399304,0.3689002504,0.6516647896,75,,,,
hallmark_permuted_null,Jurkat,hallmark_null,0.2541401677,0.4147733695,0.6127205516,76,,,,
hallmark_permuted_null,Jurkat,hallmark_null,0.2559803956,0.4024313722,0.6360845929,77,,,,
hallmark_permuted_null,Jurkat,hallmark_null,0.2543964249,0.4060007502,0.6265910217,78,,,,
hallmark_permuted_null,Jurkat,hallmark_null,0.2082223476,0.3504762186,0.5941126288,79,,,,
hallmark_permuted_null,Jurkat,hallmark_null,0.2249337595,0.3686335172,0.610182604,80,,,,
hallmark_permuted_null,Jurkat,hallmark_null,0.235235596,0.3777233729,0.6227721471,81,,,,
hallmark_permuted_null,Jurkat,hallmark_null,0.2773607257,0.4297614845,0.6453829292,82,,,,
hallmark_permuted_null,Jurkat,hallmark_null,0.2372071159,0.3853195578,0.6156114092,83,,,,
hallmark_permuted_null,Jurkat,hallmark_null,0.2389927899,0.4012012732,0.5956929997,84,,,,
hallmark_permuted_null,Jurkat,hallmark_null,0.205923606,0.3549133155,0.580208172,85,,,,
hallmark_permuted_null,Jurkat,hallmark_null,0.2545925691,0.4016760868,0.6338255561,86,,,,
hallmark_permuted_null,Jurkat,hallmark_null,0.1729182074,0.3104959071,0.5569097801,87,,,,
hallmark_permuted_null,Jurkat,hallmark_null,0.2276494702,0.374272324,0.6082455356,88,,,,
hallmark_permuted_null,Jurkat,hallmark_null,0.2759877025,0.4243042139,0.6504477058,89,,,,
hallmark_permuted_null,Jurkat,hallmark_null,0.2341354909,0.3718039958,0.6297282802,90,,,,
hallmark_permuted_null,Jurkat,hallmark_null,0.2408216388,0.4109669754,0.5859878123,91,,,,
hallmark_permuted_null,Jurkat,hallmark_null,0.2147109072,0.3475911985,0.6177110012,92,,,,
hallmark_permuted_null,Jurkat,hallmark_null,0.2353033682,0.3934655151,0.5980279317,93,,,,
hallmark_permuted_null,Jurkat,hallmark_null,0.2663315717,0.4167464807,0.6390733553,94,,,,
hallmark_permuted_null,Jurkat,hallmark_null,0.2288800177,0.3718791194,0.61546886,95,,,,
hallmark_permuted_null,Jurkat,hallmark_null,0.2266154836,0.3646533001,0.6214546354,96,,,,
hallmark_permuted_null,Jurkat,hallmark_null,0.2097528563,0.3388602056,0.618995246,97,,,,
hallmark_permuted_null,Jurkat,hallmark_null,0.2290914794,0.3834122917,0.5975068727,98,,,,
hallmark_permuted_null,Jurkat,hallmark_null,0.2579914869,0.4017840399,0.6421148213,99,,,,
hallmark_permuted_null,K562,hallmark_null,0.2225779041,0.3430853976,0.6487536504,0,,,,
hallmark_permuted_null,K562,hallmark_null,0.1685782975,0.2702875183,0.6236998977,1,,,,
hallmark_permuted_null,K562,hallmark_null,0.1902330053,0.3010727909,0.6318505394,2,,,,
hallmark_permuted_null,K562,hallmark_null,0.1356633735,0.226522537,0.5988957007,3,,,,
hallmark_permuted_null,K562,hallmark_null,0.199795976,0.3138871214,0.6365217377,4,,,,
hallmark_permuted_null,K562,hallmark_null,0.2060561987,0.3277811401,0.6286395815,5,,,,
hallmark_permuted_null,K562,hallmark_null,0.1668117477,0.2632637275,0.6336298176,6,,,,
hallmark_permuted_null,K562,hallmark_null,0.1893755507,0.2975706821,0.6364052714,7,,,,
hallmark_permuted_null,K562,hallmark_null,0.1806376262,0.2879654936,0.6272891379,8,,,,
hallmark_permuted_null,K562,hallmark_null,0.1994583344,0.3147721241,0.6336594606,9,,,,
hallmark_permuted_null,K562,hallmark_null,0.2470525804,0.3832034335,0.6447034624,10,,,,
hallmark_permuted_null,K562,hallmark_null,0.1787764321,0.2780175915,0.6430400002,11,,,,
hallmark_permuted_null,K562,hallmark_null,0.2664506016,0.3921654117,0.6794342226,12,,,,
hallmark_permuted_null,K562,hallmark_null,0.1540304227,0.247944953,0.6212283041,13,,,,
hallmark_permuted_null,K562,hallmark_null,0.08614530839,0.150990015,0.5705364581,14,,,,
hallmark_permuted_null,K562,hallmark_null,0.1821596302,0.2872162793,0.6342246012,15,,,,
hallmark_permuted_null,K562,hallmark_null,0.2041669729,0.3196468806,0.6387266239,16,,,,
hallmark_permuted_null,K562,hallmark_null,0.2312299998,0.3540782752,0.6530476905,17,,,,
hallmark_permuted_null,K562,hallmark_null,0.1864536054,0.301390272,0.6186450683,18,,,,
hallmark_permuted_null,K562,hallmark_null,0.2242097648,0.3503342283,0.6399881788,19,,,,
hallmark_permuted_null,K562,hallmark_null,0.2823548451,0.4287678714,0.6585261256,20,,,,
hallmark_permuted_null,K562,hallmark_null,0.1382845087,0.2251737309,0.6141236286,21,,,,
hallmark_permuted_null,K562,hallmark_null,0.2074256085,0.3305995898,0.6274224617,22,,,,
hallmark_permuted_null,K562,hallmark_null,0.1691343282,0.2667681416,0.6340124693,23,,,,
hallmark_permuted_null,K562,hallmark_null,0.1959838767,0.3067136925,0.6389798744,24,,,,
hallmark_permuted_null,K562,hallmark_null,0.2260255735,0.3473142025,0.6507812577,25,,,,
hallmark_permuted_null,K562,hallmark_null,0.1840269668,0.2989862774,0.6155030537,26,,,,
hallmark_permuted_null,K562,hallmark_null,0.1570123919,0.2488016403,0.6310745849,27,,,,
hallmark_permuted_null,K562,hallmark_null,0.1687444566,0.279864754,0.6029500113,28,,,,
hallmark_permuted_null,K562,hallmark_null,0.1601554048,0.2553452363,0.6272112498,29,,,,
hallmark_permuted_null,K562,hallmark_null,0.2338697969,0.3513648846,0.6656037843,30,,,,
hallmark_permuted_null,K562,hallmark_null,0.2055840004,0.3233770085,0.6357409308,31,,,,
hallmark_permuted_null,K562,hallmark_null,0.2307417704,0.3730559487,0.618517869,32,,,,
hallmark_permuted_null,K562,hallmark_null,0.1754118547,0.2809517414,0.6243487007,33,,,,
hallmark_permuted_null,K562,hallmark_null,0.2637951225,0.4114004462,0.6412125338,34,,,,
hallmark_permuted_null,K562,hallmark_null,0.1676396861,0.2727031136,0.6147333043,35,,,,
hallmark_permuted_null,K562,hallmark_null,0.2015312736,0.3137747222,0.6422801434,36,,,,
hallmark_permuted_null,K562,hallmark_null,0.2168634683,0.3396764028,0.6384413711,37,,,,
hallmark_permuted_null,K562,hallmark_null,0.1697056891,0.2636336918,0.6437177584,38,,,,
hallmark_permuted_null,K562,hallmark_null,0.1444848182,0.236980724,0.6096901713,39,,,,
hallmark_permuted_null,K562,hallmark_null,0.1295731136,0.2155999539,0.600988596,40,,,,
hallmark_permuted_null,K562,hallmark_null,0.2308692877,0.3593184672,0.6425199614,41,,,,
hallmark_permuted_null,K562,hallmark_null,0.2039937787,0.3189792702,0.6395204886,42,,,,
hallmark_permuted_null,K562,hallmark_null,0.2245498223,0.349122189,0.6431840466,43,,,,
hallmark_permuted_null,K562,hallmark_null,0.2359899737,0.3645940738,0.6472677167,44,,,,
hallmark_permuted_null,K562,hallmark_null,0.1477859445,0.2355814952,0.6273240789,45,,,,
hallmark_permuted_null,K562,hallmark_null,0.2468344437,0.3841547155,0.6425391482,46,,,,
hallmark_permuted_null,K562,hallmark_null,0.161926956,0.2622815537,0.6173783619,47,,,,
hallmark_permuted_null,K562,hallmark_null,0.2709744127,0.3958768122,0.6844917519,48,,,,
hallmark_permuted_null,K562,hallmark_null,0.1509673773,0.2425453226,0.6224295555,49,,,,
hallmark_permuted_null,K562,hallmark_null,0.1887006901,0.2989776241,0.6311532197,50,,,,
hallmark_permuted_null,K562,hallmark_null,0.1853613286,0.295612592,0.6270413834,51,,,,
hallmark_permuted_null,K562,hallmark_null,0.1348836128,0.2207948126,0.6109002798,52,,,,
hallmark_permuted_null,K562,hallmark_null,0.1817760094,0.2812660422,0.646277837,53,,,,
hallmark_permuted_null,K562,hallmark_null,0.141414534,0.2262262703,0.6251021768,54,,,,
hallmark_permuted_null,K562,hallmark_null,0.2304813227,0.3547581867,0.6496857051,55,,,,
hallmark_permuted_null,K562,hallmark_null,0.1870107689,0.2944771947,0.6350602771,56,,,,
hallmark_permuted_null,K562,hallmark_null,0.1068140087,0.1775201954,0.6017006035,57,,,,
hallmark_permuted_null,K562,hallmark_null,0.1805502005,0.2892250084,0.6242551484,58,,,,
hallmark_permuted_null,K562,hallmark_null,0.1648349936,0.27316278,0.6034313811,59,,,,
hallmark_permuted_null,K562,hallmark_null,0.1753136351,0.2930469644,0.59824416,60,,,,
hallmark_permuted_null,K562,hallmark_null,0.2771287144,0.4002834736,0.6923311421,61,,,,
hallmark_permuted_null,K562,hallmark_null,0.285895947,0.4356818412,0.6562034952,62,,,,
hallmark_permuted_null,K562,hallmark_null,0.1091909024,0.1870298557,0.5838153595,63,,,,
hallmark_permuted_null,K562,hallmark_null,0.1516163589,0.2485895864,0.6099063163,64,,,,
hallmark_permuted_null,K562,hallmark_null,0.2012054487,0.3180820442,0.6325583364,65,,,,
hallmark_permuted_null,K562,hallmark_null,0.2318599484,0.3639359188,0.6370900381,66,,,,
hallmark_permuted_null,K562,hallmark_null,0.1765077643,0.2735931591,0.6451468482,67,,,,
hallmark_permuted_null,K562,hallmark_null,0.1612535297,0.2601087856,0.6199464942,68,,,,
hallmark_permuted_null,K562,hallmark_null,0.19339416,0.3070627704,0.6298196286,69,,,,
hallmark_permuted_null,K562,hallmark_null,0.276732884,0.4029042458,0.6868452911,70,,,,
hallmark_permuted_null,K562,hallmark_null,0.2025410244,0.3238926554,0.6253337982,71,,,,
hallmark_permuted_null,K562,hallmark_null,0.2126327773,0.3247212191,0.6548163927,72,,,,
hallmark_permuted_null,K562,hallmark_null,0.1828543809,0.2954652173,0.6188693971,73,,,,
hallmark_permuted_null,K562,hallmark_null,0.1974688712,0.3169066225,0.6231137414,74,,,,
hallmark_permuted_null,K562,hallmark_null,0.1820973334,0.2862166498,0.6362220141,75,,,,
hallmark_permuted_null,K562,hallmark_null,0.2127172748,0.3433145028,0.6195988607,76,,,,
hallmark_permuted_null,K562,hallmark_null,0.2290622654,0.3425972537,0.6686050835,77,,,,
hallmark_permuted_null,K562,hallmark_null,0.1961249263,0.3138014308,0.6249969153,78,,,,
hallmark_permuted_null,K562,hallmark_null,0.1504093119,0.2494267719,0.6030199192,79,,,,
hallmark_permuted_null,K562,hallmark_null,0.1876388478,0.2976219145,0.6304604555,80,,,,
hallmark_permuted_null,K562,hallmark_null,0.1770374846,0.290996381,0.6083838017,81,,,,
hallmark_permuted_null,K562,hallmark_null,0.2525925236,0.3776180067,0.6689101662,82,,,,
hallmark_permuted_null,K562,hallmark_null,0.2369116244,0.3620934637,0.6542830736,83,,,,
hallmark_permuted_null,K562,hallmark_null,0.2231055021,0.3541030524,0.6300581161,84,,,,
hallmark_permuted_null,K562,hallmark_null,0.137067789,0.2268465053,0.6042314332,85,,,,
hallmark_permuted_null,K562,hallmark_null,0.2322016642,0.359647733,0.6456363906,86,,,,
hallmark_permuted_null,K562,hallmark_null,0.1166718038,0.1971672678,0.5917402269,87,,,,
hallmark_permuted_null,K562,hallmark_null,0.1980093613,0.3161980682,0.6262193897,88,,,,
hallmark_permuted_null,K562,hallmark_null,0.2399678864,0.3530692406,0.6796623972,89,,,,
hallmark_permuted_null,K562,hallmark_null,0.2569519861,0.3855653605,0.6664291259,90,,,,
hallmark_permuted_null,K562,hallmark_null,0.2003568268,0.3246985496,0.6170548868,91,,,,
hallmark_permuted_null,K562,hallmark_null,0.1636670756,0.2624417116,0.6236320997,92,,,,
hallmark_permuted_null,K562,hallmark_null,0.1751247632,0.2949464955,0.5937509542,93,,,,
hallmark_permuted_null,K562,hallmark_null,0.2652833678,0.3856052424,0.6879661856,94,,,,
hallmark_permuted_null,K562,hallmark_null,0.150156603,0.2514411667,0.5971838462,95,,,,
hallmark_permuted_null,K562,hallmark_null,0.2100021856,0.3286739717,0.6389376819,96,,,,
hallmark_permuted_null,K562,hallmark_null,0.1513023005,0.2358646985,0.6414792102,97,,,,
hallmark_permuted_null,K562,hallmark_null,0.155541879,0.2643279837,0.5884427248,98,,,,
hallmark_permuted_null,K562,hallmark_null,0.2165190486,0.3316439733,0.6528659227,99,,,,
hallmark_permuted_null,RPE1,hallmark_null,0.0281934986,0.03676586529,0.7668389789,0,,,,
hallmark_permuted_null,RPE1,hallmark_null,-0.007514221889,-0.01015451208,0.7399884729,1,,,,
hallmark_permuted_null,RPE1,hallmark_null,0.02076865826,0.0275978356,0.7525466329,2,,,,
hallmark_permuted_null,RPE1,hallmark_null,-0.02666257383,-0.03752249045,0.7105758041,3,,,,
hallmark_permuted_null,RPE1,hallmark_null,0.02103284759,0.02801253494,0.7508369964,4,,,,
hallmark_permuted_null,RPE1,hallmark_null,0.005383618885,0.007187818503,0.7489920457,5,,,,
hallmark_permuted_null,RPE1,hallmark_null,0.02644784044,0.03651529298,0.724294899,6,,,,
hallmark_permuted_null,RPE1,hallmark_null,0.03107387806,0.04253791111,0.7304984483,7,,,,
hallmark_permuted_null,RPE1,hallmark_null,0.00522364759,0.007015215105,0.7446168809,8,,,,
hallmark_permuted_null,RPE1,hallmark_null,0.01563002554,0.02113554184,0.7395138321,9,,,,
hallmark_permuted_null,RPE1,hallmark_null,0.02328131169,0.02998978442,0.7763080708,10,,,,
hallmark_permuted_null,RPE1,hallmark_null,0.02028985252,0.02697273069,0.7522357581,11,,,,
hallmark_permuted_null,RPE1,hallmark_null,0.05905325082,0.07581200211,0.7789432962,12,,,,
hallmark_permuted_null,RPE1,hallmark_null,0.0003257161943,0.0004472225239,0.7283090115,13,,,,
hallmark_permuted_null,RPE1,hallmark_null,-0.06111759937,-0.08955375066,0.6824683379,14,,,,
hallmark_permuted_null,RPE1,hallmark_null,0.01814843723,0.02444841584,0.7423154675,15,,,,
hallmark_permuted_null,RPE1,hallmark_null,-0.005371716459,-0.006990358226,0.768446521,16,,,,
hallmark_permuted_null,RPE1,hallmark_null,0.05413269011,0.07005738032,0.7726907552,17,,,,
hallmark_permuted_null,RPE1,hallmark_null,0.02858606709,0.04023928057,0.7104020422,18,,,,
hallmark_permuted_null,RPE1,hallmark_null,0.01628099589,0.02193516502,0.7422326602,19,,,,
hallmark_permuted_null,RPE1,hallmark_null,0.07311189882,0.09191584727,0.7954221278,20,,,,
hallmark_permuted_null,RPE1,hallmark_null,-0.02430647015,-0.03404746309,0.7138995962,21,,,,
hallmark_permuted_null,RPE1,hallmark_null,0.01740743014,0.02301066418,0.7564940328,22,,,,
hallmark_permuted_null,RPE1,hallmark_null,-0.02631791216,-0.03530812706,0.7453783123,23,,,,
hallmark_permuted_null,RPE1,hallmark_null,0.02994257458,0.03976900845,0.7529122737,24,,,,
hallmark_permuted_null,RPE1,hallmark_null,0.02227129171,0.02934501873,0.7589462429,25,,,,
hallmark_permuted_null,RPE1,hallmark_null,0.02574419597,0.03489271422,0.7378100713,26,,,,
hallmark_permuted_null,RPE1,hallmark_null,-0.01675057805,-0.02268819339,0.7382949256,27,,,,
hallmark_permuted_null,RPE1,hallmark_null,-0.01543634668,-0.02146188265,0.7192447622,28,,,,
hallmark_permuted_null,RPE1,hallmark_null,-0.004176382234,-0.005767072298,0.7241771939,29,,,,
hallmark_permuted_null,RPE1,hallmark_null,0.04113171812,0.05296490376,0.776584402,30,,,,
hallmark_permuted_null,RPE1,hallmark_null,-0.0007130977145,-0.0008961272426,0.7957549783,31,,,,
hallmark_permuted_null,RPE1,hallmark_null,0.005463024376,0.007083558462,0.7712259884,32,,,,
hallmark_permuted_null,RPE1,hallmark_null,-0.02857330222,-0.03840765915,0.7439480265,33,,,,
hallmark_permuted_null,RPE1,hallmark_null,0.04659270995,0.06051389696,0.7699505781,34,,,,
hallmark_permuted_null,RPE1,hallmark_null,-0.01399004402,-0.01949289261,0.7176997432,35,,,,
hallmark_permuted_null,RPE1,hallmark_null,0.01268916439,0.01690944221,0.7504188628,36,,,,
hallmark_permuted_null,RPE1,hallmark_null,0.01698897113,0.02263569801,0.7505388669,37,,,,
hallmark_permuted_null,RPE1,hallmark_null,0.01660940461,0.02321172301,0.7155610379,38,,,,
hallmark_permuted_null,RPE1,hallmark_null,-0.02248826861,-0.03097386924,0.7260400192,39,,,,
hallmark_permuted_null,RPE1,hallmark_null,0.002814741142,0.00396675656,0.7095825264,40,,,,
hallmark_permuted_null,RPE1,hallmark_null,0.004177732282,0.005527935295,0.7557491285,41,,,,
hallmark_permuted_null,RPE1,hallmark_null,0.007045891624,0.00932209482,0.7558270711,42,,,,
hallmark_permuted_null,RPE1,hallmark_null,0.01037755203,0.01350403398,0.7684779264,43,,,,
hallmark_permuted_null,RPE1,hallmark_null,0.02263258655,0.02875066566,0.7872021752,44,,,,
hallmark_permuted_null,RPE1,hallmark_null,-0.02200216098,-0.0302997368,0.7261502346,45,,,,
hallmark_permuted_null,RPE1,hallmark_null,0.05674764548,0.07356234926,0.77142242,46,,,,
hallmark_permuted_null,RPE1,hallmark_null,0.003426962427,0.004735419547,0.7236871818,47,,,,
hallmark_permuted_null,RPE1,hallmark_null,0.06844239732,0.08567916869,0.7988219117,48,,,,
hallmark_permuted_null,RPE1,hallmark_null,-0.04967181676,-0.0674637799,0.736273847,49,,,,
hallmark_permuted_null,RPE1,hallmark_null,0.03032850743,0.04073800515,0.7444769896,50,,,,
hallmark_permuted_null,RPE1,hallmark_null,0.01248724232,0.01707951939,0.7311237533,51,,,,
hallmark_permuted_null,RPE1,hallmark_null,8.345489348e-05,0.0001188132568,0.7024038875,52,,,,
hallmark_permuted_null,RPE1,hallmark_null,0.01593287883,0.02161035995,0.7372796597,53,,,,
hallmark_permuted_null,RPE1,hallmark_null,-0.02352703569,-0.03268069504,0.7199062216,54,,,,
hallmark_permuted_null,RPE1,hallmark_null,0.0444291179,0.05827569208,0.7623953713,55,,,,
hallmark_permuted_null,RPE1,hallmark_null,0.02497946258,0.03369978615,0.7412350474,56,,,,
hallmark_permuted_null,RPE1,hallmark_null,-0.02442042752,-0.03558235886,0.6863071562,57,,,,
hallmark_permuted_null,RPE1,hallmark_null,-0.02164296989,-0.02876272431,0.7524659227,58,,,,
hallmark_permuted_null,RPE1,hallmark_null,-0.002050950031,-0.002863501117,0.7162386,59,,,,
hallmark_permuted_null,RPE1,hallmark_null,0.0006886615965,0.0009633563972,0.7148565146,60,,,,
hallmark_permuted_null,RPE1,hallmark_null,0.1136451384,0.1440114915,0.7891393751,61,,,,
hallmark_permuted_null,RPE1,hallmark_null,0.07640659763,0.09619225714,0.7943113084,62,,,,
hallmark_permuted_null,RPE1,hallmark_null,-0.02461764164,-0.03615212536,0.6809459026,63,,,,
hallmark_permuted_null,RPE1,hallmark_null,-0.02996800893,-0.04143797467,0.7232015844,64,,,,
hallmark_permuted_null,RPE1,hallmark_null,0.02065787773,0.02738227517,0.7544251747,65,,,,
hallmark_permuted_null,RPE1,hallmark_null,0.04020938697,0.05209071367,0.7719108482,66,,,,
hallmark_permuted_null,RPE1,hallmark_null,0.007040164214,0.009383607879,0.7502619786,67,,,,
hallmark_permuted_null,RPE1,hallmark_null,-0.002479329944,-0.00336678988,0.7364076858,68,,,,
hallmark_permuted_null,RPE1,hallmark_null,0.02799126958,0.03819969327,0.7327616319,69,,,,
hallmark_permuted_null,RPE1,hallmark_null,0.1065688101,0.1356445506,0.7856475595,70,,,,
hallmark_permuted_null,RPE1,hallmark_null,-0.01745081589,-0.02285524182,0.7635366987,71,,,,
hallmark_permuted_null,RPE1,hallmark_null,0.02032819055,0.02652752641,0.7663055439,72,,,,
hallmark_permuted_null,RPE1,hallmark_null,-0.001734529865,-0.002389249041,0.7259728205,73,,,,
hallmark_permuted_null,RPE1,hallmark_null,0.0001229382228,0.0001640732172,0.7492887928,74,,,,
hallmark_permuted_null,RPE1,hallmark_null,-0.01206180028,-0.01562237365,0.7720849944,75,,,,
hallmark_permuted_null,RPE1,hallmark_null,0.001947475053,0.002609967364,0.7461683545,76,,,,
hallmark_permuted_null,RPE1,hallmark_null,-0.01031546362,-0.01325173047,0.7784238931,77,,,,
hallmark_permuted_null,RPE1,hallmark_null,-0.01339272872,-0.01760666667,0.7606623658,78,,,,
hallmark_permuted_null,RPE1,hallmark_null,-0.02240675343,-0.03102143401,0.7222990858,79,,,,
hallmark_permuted_null,RPE1,hallmark_null,-0.01460838038,-0.01911636508,0.76418191,80,,,,
hallmark_permuted_null,RPE1,hallmark_null,0.009131773159,0.01232103521,0.7411530771,81,,,,
hallmark_permuted_null,RPE1,hallmark_null,0.03254138282,0.04149368603,0.7842490252,82,,,,
hallmark_permuted_null,RPE1,hallmark_null,0.03636500228,0.04736399022,0.7677774215,83,,,,
hallmark_permuted_null,RPE1,hallmark_null,0.03914633674,0.05307303106,0.7375937638,84,,,,
hallmark_permuted_null,RPE1,hallmark_null,-0.008241179833,-0.01177651949,0.6997975791,85,,,,
hallmark_permuted_null,RPE1,hallmark_null,0.03401736658,0.04416795165,0.7701821188,86,,,,
hallmark_permuted_null,RPE1,hallmark_null,-0.04806253848,-0.07083274087,0.6785356303,87,,,,
hallmark_permuted_null,RPE1,hallmark_null,0.0224100013,0.03062213964,0.7318234964,88,,,,
hallmark_permuted_null,RPE1,hallmark_null,0.03883906717,0.04971285352,0.7812681113,89,,,,
hallmark_permuted_null,RPE1,hallmark_null,0.0336936819,0.04177735689,0.8065058302,90,,,,
hallmark_permuted_null,RPE1,hallmark_null,0.006722931732,0.009084090536,0.7400775791,91,,,,
hallmark_permuted_null,RPE1,hallmark_null,-0.01512125363,-0.02050994569,0.7372644404,92,,,,
hallmark_permuted_null,RPE1,hallmark_null,0.001275162642,0.001794713083,0.7105105846,93,,,,
hallmark_permuted_null,RPE1,hallmark_null,0.05110695697,0.06460818256,0.7910291691,94,,,,
hallmark_permuted_null,RPE1,hallmark_null,0.006674235647,0.00929629989,0.7179453896,95,,,,
hallmark_permuted_null,RPE1,hallmark_null,0.03164177563,0.04213610976,0.750942026,96,,,,
hallmark_permuted_null,RPE1,hallmark_null,0.01666481288,0.022538036,0.7394083886,97,,,,
hallmark_permuted_null,RPE1,hallmark_null,-0.02660625624,-0.03778116961,0.7042200258,98,,,,
hallmark_permuted_null,RPE1,hallmark_null,0.03268497934,0.04342398111,0.7526942142,99,,,,
hallmark_test,HepG2,,,,,,0.8415841584,-0.8921211719,0.06462512118,0.03681727324
hallmark_test,Jurkat,,,,,,0.009900990099,6.819972478,0.3776898007,0.03240831974
hallmark_test,K562,,,,,,0.009900990099,6.097158212,0.3049375601,0.05690867346
hallmark_test,RPE1,,,,,,0.009900990099,4.525373645,0.01447438521,0.03966013229
observed,HepG2,hallmark,0.02546453505,0.03177965223,0.8012842579,-1,,,,
observed,HepG2,reactome,0.06629001008,0.09116887698,0.7271122808,-1,,,,
observed,HepG2,genes,0.03283120531,0.06154499049,0.5334504896,-1,,,,
observed,Jurkat,hallmark,0.5103102189,0.5987136494,0.8523443877,-1,,,,
observed,Jurkat,reactome,0.3685646836,0.4679085986,0.7876852117,-1,,,,
observed,Jurkat,genes,0.2172514076,0.3716115891,0.5846195705,-1,,,,
observed,K562,hallmark,0.5699436634,0.6519187458,0.8742556753,-1,,,,
observed,K562,reactome,0.4373176594,0.5362320271,0.8155381203,-1,,,,
observed,K562,genes,0.1847875903,0.3046417752,0.6065733769,-1,,,,
observed,RPE1,hallmark,0.1817084304,0.1939513026,0.9368765659,-1,,,,
observed,RPE1,reactome,0.1749177901,0.1947361795,0.8982295459,-1,,,,
observed,RPE1,genes,0.001722713349,0.002318528935,0.7430199913,-1,,,,
reactome_test,HepG2,,,,,,0.09523809524,1.536828775,0.06341005846,0.01806240159
reactome_test,Jurkat,,,,,,0.04761904762,5.09114734,0.3761762634,0.01801800833
reactome_test,K562,,,,,,0.04761904762,7.906422271,0.3052504241,0.02921442785
reactome_test,RPE1,,,,,,0.04761904762,7.913132334,0.007732067921,0.02363212236
