arc_target,c1_usable_contexts,kolf_cells,kolf_usable,in_kolf_strong_subset,jurkat_in_library,viperturb_cells,viperturb_in_filtered
ABCD1,0,397,True,False,True,51,False
ACLY,3,134,True,True,True,58,True
ADNP,3,262,True,False,True,28,False
AGO1,2,218,True,False,True,39,False
AKAP1,2,384,True,False,True,51,True
AKIRIN1,2,248,True,False,True,13,True
AKT2,3,264,True,False,True,91,True
ALG12,2,385,True,False,True,90,False
ANKRD52,0,116,True,False,True,43,True
ANKZF1,3,272,True,False,True,30,False
ANP32B,2,201,True,False,True,49,True
AP2A2,2,149,True,False,True,29,True
API5,2,132,True,False,True,74,True
ARL14EP,2,137,True,True,True,68,True
ASCC2,2,371,True,False,True,99,True
BCKDK,2,386,True,False,True,37,False
BCL6,2,507,True,False,True,48,False
BCL7C,2,192,True,False,True,40,True
BRD1,2,338,True,False,True,75,True
BRPF1,3,300,True,True,True,72,True
C5orf22,1,85,True,True,True,23,True
CAND1,2,211,True,True,True,95,True
CAPRIN2,0,582,True,True,True,39,False
CARM1,2,31,True,False,True,24,True
CAT,2,149,True,False,True,57,True
CCDC112,2,249,True,False,True,46,True
CDK8,2,225,True,True,True,31,True
CHD3,2,163,True,False,True,34,True
CHD6,2,163,True,False,True,56,False
CHKB,2,0,False,False,True,82,True
CLCN6,1,123,True,False,True,47,True
COIL,2,215,True,False,True,43,True
COMMD8,2,180,True,False,True,94,True
COQ10B,2,161,True,False,True,109,False
CSNK2A1,2,180,True,False,True,46,False
CYTH2,1,247,True,True,True,73,False
DBF4B,2,204,True,False,True,53,False
DBN1,1,178,True,False,True,49,False
DCAF16,2,41,True,False,True,81,True
DCP2,2,240,True,True,True,40,True
DDHD1,2,198,True,False,True,72,True
DEAF1,1,340,True,False,True,41,False
DEK,2,258,True,False,True,24,False
DHRS1,2,45,True,False,True,36,True
DHX35,2,199,True,False,True,17,False
DLAT,1,127,True,False,True,64,True
DMTF1,2,273,True,False,True,43,False
DNTTIP1,2,259,True,False,True,31,True
DRG2,2,122,True,False,True,25,False
DTNBP1,2,0,False,False,True,73,False
DVL3,2,194,True,False,True,40,False
E2F1,2,138,True,False,True,35,False
E2F4,2,198,True,True,True,44,True
EAPP,1,153,True,True,True,39,True
EEF1A2,1,229,True,False,True,79,False
ELK1,2,358,True,False,True,33,False
EPC2,2,285,True,False,True,10,True
EPHB2,0,0,False,False,True,59,False
EPM2AIP1,2,214,True,False,True,22,False
EZH2,2,239,True,True,True,67,True
FAM120A,2,184,True,False,True,27,False
FCGRT,2,205,True,False,True,21,True
FHL3,2,222,True,False,True,64,False
FOXN2,2,317,True,True,True,36,True
FOXO4,2,192,True,False,True,51,False
FUBP3,2,125,True,False,True,34,True
FXYD5,2,319,True,False,True,59,False
FZD2,1,420,True,False,True,58,True
GIGYF2,2,121,True,True,True,57,True
GLI3,1,239,True,False,True,60,False
GLYR1,2,232,True,False,True,25,True
GMEB2,1,214,True,False,True,39,False
GPATCH8,2,107,True,False,True,13,False
GRAMD1A,2,212,True,False,True,30,False
GTF2IRD1,2,302,True,True,True,46,False
HDAC1,2,225,True,False,True,65,True
HDAC8,3,234,True,False,True,40,False
HEATR6,1,310,True,False,True,61,False
HMGN3,2,276,True,False,True,11,False
HMGN4,2,168,True,False,True,55,True
HMGXB3,2,234,True,False,True,66,True
HOMEZ,2,244,True,False,True,56,False
HSBP1,3,278,True,True,True,68,True
HSP90AB1,2,147,True,True,True,69,True
IFI27L2,2,204,True,False,True,67,False
IFNAR2,2,214,True,False,True,21,True
IFNGR2,2,0,False,False,True,83,False
IL10RB,2,0,False,False,True,48,False
IREB2,2,166,True,False,True,60,True
KDM5A,2,231,True,True,True,37,True
KHDRBS1,2,244,True,True,True,38,True
KHSRP,2,261,True,False,True,49,False
KIF21B,0,150,True,False,True,62,True
KIF2A,2,143,True,False,True,68,False
KMT2A,2,248,True,False,True,34,True
LDLR,1,314,True,False,True,31,False
LENG1,1,0,False,False,True,5,False
LMAN1,2,208,True,False,True,64,False
LMBRD2,2,236,True,False,True,44,True
LPCAT3,2,145,True,False,True,21,False
MAN2A1,2,293,True,False,True,77,False
MAP2K2,2,192,True,False,True,54,False
MAPK12,2,172,True,False,True,37,False
MAPK7,1,397,True,False,True,28,False
MARCKSL1,2,290,True,True,True,52,False
MBD4,2,354,True,False,True,33,True
MED13,3,302,True,False,True,75,False
MED15,3,229,True,True,True,20,True
MED25,3,256,True,False,True,66,True
MLKL,1,282,True,False,True,50,True
MLLT10,1,171,True,False,True,77,False
MSANTD4,2,297,True,False,True,49,False
MSI2,2,121,True,False,True,56,False
MTA1,3,340,True,True,True,53,True
MTF1,2,167,True,False,True,21,True
MTHFSD,2,173,True,False,True,50,False
MTM1,2,0,False,False,True,34,False
MYD88,2,443,True,False,True,38,True
MYPOP,1,342,True,False,True,46,True
MYRF,1,278,True,False,True,44,False
NABP2,1,254,True,True,True,24,False
NAIF1,1,183,True,False,True,45,False
NCLN,2,249,True,False,True,53,True
NFE2L1,3,217,True,False,True,55,True
NGLY1,2,163,True,False,True,52,False
NICN1,0,144,True,False,True,29,False
NIPAL3,2,208,True,False,True,76,False
NIPSNAP3A,2,111,True,False,True,53,True
NT5DC1,2,219,True,False,True,69,False
NUP37,2,54,True,False,True,93,False
PAN2,2,284,True,False,True,67,False
PAPOLA,2,173,True,False,True,17,False
PARP3,0,235,True,False,True,71,False
PATL1,2,300,True,True,True,14,True
PBLD,0,0,False,False,True,26,False
PCGF1,2,327,True,True,True,32,True
PCGF6,2,326,True,True,True,64,True
PDCD4,2,141,True,False,True,25,False
PDE6D,2,220,True,False,True,46,True
PDK1,2,323,True,False,True,41,False
PDK3,1,167,True,False,True,10,False
PGLS,2,280,True,True,True,53,False
PHF11,1,313,True,False,True,37,True
PHF19,0,234,True,False,True,33,False
PHF23,2,244,True,False,True,39,False
PHF8,2,260,True,False,True,94,False
PI4KB,1,77,True,False,True,85,True
PIM2,1,131,True,False,True,92,False
PIN1,2,257,True,True,True,24,False
PINK1,2,204,True,False,True,37,False
PKN3,2,262,True,False,True,20,True
PLAGL2,2,306,True,False,True,43,True
PLCG1,2,242,True,False,True,53,True
PNP,2,196,True,False,True,75,False
POLD4,2,250,True,False,True,41,True
POR,2,232,True,False,True,19,False
PPIF,2,267,True,False,True,64,False
PPIP5K2,2,234,True,False,True,76,False
PQBP1,2,189,True,True,True,25,True
PRDX3,2,261,True,True,True,46,True
PRKAB2,2,373,True,False,True,55,True
PRKACA,2,148,True,False,True,80,True
PRMT2,2,208,True,False,True,59,True
PRMT6,1,207,True,False,True,67,False
PRMT7,1,120,True,False,True,46,True
PRNP,2,181,True,False,True,55,False
PSKH1,2,119,True,True,True,37,True
PSMB9,1,0,False,False,True,85,True
PTMS,2,211,True,False,True,74,True
PTOV1,2,323,True,False,True,52,True
PYCR1,2,292,True,False,True,122,False
R3HCC1L,2,68,True,False,True,25,True
RAB11FIP5,1,237,True,False,True,41,True
RAB5A,2,313,True,False,True,58,False
RABEP2,2,282,True,False,True,65,False
RBM18,2,224,True,True,True,42,False
RBM26,2,233,True,True,True,65,False
RBM4B,2,296,True,False,True,34,False
RBM5,2,270,True,True,True,51,False
RC3H2,2,307,True,False,True,28,False
REV1,1,378,True,False,True,35,False
RFK,2,324,True,False,True,94,True
RNF10,2,247,True,False,True,82,False
RNF141,2,395,True,False,True,55,False
RNF2,3,306,True,True,True,45,True
RSRC1,2,0,False,False,True,49,False
S100A11,2,301,True,False,True,48,False
SAP30L,1,294,True,False,True,86,False
SCAF8,2,300,True,True,True,47,True
SEMA4F,0,108,True,False,True,59,True
SFXN4,2,253,True,False,True,29,True
SH2D3A,2,216,True,False,True,53,False
SHPRH,3,303,True,True,True,41,False
SIN3B,3,264,True,True,True,21,True
SLC25A13,2,228,True,False,True,65,False
SLC39A1,2,402,True,False,True,48,False
SLC44A1,0,197,True,False,True,61,True
SLIRP,3,186,True,False,True,71,False
SMARCA5,3,202,True,True,True,48,True
SMARCC2,2,241,True,False,True,30,True
SMYD2,2,345,True,False,True,45,False
SND1,2,275,True,False,True,32,False
SNN,0,471,True,False,True,25,False
SNRK,2,0,False,False,True,43,False
SNX4,1,177,True,False,True,51,False
SOCS5,1,169,True,False,True,29,False
SPATA20,1,362,True,False,True,44,False
SRSF5,2,185,True,False,True,37,False
SSR4,2,196,True,False,True,82,False
STAT6,3,242,True,False,True,54,False
STK3,1,0,False,False,True,56,False
STT3A,2,146,True,False,True,33,False
SUPT7L,2,336,True,True,True,36,False
SYVN1,2,327,True,False,True,54,True
TAF15,2,199,True,False,True,35,False
TAF4,0,211,True,True,True,39,True
TARBP2,3,226,True,False,True,27,False
TBC1D13,2,265,True,True,True,68,False
TBC1D19,1,0,False,False,True,39,False
TBCK,2,0,False,False,True,43,False
TDRD7,1,143,True,False,True,48,False
TEAD4,1,364,True,False,True,66,True
TESK2,1,0,False,False,True,41,True
TEX2,2,232,True,False,True,51,False
TFCP2,2,186,True,True,True,19,False
THAP3,2,247,True,False,True,70,False
THAP7,2,257,True,False,True,40,False
TIMM17B,2,120,True,True,True,32,True
TIMM50,2,182,True,True,True,28,False
TMCO6,2,273,True,False,True,36,True
TMED3,2,120,True,False,True,45,False
TMEM104,1,140,True,False,True,22,False
TMEM147,2,230,True,False,True,43,False
TMEM186,2,135,True,False,True,72,False
TMEM209,2,112,True,False,True,8,True
TMEM41B,2,223,True,False,True,58,False
TMEM79,1,214,True,False,True,44,True
TMF1,2,281,True,True,True,81,False
TRAPPC6A,3,114,True,False,True,35,False
TRIB3,2,218,True,True,True,73,False
TRIM35,2,397,True,False,True,16,True
TRIP4,2,0,False,False,True,55,False
TRMT1,2,251,True,False,True,36,False
TRPC4AP,2,199,True,False,True,21,True
TTBK2,1,0,False,False,True,45,False
TWF2,3,240,True,False,True,33,True
TXNDC16,1,276,True,False,True,39,False
UNK,2,208,True,False,True,18,True
UPF3B,1,117,True,False,True,28,True
UROS,2,202,True,False,True,20,False
USP28,2,578,True,True,True,74,True
VAPB,2,192,True,False,True,55,True
VIM,2,298,True,False,True,36,False
WBP4,2,90,True,False,True,48,True
YIPF6,2,180,True,False,True,39,True
ZBTB34,2,294,True,True,True,94,False
ZBTB41,2,248,True,True,True,41,True
ZBTB48,2,279,True,False,True,79,False
ZC2HC1A,1,0,False,False,True,32,False
ZC3HAV1,2,91,True,False,True,23,False
ZDHHC12,2,292,True,False,True,99,True
ZDHHC4,2,264,True,False,True,39,True
ZFP62,3,381,True,False,True,41,False
ZHX3,2,346,True,False,True,11,False
ZKSCAN1,2,293,True,True,True,43,True
ZKSCAN2,1,230,True,False,True,63,False
ZKSCAN3,1,260,True,False,True,68,False
ZNF16,1,260,True,False,True,33,False
ZNF174,2,276,True,False,True,48,False
ZNF219,2,337,True,True,True,57,False
ZNF22,2,242,True,False,True,91,True
ZNF25,1,310,True,False,True,51,False
ZNF251,2,282,True,False,True,42,False
ZNF280C,2,312,True,False,True,42,True
ZNF282,2,250,True,False,True,72,False
ZNF32,3,247,True,False,True,49,False
ZNF324,1,258,True,True,True,64,False
ZNF397,2,193,True,True,True,52,False
ZNF410,2,213,True,False,True,17,False
ZNF444,2,202,True,False,True,46,False
ZNF462,1,326,True,True,True,64,False
ZNF496,2,303,True,False,True,85,True
ZNF507,2,131,True,False,True,63,False
ZNF514,2,294,True,False,True,67,False
ZNF526,2,251,True,False,True,41,True
ZNF530,2,277,True,False,True,52,False
ZNF543,2,325,True,False,True,43,True
ZNF627,2,233,True,False,True,58,False
ZNF628,2,197,True,False,True,53,True
ZNF641,2,222,True,False,True,55,False
ZNF670,1,252,True,False,True,31,False
ZNF714,3,285,True,False,False,118,False
ZNF740,2,330,True,False,True,51,True
ZNF768,2,263,True,False,True,36,True
ZNF777,2,344,True,False,True,49,False
ZNF783,2,305,True,False,True,83,False
ZNF784,2,330,True,False,True,36,False
ZNF786,2,330,True,False,True,22,True
ZNF821,2,226,True,False,True,57,False
ZRANB3,1,339,True,False,True,86,False
