context,k,E1_M0_gain_median,lo,hi
K562,1,-1.257629834,-5.392653989,-0.4066286754
K562,2,-0.7595826308,-1.791825227,-0.3452371946
K562,5,-0.2388950338,-0.5337731002,-0.1122610707
K562,10,-0.07271382508,-0.1788763669,-0.02009567467
K562,20,0.01707982354,-0.02575904028,0.0405834327
K562,50,0.07170944675,0.054624602,0.08115981741
RPE1,1,-0.4671824343,-2.720568523,-0.06892215873
RPE1,2,-0.1714796015,-1.232151072,0.03262981117
RPE1,5,0.06276135893,-0.2787537519,0.1332684208
RPE1,10,0.1425174176,-0.01345717452,0.1822291948
RPE1,20,0.1833589486,0.1219751669,0.2064860429
RPE1,50,0.2124733031,0.1879717305,0.2253367469
HepG2,1,-1.827137537,-5.504750548,-0.5519592131
HepG2,2,-0.9834310597,-1.988615362,-0.4527502798
HepG2,5,-0.3518134379,-0.7656119139,-0.2222213297
HepG2,10,-0.1579306405,-0.328250844,-0.1116708154
HepG2,20,-0.06270974706,-0.1368992884,-0.03612876194
HepG2,50,-0.00212559155,-0.03285837529,0.008663671193
Jurkat,1,-1.654456567,-5.414387455,-0.4306804484
Jurkat,2,-0.8807046041,-1.796615696,-0.4003522537
Jurkat,5,-0.3406675425,-0.6907314845,-0.1674535517
Jurkat,10,-0.12835438,-0.2589224127,-0.07255356532
Jurkat,20,-0.03117704882,-0.1004831666,-0.003384041247
Jurkat,50,0.02669084112,0.003041353944,0.03782972542
HCT116,1,-2.51245911,-9.226989345,-0.6447063162
HCT116,2,-1.163064849,-4.234454495,-0.3382688179
HCT116,5,-0.3973937026,-1.017106107,-0.1329659861
HCT116,10,-0.114417275,-0.3007998319,-0.01502194383
HCT116,20,0.03558242561,-0.05814074533,0.08268113244
HCT116,50,0.1246742829,0.08647510232,0.1448857289
HEK293T,1,-2.219879101,-12.85197694,-0.3111884855
HEK293T,2,-0.9991238598,-3.950426031,-0.09485145896
HEK293T,5,-0.1438400062,-0.7754639209,0.156889829
HEK293T,10,0.1849112661,-0.2008446775,0.3069844737
HEK293T,20,0.3355533468,0.2006997134,0.3867400921
HEK293T,50,0.4387418933,0.3957163906,0.4681522962
