context,estimator,k,M0_shared_control,M0_split_control,M3_shared_control,M3_split_control,dM0_shared_minus_split,dM3_shared_minus_split
HCT116,E1,5,-0.2217860143,-0.2161636494,0,0,-0.005622364853,0
HCT116,E1,20,0.1918264366,0.1907467608,0,0,0.001079675795,0
HCT116,E1,100,0.3047050177,0.303539907,0,0,0.001165110624,0
HCT116,E3,5,-0.2331540728,-0.2265006285,-0.03394589038,-0.03394589038,-0.00665344433,0
HCT116,E3,20,0.2031525773,0.2049440378,0.01800260498,0.01800260498,-0.001791460574,0
HCT116,E3,100,0.3417717965,0.3398799073,0.02496626826,0.02496626826,0.001891889258,0
HCT116,E4,5,-0.2914594019,-0.2844222122,-0.0001695292492,-0.0001695292492,-0.007037189692,0
HCT116,E4,20,0.2196474561,0.222342059,0.02868802846,0.02868802846,-0.002694602869,0
HCT116,E4,100,0.3897249466,0.3890094184,0.1089315291,0.1089315291,0.0007155282154,0
HEK293T,E1,5,-0.7242274873,-0.7285809969,0,0,0.004353509597,0
HEK293T,E1,20,-0.1784409609,-0.1802576115,0,0,0.001816650584,0
HEK293T,E1,100,-0.04947552318,-0.05155803242,0,0,0.002082509242,0
HEK293T,E3,5,-0.6601492331,-0.6561018956,-0.0414733474,-0.0414733474,-0.004047337519,-9.714451465e-17
HEK293T,E3,20,-0.08259166713,-0.08608711387,0.004788167277,0.004788167277,0.003495446746,-3.001071613e-16
HEK293T,E3,100,0.1998743469,0.1982025427,0.02646159598,0.02646159598,0.001671804204,0
HEK293T,E4,5,-0.456386102,-0.4562070587,-4.581872462e-05,-4.581872462e-05,-0.0001790432994,0
HEK293T,E4,20,0.09388350872,0.09191633077,0.03047979651,0.03047979651,0.001967177953,0
HEK293T,E4,100,0.2870280582,0.2844448152,0.1235252692,0.1235252692,0.002583243007,-9.714451465e-17
HepG2,E1,5,0.02601979392,-0.0009538047019,0,0,0.02697359863,0
HepG2,E1,20,0.3231609998,0.2988086697,0,0,0.0243523301,0
HepG2,E1,100,0.3944119251,0.3736442419,0,0,0.02076768316,0
HepG2,E3,5,0.05078683526,0.02684409684,0.003175357555,0.003175357555,0.02394273842,0
HepG2,E3,20,0.3540342495,0.3294615334,0.0358947483,0.0358947483,0.0245727161,0
HepG2,E3,100,0.4676030459,0.4480237785,0.07815962565,0.07815962565,0.01957926743,0
HepG2,E4,5,0.02934534918,0.002010029788,0.0004282892044,0.0004282892044,0.02733531939,0
HepG2,E4,20,0.3809266385,0.3587743392,0.05789576484,0.05789576484,0.02215229933,0
HepG2,E4,100,0.527096467,0.5074114208,0.2079592819,0.2079592819,0.01968504618,0
Jurkat,E1,5,-0.01807345569,-0.03596860176,0,0,0.01789514607,0
Jurkat,E1,20,0.2728040139,0.2588373837,0,0,0.01396663027,0
Jurkat,E1,100,0.355573524,0.3380282566,0,0,0.0175452674,0
Jurkat,E3,5,-0.006651646292,-0.02365625144,0.0008285828254,0.0008285828254,0.01700460515,9.99634403e-17
Jurkat,E3,20,0.294770697,0.2765012502,0.02454188662,0.02454188662,0.01826944672,0
Jurkat,E3,100,0.4073698203,0.3926406078,0.05861984555,0.05861984555,0.01472921249,0
Jurkat,E4,5,-0.0459777085,-0.06273889197,-0.0008076217061,-0.0008076217061,0.01676118347,0
Jurkat,E4,20,0.3090472717,0.2968539277,0.03207734916,0.03207734916,0.01219334394,-1.040834086e-16
Jurkat,E4,100,0.4629808583,0.4500401615,0.1606850377,0.1606850377,0.01294069676,-1.110223025e-16
K562,E1,5,0.05766882262,0.03992985281,0,0,0.01773896981,0
K562,E1,20,0.2852586051,0.2707288296,0,0,0.01452977551,0
K562,E1,100,0.3539647795,0.3369378289,0,0,0.01702695061,0
K562,E3,5,0.06082815993,0.04676387238,0.0007075564548,0.0007075564548,0.01406428755,0
K562,E3,20,0.3022618953,0.2861376801,0.0266279876,0.0266279876,0.01612421521,-2.012279232e-16
K562,E3,100,0.4048338141,0.3882891148,0.06659349325,0.06659349325,0.01654469929,0
K562,E4,5,0.008585517723,-0.00577998268,0.0001669920376,0.0001669920376,0.0143655004,9.999054536e-17
K562,E4,20,0.3118841102,0.2943035207,0.03204888594,0.03204888594,0.01758058949,0
K562,E4,100,0.4716979494,0.4563434809,0.1892327348,0.1892327348,0.01535446844,-8.326672685e-17
RPE1,E1,5,0.3188354797,0.3069440616,0,0,0.01189141813,0
RPE1,E1,20,0.4329614202,0.4260671086,0,0,0.006894311634,0
RPE1,E1,100,0.4676255295,0.4640699812,0,0,0.003555548307,0
RPE1,E3,5,0.3362329535,0.3289472535,0.006895204852,0.006895204852,0.007285700027,0
RPE1,E3,20,0.4651139813,0.4596539498,0.03544531411,0.03544531411,0.005460031472,0
RPE1,E3,100,0.5510603543,0.5452387515,0.1051440344,0.1051440344,0.005821602757,0
RPE1,E4,5,0.3694381726,0.3609557881,0.04353594913,0.04353594913,0.008482384465,1.040834086e-16
RPE1,E4,20,0.5414360969,0.5345245116,0.1520695088,0.1520695088,0.006911585263,0
RPE1,E4,100,0.6337776129,0.6281884931,0.2824786609,0.2824786609,0.005589119837,0
