context,statistic,spearman_q,spearman_r_secondary,diff_vs_agreement,diff_lo,diff_hi
K562,b1_magnitude,0.2984242179,0.7557849577,0.1443588338,0.1011438829,0.1889102527
K562,b2_source_reliability,0.2981345854,0.7717499156,0.1446484663,0.1085235252,0.1790323458
K562,b3_source_reliable_energy,0.2514153447,0.7412619101,0.191367707,0.1411953449,0.2427651991
K562,b6_noise_agreement_ceiling,0.3104296717,0.7732820538,0.1323533801,0.1010185259,0.1656521484
RPE1,b1_magnitude,0.5727864967,0.7925420571,0.04199005257,0.01426785952,0.07156311404
RPE1,b2_source_reliability,0.5778994599,0.8139828143,0.03687708938,0.01648813368,0.05706474189
RPE1,b3_source_reliable_energy,0.5813257085,0.819369568,0.03345084078,0.004694033402,0.06146146839
RPE1,b6_noise_agreement_ceiling,0.5652127924,0.7967001166,0.04956375686,0.03077523518,0.06824901062
HepG2,b1_magnitude,0.2994033554,0.7917482114,-0.001867637098,-0.04361507242,0.04144991095
HepG2,b2_source_reliability,0.294262724,0.8287901603,0.003272994263,-0.03046620718,0.0367562539
HepG2,b3_source_reliable_energy,0.3094250052,0.8000574378,-0.01188928691,-0.06065080757,0.0385979789
HepG2,b6_noise_agreement_ceiling,0.2773023525,0.8005718821,0.02023336575,-0.01044416291,0.05067394
Jurkat,b1_magnitude,0.3699569416,0.720734621,0.117211449,0.08375523239,0.1549173376
Jurkat,b2_source_reliability,0.3892672571,0.7445236435,0.09790113347,0.07152100392,0.1243661554
Jurkat,b3_source_reliable_energy,0.3206481304,0.7031900767,0.1665202603,0.1234390437,0.2118893404
Jurkat,b6_noise_agreement_ceiling,0.4033552679,0.746619276,0.08381312269,0.0601491716,0.106842392
HCT116,b1_magnitude,0.3487226617,0.720789493,-0.05825725877,-0.1115759837,-0.00760994747
HCT116,b2_source_reliability,0.3670967334,0.7336120695,-0.07663133051,-0.1239103759,-0.02948024972
HCT116,b3_source_reliable_energy,0.3517490861,0.7139561903,-0.06128368315,-0.1236706886,0.002783456893
HCT116,b6_noise_agreement_ceiling,0.3762772703,0.7439722485,-0.08581186736,-0.1312760683,-0.03971824145
HEK293T,b1_magnitude,0.08408043569,0.6565951793,0.1152540856,0.07257150048,0.1541966332
HEK293T,b2_source_reliability,0.09219972818,0.6943469578,0.1071347931,0.06418921495,0.148794965
HEK293T,b3_source_reliable_energy,0.03524155687,0.6338711566,0.1640929644,0.08094939999,0.2059794015
HEK293T,b6_noise_agreement_ceiling,0.1047758693,0.7161291426,0.09455865201,0.05218176892,0.1351411343
