context,partial_spearman,lo,hi,n,study
K562,0.1376331348,0.06617523191,0.2178198614,776,"N1/N4 (4 folds, 3 sources)"
RPE1,0.2166737409,0.1478153991,0.2881011028,969,"N1/N4 (4 folds, 3 sources)"
HepG2,0.1227524776,0.04957050884,0.1908350391,851,"N1/N4 (4 folds, 3 sources)"
Jurkat,0.1738181179,0.1132380455,0.2449056707,899,"N1/N4 (4 folds, 3 sources)"
K562,0.2693628319,0.1933192984,0.3493662027,625,"N3 (6 folds, 5 sources)"
RPE1,0.2424957923,0.1687049985,0.305195651,805,"N3 (6 folds, 5 sources)"
HepG2,0.155460442,0.07353760772,0.2285944016,701,"N3 (6 folds, 5 sources)"
Jurkat,0.235657521,0.1667241585,0.3099494507,749,"N3 (6 folds, 5 sources)"
HCT116,-0.07487859493,-0.1612941993,0.02687812406,469,"N3 (6 folds, 5 sources)"
HEK293T,0.1203534375,0.0303275685,0.2329849784,448,"N3 (6 folds, 5 sources)"
