source,perturbation,rel
VIPerturb_K562,AAAS,0.01347305863
VIPerturb_K562,ABCB7,0.02912223809
VIPerturb_K562,ABCF1,0.07007790494
VIPerturb_K562,ABHD17A,0.002969269955
VIPerturb_K562,ACIN1,0.03685807384
VIPerturb_K562,ACOT12,0.03580667052
VIPerturb_K562,ACTB,0.1552499435
VIPerturb_K562,ACTR1A,0.009428798396
VIPerturb_K562,ACTR1B,-0.003734094487
VIPerturb_K562,ACTR2,0.0106278532
VIPerturb_K562,ACTR6,0.5165345225
VIPerturb_K562,ACTR8,0.3464882348
VIPerturb_K562,ADRM1,0.1236114547
VIPerturb_K562,AIFM1,0.1092696383
VIPerturb_K562,ALDOA,0.04046069616
VIPerturb_K562,ALG13,0.03908017911
VIPerturb_K562,ANAPC11,0.02865617437
VIPerturb_K562,ANAPC15,0.03023510502
VIPerturb_K562,ANKRD11,0.07533366262
VIPerturb_K562,ANKRD49,0.06306046796
VIPerturb_K562,ANKS6,0.01928247028
VIPerturb_K562,AP2M1,0.1195061407
VIPerturb_K562,AQP7,0.01395676781
VIPerturb_K562,ARGFX,0.04688659852
VIPerturb_K562,ARGLU1,0.147276838
VIPerturb_K562,ARL4D,0.02780014702
VIPerturb_K562,ARPC2,0.07516713187
VIPerturb_K562,ARPC3,0.008124241908
VIPerturb_K562,ASF1B,0.07824450113
VIPerturb_K562,ATP2A2,0.05681399962
VIPerturb_K562,ATP6AP2,0.04771417235
VIPerturb_K562,ATP6V1D,-0.007770373456
VIPerturb_K562,ATP6V1F,0.121067864
VIPerturb_K562,ATP6V1G1,0.0540398558
VIPerturb_K562,ATRIP,0.06552260978
VIPerturb_K562,BAP1,0.06371416995
VIPerturb_K562,BCAR1,0.05488838852
VIPerturb_K562,BCL2L1,0.02607480984
VIPerturb_K562,BCLAF1,0.05725301873
VIPerturb_K562,BET1,0.03141534429
VIPerturb_K562,BPTF,0.05928164215
VIPerturb_K562,BRCA2,0.06683947531
VIPerturb_K562,BTF3,0.2754946429
VIPerturb_K562,BTF3L4,0.006807817227
VIPerturb_K562,C16orf86,0.05620985283
VIPerturb_K562,C17orf58,0.0293146567
VIPerturb_K562,C1QTNF4,0.07886459962
VIPerturb_K562,C6orf15,0.03285708206
VIPerturb_K562,C9orf78,0.02526822286
VIPerturb_K562,CA5A,0.01318927575
VIPerturb_K562,CACNB3,0.03739029475
VIPerturb_K562,CACTIN,0.00509221888
VIPerturb_K562,CADM4,0.1151130134
VIPerturb_K562,CBX1,0.08051388909
VIPerturb_K562,CCDC115,0.0921304709
VIPerturb_K562,CCDC144A,0.07302955225
VIPerturb_K562,CCDC144NL,0.05742985223
VIPerturb_K562,CCDC59,-0.02591173363
VIPerturb_K562,CCDC78,0.04579836543
VIPerturb_K562,CCND1,0.02218367711
VIPerturb_K562,CCNK,0.1229245885
VIPerturb_K562,CCP110,-0.004673790376
VIPerturb_K562,CD8B,0.03584138056
VIPerturb_K562,CDC123,0.1062258112
VIPerturb_K562,CDIPT,0.02166902249
VIPerturb_K562,CENPC,-0.01359003418
VIPerturb_K562,CENPH,0.05606827353
VIPerturb_K562,CENPJ,0.06012972742
VIPerturb_K562,CENPW,0.01071127743
VIPerturb_K562,CEP68,0.0713161659
VIPerturb_K562,CEP97,0.07533160785
VIPerturb_K562,CFDP1,0.2595186479
VIPerturb_K562,CHCHD1,0.0292751019
VIPerturb_K562,CHCHD2,0.02947516274
VIPerturb_K562,CHCHD4,0.02181487973
VIPerturb_K562,CHD4,0.1516202016
VIPerturb_K562,CHERP,0.197227217
VIPerturb_K562,CHMP5,0.04395312373
VIPerturb_K562,CHMP6,0.2768564847
VIPerturb_K562,CHMP7,0.04884202856
VIPerturb_K562,CHTOP,0.06037046934
VIPerturb_K562,CIAO1,0.07481037257
VIPerturb_K562,CMPK1,0.04692052606
VIPerturb_K562,CMTR1,0.1545271203
VIPerturb_K562,CNN2,0.01976013248
VIPerturb_K562,CNOT2,0.06974018503
VIPerturb_K562,COA5,0.08426612943
VIPerturb_K562,COASY,0.03412587176
VIPerturb_K562,COPG1,0.03110810432
VIPerturb_K562,COPS3,0.06724195038
VIPerturb_K562,COPS5,0.189249853
VIPerturb_K562,COQ2,0.04801021254
VIPerturb_K562,COQ4,0.1502990237
VIPerturb_K562,COX7C,0.1089025566
VIPerturb_K562,CPAMD8,0.07624363172
VIPerturb_K562,CS,0.09804731332
VIPerturb_K562,CSNK2B,0.02560116993
VIPerturb_K562,CSTF3,0.2257126703
VIPerturb_K562,CTBP2,0.008972226644
VIPerturb_K562,CTNNBL1,0.09403016951
VIPerturb_K562,CTU2,0.08155121825
VIPerturb_K562,CUL1,0.1089218889
VIPerturb_K562,CUL2,0.2121509536
VIPerturb_K562,CUL3,0.04628437401
VIPerturb_K562,CYC1,0.05487024369
VIPerturb_K562,CYP2A13,-0.005103813385
VIPerturb_K562,CYP4F11,-0.001017020394
VIPerturb_K562,CYS1,0.01796094155
VIPerturb_K562,DBR1,0.02728705981
VIPerturb_K562,DCAF6,0.02483773859
VIPerturb_K562,DCTN1,0.01605561214
VIPerturb_K562,DCTN6,0.07423792545
VIPerturb_K562,DCUN1D5,0.1129948576
VIPerturb_K562,DDOST,0.03186742321
VIPerturb_K562,DDX1,0.1666041419
VIPerturb_K562,DDX19B,0.04399507788
VIPerturb_K562,DDX46,0.117493964
VIPerturb_K562,DDX5,0.0326103621
VIPerturb_K562,DDX55,0.237996972
VIPerturb_K562,DENR,0.2581746919
VIPerturb_K562,DHPS,0.04129683938
VIPerturb_K562,DHX16,0.03134399319
VIPerturb_K562,DHX36,0.1136864837
VIPerturb_K562,DICER1,0.2331126584
VIPerturb_K562,DIMT1,0.1575910811
VIPerturb_K562,DLD,0.08548831385
VIPerturb_K562,DMRTA2,0.02587252475
VIPerturb_K562,DNAJA1,0.1261693523
VIPerturb_K562,DNAJC19,0.0215886734
VIPerturb_K562,DNAJC8,0.05469517371
VIPerturb_K562,DNLZ,0.04267488928
VIPerturb_K562,DNM1,0.03109806908
VIPerturb_K562,DNMT1,0.03514575321
VIPerturb_K562,DOHH,0.2389953298
VIPerturb_K562,DOLK,0.09930067411
VIPerturb_K562,DPAGT1,0.05858767391
VIPerturb_K562,DPH1,0.02357966591
VIPerturb_K562,DPH2,0.02735381613
VIPerturb_K562,DPH3,0.04765620228
VIPerturb_K562,DPH6,0.134445685
VIPerturb_K562,DPM2,0.007454933394
VIPerturb_K562,DPPA2,0.05935481834
VIPerturb_K562,DPY19L2,0.05792516094
VIPerturb_K562,DRAP1,0.03506204539
VIPerturb_K562,DRG1,0.05269091993
VIPerturb_K562,DYNLL1,0.06367316078
VIPerturb_K562,E2F6,0.09198466725
VIPerturb_K562,EBNA1BP2,0.04229287466
VIPerturb_K562,EEF1B2,0.0520714701
VIPerturb_K562,EEF2,0.1584235996
VIPerturb_K562,EIF1,0.07943878488
VIPerturb_K562,EIF4A1,0.0230191103
VIPerturb_K562,EIF4B,0.03621262402
VIPerturb_K562,EIF4G1,0.08659242362
VIPerturb_K562,EIF4G2,0.1562198901
VIPerturb_K562,ELAC2,0.06986529384
VIPerturb_K562,ELOVL1,0.02109999056
VIPerturb_K562,ELP3,0.09610822328
VIPerturb_K562,ELP5,0.03843330576
VIPerturb_K562,ELP6,0.07343057492
VIPerturb_K562,EMC3,0.03239315906
VIPerturb_K562,EMC4,0.06809174575
VIPerturb_K562,EMC7,0.0331483984
VIPerturb_K562,ERAL1,0.07821360408
VIPerturb_K562,ERCC2,0.28915021
VIPerturb_K562,ERVW-1,-0.001793920401
VIPerturb_K562,ESPN,0.01481921497
VIPerturb_K562,EWSR1,0.06154910558
VIPerturb_K562,EXOC1,0.03747799048
VIPerturb_K562,EXOC2,0.04559292561
VIPerturb_K562,EXOC5,0.07579798719
VIPerturb_K562,EXOC7,0.05941054552
VIPerturb_K562,EXOSC5,0.1212324571
VIPerturb_K562,EXOSC7,0.04458866407
VIPerturb_K562,FAM229A,-0.0188392424
VIPerturb_K562,FARSA,0.151735
VIPerturb_K562,FDXR,0.000301939331
VIPerturb_K562,FNBP4,0.1095126533
VIPerturb_K562,FOLR3,0.08906460413
VIPerturb_K562,FOXL2,0.0137160622
VIPerturb_K562,GAB2,0.1903390868
VIPerturb_K562,GAK,0.00374774727
VIPerturb_K562,GAPDH,0.05717646137
VIPerturb_K562,GET1,0.04658096688
VIPerturb_K562,GET3,0.005451298706
VIPerturb_K562,GFM1,0.06680254467
VIPerturb_K562,GGPS1,0.1310716973
VIPerturb_K562,GJA3,0.008729707851
VIPerturb_K562,GLE1,0.03437017977
VIPerturb_K562,GLRX5,0.06328071323
VIPerturb_K562,GMPPB,0.08199051161
VIPerturb_K562,GNPNAT1,0.01259728181
VIPerturb_K562,GOLGA6L1,0.03957096799
VIPerturb_K562,GPKOW,0.2453406643
VIPerturb_K562,GPS1,0.02072100262
VIPerturb_K562,GRB2,0.1276080596
VIPerturb_K562,GRSF1,0.08754984259
VIPerturb_K562,GRWD1,0.03629323222
VIPerturb_K562,GSDMA,0.08743001569
VIPerturb_K562,GSPT1,0.005202348692
VIPerturb_K562,GTF2H2,0.06469866264
VIPerturb_K562,GTF2H3,0.07117235686
VIPerturb_K562,GTF2H4,0.2320769357
VIPerturb_K562,GTF3C2,0.04162068272
VIPerturb_K562,GTF3C4,0.01321107661
VIPerturb_K562,GTF3C5,0.02899295896
VIPerturb_K562,GUCD1,0.0440943657
VIPerturb_K562,GUK1,0.04152229994
VIPerturb_K562,HAMP,-0.01029041468
VIPerturb_K562,HDAC3,-0.0006307886845
VIPerturb_K562,HECTD1,0.02375787123
VIPerturb_K562,HGS,0.05434100538
VIPerturb_K562,HIRA,0.06049106656
VIPerturb_K562,HJURP,0.05571490605
VIPerturb_K562,HMGA1,0.06634197511
VIPerturb_K562,HMGB1,0.03489289001
VIPerturb_K562,HNRNPM,0.1983890942
VIPerturb_K562,HS6ST1,0.07714662713
VIPerturb_K562,HSD17B12,0.03139528412
VIPerturb_K562,HSP90B1,0.03936381753
VIPerturb_K562,HSPA14,0.07932182521
VIPerturb_K562,HSPA8,0.04843799497
VIPerturb_K562,HTATSF1,0.176707174
VIPerturb_K562,HUS1,0.01963098002
VIPerturb_K562,HUWE1,0.07526849376
VIPerturb_K562,HYPK,0.07428679424
VIPerturb_K562,ICE1,0.09096312752
VIPerturb_K562,ILF2,0.1986372333
VIPerturb_K562,IMPDH2,0.2387101454
VIPerturb_K562,ING3,0.06622827279
VIPerturb_K562,INO80,0.1923763515
VIPerturb_K562,INTS1,0.4449366132
VIPerturb_K562,INTS6,0.0382671464
VIPerturb_K562,IPO11,0.03755221347
VIPerturb_K562,IPO9,0.0816031617
VIPerturb_K562,ISCA2,0.07463444687
VIPerturb_K562,JAZF1,0.07070821341
VIPerturb_K562,JMJD6,0.1041443174
VIPerturb_K562,KANSL1,0.07130171158
VIPerturb_K562,KAT8,0.08478200928
VIPerturb_K562,KDM8,0.1831171193
VIPerturb_K562,KIAA1143,0.05760765501
VIPerturb_K562,KIF18B,0.1087206659
VIPerturb_K562,KPNB1,0.06373279446
VIPerturb_K562,KRI1,0.18042798
VIPerturb_K562,KRT17,0.0408823029
VIPerturb_K562,KRT8,0.06014452171
VIPerturb_K562,KRTAP4-2,0.06094163641
VIPerturb_K562,KTI12,0.02566450674
VIPerturb_K562,LAMTOR4,0.1550049479
VIPerturb_K562,LAS1L,0.3718176695
VIPerturb_K562,LETM1,0.01029001689
VIPerturb_K562,LIN54,0.03357548906
VIPerturb_K562,LRRC37A3,0.07479466132
VIPerturb_K562,LSM12,0.03609947497
VIPerturb_K562,LST1,0.06119201487
VIPerturb_K562,LTB4R2,0.02592655471
VIPerturb_K562,LTBP3,0.03025237526
VIPerturb_K562,MANF,0.05736018163
VIPerturb_K562,MBTPS2,0.1057198004
VIPerturb_K562,MCM3,0.07398391034
VIPerturb_K562,METTL1,0.009666984845
VIPerturb_K562,METTL14,0.5701157614
VIPerturb_K562,METTL17,0.1549517995
VIPerturb_K562,METTL23,0.0392600847
VIPerturb_K562,METTL3,0.4233876714
VIPerturb_K562,MEX3A,0.01437279977
VIPerturb_K562,MFN2,0.07004691698
VIPerturb_K562,MIOS,0.05945676965
VIPerturb_K562,MKRN1,0.07601293672
VIPerturb_K562,MOB4,0.07827698861
VIPerturb_K562,MRGBP,0.07409126679
VIPerturb_K562,MRPL10,0.02242979149
VIPerturb_K562,MRPL14,0.04158790001
VIPerturb_K562,MRPL16,0.2116730454
VIPerturb_K562,MRPL17,0.1095637493
VIPerturb_K562,MRPL18,0.01636217223
VIPerturb_K562,MRPL20,0.09267650357
VIPerturb_K562,MRPL3,0.1390964415
VIPerturb_K562,MRPL35,0.03665120182
VIPerturb_K562,MRPL36,0.1045397619
VIPerturb_K562,MRPL37,0.04522049503
VIPerturb_K562,MRPL38,0.06998893402
VIPerturb_K562,MRPL39,0.1628599926
VIPerturb_K562,MRPL4,0.03079510695
VIPerturb_K562,MRPL41,0.08984151716
VIPerturb_K562,MRPL51,0.1226357423
VIPerturb_K562,MRPL54,0.05995882592
VIPerturb_K562,MRPL9,0.133422559
VIPerturb_K562,MRPS10,0.1945345944
VIPerturb_K562,MRPS21,0.1162035024
VIPerturb_K562,MRPS23,0.07737922366
VIPerturb_K562,MRPS26,0.1377352474
VIPerturb_K562,MRPS28,0.04496691695
VIPerturb_K562,MRPS34,0.03424420631
VIPerturb_K562,MRPS35,0.04640000036
VIPerturb_K562,MRPS5,0.1838617506
VIPerturb_K562,MRPS9,0.1721067011
VIPerturb_K562,MSRB1,0.06551109326
VIPerturb_K562,MTG2,0.006100460724
VIPerturb_K562,MVK,0.06057007287
VIPerturb_K562,MYO1H,-0.002810090332
VIPerturb_K562,MZF1,0.035425689
VIPerturb_K562,NAA20,0.01385995022
VIPerturb_K562,NAA25,0.1361811324
VIPerturb_K562,NAA38,0.06121573962
VIPerturb_K562,NAF1,0.06833529421
VIPerturb_K562,NAGLU,-0.009306623296
VIPerturb_K562,NAPG,0.05920458273
VIPerturb_K562,NASP,0.03774912156
VIPerturb_K562,NBAS,0.006408315441
VIPerturb_K562,NBEAL1,0.03187529981
VIPerturb_K562,NBPF12,0.06815256767
VIPerturb_K562,NBPF15,0.06161252922
VIPerturb_K562,NBPF3,0.05618672925
VIPerturb_K562,NCAPG2,0.04459598866
VIPerturb_K562,NCKAP1,0.0927900829
VIPerturb_K562,NDC1,0.05090619013
VIPerturb_K562,NDUFAB1,0.14664638
VIPerturb_K562,NDUFAF3,0.0005140437388
VIPerturb_K562,NDUFB3,0.07050998838
VIPerturb_K562,NDUFB4,0.08487136212
VIPerturb_K562,NDUFS3,0.02607009725
VIPerturb_K562,NDUFS5,0.004768020432
VIPerturb_K562,NELFA,0.122879326
VIPerturb_K562,NELFCD,0.2926449377
VIPerturb_K562,NEMF,0.07649903207
VIPerturb_K562,NFATC2IP,0.009359736912
VIPerturb_K562,NFKBIE,-0.005856836057
VIPerturb_K562,NFRKB,0.0296559102
VIPerturb_K562,NHLRC2,0.1001735108
VIPerturb_K562,NIFK,-0.008534368606
VIPerturb_K562,NISCH,0.03333144977
VIPerturb_K562,NLE1,0.04080309169
VIPerturb_K562,NOC3L,0.2327683692
VIPerturb_K562,NOL11,0.03225300777
VIPerturb_K562,NOLC1,0.03026581544
VIPerturb_K562,NOM1,0.01984236541
VIPerturb_K562,NOP9,0.03608767354
VIPerturb_K562,NOS1AP,0.01645150191
VIPerturb_K562,NPEPPS,0.02182638101
VIPerturb_K562,NRBP1,0.07952050283
VIPerturb_K562,NSF,0.002439650737
VIPerturb_K562,NSMCE2,0.02385331339
VIPerturb_K562,NSUN4,0.08885361903
VIPerturb_K562,NUDC,0.3125438974
VIPerturb_K562,OGFOD1,0.3359304243
VIPerturb_K562,OIP5,0.0320628029
VIPerturb_K562,OLFML3,0.02445122948
VIPerturb_K562,OR1E2,0.07378599626
VIPerturb_K562,OR2T29,-0.01986239796
VIPerturb_K562,OR4N2,0.07064757611
VIPerturb_K562,ORC3,0.07023549144
VIPerturb_K562,ORC6,0.0369662618
VIPerturb_K562,OSGEP,0.07779160386
VIPerturb_K562,OSTC,0.02751264592
VIPerturb_K562,OTOP1,0.01097117283
VIPerturb_K562,OTX1,0.05730202009
VIPerturb_K562,OVCA2,0.1112195166
VIPerturb_K562,PALB2,0.0453945293
VIPerturb_K562,PARN,0.06397710511
VIPerturb_K562,PARS2,0.1001728526
VIPerturb_K562,PC,-0.01071712226
VIPerturb_K562,PCBP2,0.2698821432
VIPerturb_K562,PDAP1,0.1810514154
VIPerturb_K562,PDCD5,-0.009810319709
VIPerturb_K562,PDCD6,0.02760574254
VIPerturb_K562,PDCD6IP,0.03646390863
VIPerturb_K562,PDCD7,-0.01271884618
VIPerturb_K562,PDPK1,0.02720874742
VIPerturb_K562,PES1,0.00469852056
VIPerturb_K562,PFDN4,0.03957642034
VIPerturb_K562,PGD,0.07884208652
VIPerturb_K562,PGK1,0.2193469211
VIPerturb_K562,PGS1,0.1878431904
VIPerturb_K562,PHF12,0.002711270617
VIPerturb_K562,PI4KA,0.08506553407
VIPerturb_K562,PIAS4,0.001554272371
VIPerturb_K562,PIGH,-0.009257557042
VIPerturb_K562,PIK3C3,0.06501807586
VIPerturb_K562,PKM,0.1228024228
VIPerturb_K562,PLA2G10,0.05084948803
VIPerturb_K562,PMPCB,0.05400704229
VIPerturb_K562,PNKP,0.08382334836
VIPerturb_K562,POLR3C,0.04743001101
VIPerturb_K562,POLR3D,0.06208151851
VIPerturb_K562,POLR3E,0.08258142454
VIPerturb_K562,POP1,0.046385781
VIPerturb_K562,POP4,0.2641356619
VIPerturb_K562,POP7,0.07822020859
VIPerturb_K562,POU5F1B,0.05095784878
VIPerturb_K562,PPA1,0.1543284032
VIPerturb_K562,PPA2,0.0916081384
VIPerturb_K562,PPARGC1B,0.1580186981
VIPerturb_K562,PPIA,0.03690574492
VIPerturb_K562,PPIL2,0.1387334791
VIPerturb_K562,PPME1,0.07808564063
VIPerturb_K562,PPP1CA,0.01898835154
VIPerturb_K562,PPP1R11,0.05830942804
VIPerturb_K562,PPP1R12A,0.02018483104
VIPerturb_K562,PPP1R15B,0.07831190036
VIPerturb_K562,PPP1R8,0.2152243054
VIPerturb_K562,PPP2CA,0.1418967629
VIPerturb_K562,PPP6C,0.0931125842
VIPerturb_K562,PPRC1,0.03395791455
VIPerturb_K562,PRMT5,0.1473508148
VIPerturb_K562,PRODH,0.06914188049
VIPerturb_K562,PRRC2A,0.02241193135
VIPerturb_K562,PSAT1,-0.001422944112
VIPerturb_K562,PSMB4,0.007050916795
VIPerturb_K562,PSME1,0.02413635434
VIPerturb_K562,PSME2,0.06381300003
VIPerturb_K562,PSMG2,0.00444236235
VIPerturb_K562,PSTK,0.04015888285
VIPerturb_K562,PTK2,0.04070826615
VIPerturb_K562,PTMA,0.06290435615
VIPerturb_K562,PTPMT1,0.1401643716
VIPerturb_K562,PXN,0.02800346853
VIPerturb_K562,PYROXD1,0.009132792298
VIPerturb_K562,RAB4A,0.01318497254
VIPerturb_K562,RABGGTB,0.03308417788
VIPerturb_K562,RAC1,0.02017459109
VIPerturb_K562,RAC3,0.03219956532
VIPerturb_K562,RAD51D,0.03426241717
VIPerturb_K562,RAD9A,0.0307616833
VIPerturb_K562,RARS2,0.2264880342
VIPerturb_K562,RBBP4,0.002603966329
VIPerturb_K562,RBM10,0.1436667321
VIPerturb_K562,RBM48,0.0144587539
VIPerturb_K562,RBMXL1,0.04576548694
VIPerturb_K562,RCC1,0.2755382007
VIPerturb_K562,RCL1,0.05066077279
VIPerturb_K562,REV3L,0.03263708205
VIPerturb_K562,RFC4,0.0337006589
VIPerturb_K562,RHPN1,0.03876880905
VIPerturb_K562,RINT1,0.02114129146
VIPerturb_K562,RIOK1,0.07062112639
VIPerturb_K562,RMI1,0.09669078642
VIPerturb_K562,RNF103,0.02992920848
VIPerturb_K562,RNF123,0.1652657421
VIPerturb_K562,RNF14,0.08470864097
VIPerturb_K562,RNF8,0.002747560901
VIPerturb_K562,RNMT,0.09276777165
VIPerturb_K562,RNPS1,0.1326216471
VIPerturb_K562,RPL28,0.0323351671
VIPerturb_K562,RPL29,0.07472018905
VIPerturb_K562,RPL36A,0.03297863092
VIPerturb_K562,RPL36AL,0.05015016627
VIPerturb_K562,RPL41,0.06322423124
VIPerturb_K562,RPL7L1,0.02557611067
VIPerturb_K562,RPP21,0.0443881965
VIPerturb_K562,RPS3,0.0232800356
VIPerturb_K562,RPS9,0.02827875285
VIPerturb_K562,RRN3,0.02220230238
VIPerturb_K562,RRP12,0.04285291091
VIPerturb_K562,RRS1,0.03786211338
VIPerturb_K562,RSL1D1,0.01593062876
VIPerturb_K562,RTCB,0.1993104954
VIPerturb_K562,SARS2,0.02861931709
VIPerturb_K562,SASS6,0.03064400087
VIPerturb_K562,SBNO1,0.1685147467
VIPerturb_K562,SCAF1,0.08104366124
VIPerturb_K562,SCAP,0.0370105854
VIPerturb_K562,SDC1,-0.005761956492
VIPerturb_K562,SDHAF2,0.02389458343
VIPerturb_K562,SEC16A,0.05085537665
VIPerturb_K562,SEC61A1,0.04212834754
VIPerturb_K562,SEPHS2,0.02407953369
VIPerturb_K562,SEPSECS,0.02725372838
VIPerturb_K562,SETD1A,0.1528348444
VIPerturb_K562,SETD2,0.1228066772
VIPerturb_K562,SETDB1,0.09881803867
VIPerturb_K562,SHQ1,0.07701922636
VIPerturb_K562,SIN3A,0.07689760173
VIPerturb_K562,SLC1A5,0.01964797355
VIPerturb_K562,SLC39A10,0.05426170366
VIPerturb_K562,SLC4A5,0.02196348445
VIPerturb_K562,SLC7A5,0.05076628488
VIPerturb_K562,SMAGP,0.01445066526
VIPerturb_K562,SMARCB1,0.05682554013
VIPerturb_K562,SMC5,0.03598491034
VIPerturb_K562,SMC6,0.04257990136
VIPerturb_K562,SMG6,0.347365538
VIPerturb_K562,SNAPC4,0.01744161544
VIPerturb_K562,SNIP1,0.03114470308
VIPerturb_K562,SNRNP40,0.1531374399
VIPerturb_K562,SNRNP70,0.01793881918
VIPerturb_K562,SNUPN,0.1275217486
VIPerturb_K562,SNX15,0.02912360691
VIPerturb_K562,SOD2,0.03863292961
VIPerturb_K562,SON,0.01530791814
VIPerturb_K562,SPCS3,0.1813859422
VIPerturb_K562,SPDYE2,0.04178906339
VIPerturb_K562,SPRTN,0.005029097239
VIPerturb_K562,SPTSSA,0.02102299876
VIPerturb_K562,SRCAP,0.0637146891
VIPerturb_K562,SRF,0.06702537317
VIPerturb_K562,SRP72,0.3626969739
VIPerturb_K562,SRP9,0.3212344429
VIPerturb_K562,SRPRB,0.07993426001
VIPerturb_K562,SRRM1,0.08151534992
VIPerturb_K562,SS18L2,0.0872612398
VIPerturb_K562,SSBP3,0.3764989015
VIPerturb_K562,STAT5A,0.02056324133
VIPerturb_K562,STIL,0.03481839518
VIPerturb_K562,STRIP1,0.03343067505
VIPerturb_K562,SUMO2,0.0621563688
VIPerturb_K562,SURF6,0.1948685532
VIPerturb_K562,TACC3,0.05783984679
VIPerturb_K562,TADA3,0.0331475618
VIPerturb_K562,TAF1D,0.152134712
VIPerturb_K562,TAF2,0.3243865621
VIPerturb_K562,TAF6,0.07262447488
VIPerturb_K562,TAF7,0.1722433326
VIPerturb_K562,TARDBP,0.2192983656
VIPerturb_K562,TARS2,0.08930750055
VIPerturb_K562,TBC1D28,0.04549754939
VIPerturb_K562,TBCA,0.05533579647
VIPerturb_K562,TBCE,0.03151582064
VIPerturb_K562,TCERG1,0.05363340968
VIPerturb_K562,TERF2,0.06576017192
VIPerturb_K562,TFAM,0.05944845483
VIPerturb_K562,TFB2M,0.08079579954
VIPerturb_K562,THAP1,0.01296239901
VIPerturb_K562,THAP11,0.08175870418
VIPerturb_K562,THOC6,0.0840040291
VIPerturb_K562,TIGD1,0.02059023051
VIPerturb_K562,TIMM10,0.07263516359
VIPerturb_K562,TIMM13,0.02524737148
VIPerturb_K562,TIMM44,0.06613353226
VIPerturb_K562,TIMM8A,0.04260547068
VIPerturb_K562,TINF2,0.02345056105
VIPerturb_K562,TKT,0.01772864039
VIPerturb_K562,TLCD1,0.02386009613
VIPerturb_K562,TM7SF2,0.08144044643
VIPerturb_K562,TMEM127,0.08456993872
VIPerturb_K562,TMEM240,0.06393643387
VIPerturb_K562,TMSB10,0.05317319899
VIPerturb_K562,TNPO3,0.09612018633
VIPerturb_K562,TOE1,0.03211978108
VIPerturb_K562,TOMM20,0.2840085452
VIPerturb_K562,TOMM22,0.07625401486
VIPerturb_K562,TOMM40,0.1925247765
VIPerturb_K562,TOP1,0.4050378736
VIPerturb_K562,TOP3A,0.03733681843
VIPerturb_K562,TPI1,0.08867590494
VIPerturb_K562,TPR,0.1700234063
VIPerturb_K562,TPRKB,0.01974898739
VIPerturb_K562,TRA2B,0.08104756645
VIPerturb_K562,TRAPPC1,0.02280054214
VIPerturb_K562,TRAPPC3,0.03520282121
VIPerturb_K562,TRAPPC5,0.04382098288
VIPerturb_K562,TRAPPC8,0.04501015128
VIPerturb_K562,TRIAP1,0.03352965457
VIPerturb_K562,TRMT112,0.06502425896
VIPerturb_K562,TRMT5,0.08961952675
VIPerturb_K562,TRMT6,0.1503490712
VIPerturb_K562,TRNT1,0.3232452665
VIPerturb_K562,TSEN2,0.1376051909
VIPerturb_K562,TSEN34,0.05120716269
VIPerturb_K562,TSEN54,0.04928308343
VIPerturb_K562,TSFM,0.08957276898
VIPerturb_K562,TSPYL5,0.03218737036
VIPerturb_K562,TSR1,0.009024681023
VIPerturb_K562,TSR2,0.06202615699
VIPerturb_K562,TSSK3,0.05069183338
VIPerturb_K562,TTC1,0.1689375609
VIPerturb_K562,TTC4,0.09130677765
VIPerturb_K562,TUBE1,-0.009929147853
VIPerturb_K562,TUBGCP4,0.01208555668
VIPerturb_K562,TUBGCP5,0.048219883
VIPerturb_K562,TULP1,0.01364575814
VIPerturb_K562,TVP23C,0.02532359623
VIPerturb_K562,TWF1,0.05562720832
VIPerturb_K562,U2AF2,0.06514503819
VIPerturb_K562,UBAP1,0.04315788212
VIPerturb_K562,UBE2H,0.05358101998
VIPerturb_K562,UBE2L3,0.05503257672
VIPerturb_K562,UBE2Z,0.08509908384
VIPerturb_K562,UBR5,0.1461604915
VIPerturb_K562,UBTF,0.02599881135
VIPerturb_K562,UFL1,0.1048065354
VIPerturb_K562,UFM1,0.2704721854
VIPerturb_K562,UNC45A,0.02044700014
VIPerturb_K562,UPF2,0.2623744463
VIPerturb_K562,UQCRC1,0.2216265143
VIPerturb_K562,URB2,0.0651185161
VIPerturb_K562,URI1,0.009931632728
VIPerturb_K562,UROD,0.04883667614
VIPerturb_K562,USF2,0.06131975876
VIPerturb_K562,USP10,0.08861619702
VIPerturb_K562,USP19,0.04452482516
VIPerturb_K562,USP9X,0.009274190766
VIPerturb_K562,UTP18,0.07284548541
VIPerturb_K562,UTP20,-0.0105337457
VIPerturb_K562,UTP23,0.08242344875
VIPerturb_K562,UXS1,0.03236122517
VIPerturb_K562,UXT,0.0773546804
VIPerturb_K562,VPS35,0.1836128688
VIPerturb_K562,VPS37A,0.00869609697
VIPerturb_K562,VPS37C,0.01098650826
VIPerturb_K562,VPS41,0.03484043899
VIPerturb_K562,VPS54,0.06456503273
VIPerturb_K562,WAC,0.1204622567
VIPerturb_K562,WBP1,0.01380628932
VIPerturb_K562,WBP1L,0.01320384826
VIPerturb_K562,WDR18,0.07651737429
VIPerturb_K562,WDR24,0.01731803119
VIPerturb_K562,WDR26,-0.008665867253
VIPerturb_K562,WDR4,0.03989553357
VIPerturb_K562,WDR54,0.04121110549
VIPerturb_K562,WDR74,0.09020463744
VIPerturb_K562,WDR83OS,0.07013165649
VIPerturb_K562,WDTC1,0.04025978204
VIPerturb_K562,WNK1,0.06778729276
VIPerturb_K562,XPO5,0.04538627569
VIPerturb_K562,XRCC1,0.01911406328
VIPerturb_K562,XRCC2,0.08861273576
VIPerturb_K562,YARS2,0.09243818437
VIPerturb_K562,YEATS2,0.03419105533
VIPerturb_K562,YRDC,0.02136087657
VIPerturb_K562,YY1,0.1172195916
VIPerturb_K562,ZBTB17,0.1940427689
VIPerturb_K562,ZCRB1,0.10915486
VIPerturb_K562,ZFC3H1,0.2719610637
VIPerturb_K562,ZFP69B,0.05950917651
VIPerturb_K562,ZNF100,0.02116628279
VIPerturb_K562,ZNF236,0.134360001
VIPerturb_K562,ZNF253,0.05396649437
VIPerturb_K562,ZNF468,0.04374275281
VIPerturb_K562,ZNF506,-0.0002484447926
VIPerturb_K562,ZNF559,0.0391697254
VIPerturb_K562,ZNF658,0.04517437116
VIPerturb_K562,ZNF674,0.04768682821
VIPerturb_K562,ZNF687,0.06302619878
VIPerturb_K562,ZNF718,0.006016838291
VIPerturb_K562,ZNHIT2,0.0298938675
K562_GWPS,AAAS,0.06081580597
K562_GWPS,ABCB7,0.2472565627
K562_GWPS,ABCF1,0.2834834263
K562_GWPS,ABHD17A,0.1259417033
K562_GWPS,ACIN1,0.2392186993
K562_GWPS,ACOT12,0.2249616599
K562_GWPS,ACTB,0.4473328027
K562_GWPS,ACTR1A,0.1198802557
K562_GWPS,ACTR1B,0.2306240244
K562_GWPS,ACTR2,0.2910107446
K562_GWPS,ACTR6,0.5582253487
K562_GWPS,ACTR8,0.6717474998
K562_GWPS,ADRM1,0.198289164
K562_GWPS,AIFM1,0.05542743618
K562_GWPS,ALDOA,0.4474271593
K562_GWPS,ALG13,0.4182091112
K562_GWPS,ANAPC11,0.09660067984
K562_GWPS,ANAPC15,0.3073657566
K562_GWPS,ANKRD11,0.5393963639
K562_GWPS,ANKRD49,0.131773755
K562_GWPS,ANKS6,0.07957959593
K562_GWPS,AP2M1,0.192268992
K562_GWPS,AQP7,0.0774104175
K562_GWPS,ARGFX,0.03630481986
K562_GWPS,ARGLU1,0.67612888
K562_GWPS,ARL4D,0.1955695846
K562_GWPS,ARPC2,0.2325914283
K562_GWPS,ARPC3,0.1417695108
K562_GWPS,ASF1B,0.259782609
K562_GWPS,ATP2A2,0.1273650616
K562_GWPS,ATP6AP2,0.221977965
K562_GWPS,ATP6V1D,0.1414319168
K562_GWPS,ATP6V1F,0.1555265544
K562_GWPS,ATP6V1G1,0.2255847395
K562_GWPS,ATRIP,0.5816571646
K562_GWPS,BAP1,0.6951890309
K562_GWPS,BCAR1,0.2365335972
K562_GWPS,BCL2L1,0.2364578789
K562_GWPS,BCLAF1,0.1483698779
K562_GWPS,BET1,0.1972416827
K562_GWPS,BPTF,0.03387286863
K562_GWPS,BRCA2,0.08514753258
K562_GWPS,BTF3,0.3745540388
K562_GWPS,BTF3L4,0.1719828393
K562_GWPS,C16orf86,0.1387421972
K562_GWPS,C17orf58,0.07119131594
K562_GWPS,C1QTNF4,0.1390006574
K562_GWPS,C6orf15,0.1591184237
K562_GWPS,C9orf78,0.2886045392
K562_GWPS,CA5A,0.1140033925
K562_GWPS,CACNB3,0.255208352
K562_GWPS,CACTIN,0.05208394026
K562_GWPS,CADM4,0.3089627488
K562_GWPS,CBX1,0.2190279918
K562_GWPS,CCDC115,0.2329596678
K562_GWPS,CCDC144A,0.1160275139
K562_GWPS,CCDC144NL,0.07792341403
K562_GWPS,CCDC59,0.252705667
K562_GWPS,CCDC78,0.1927399571
K562_GWPS,CCND1,0.1514528062
K562_GWPS,CCNK,0.5623598499
K562_GWPS,CCP110,0.03340386494
K562_GWPS,CD8B,0.05739507308
K562_GWPS,CDC123,0.2083949178
K562_GWPS,CDIPT,0.5036021963
K562_GWPS,CENPC,0.1791075938
K562_GWPS,CENPH,0.08000306869
K562_GWPS,CENPJ,0.2739072189
K562_GWPS,CENPW,0.05457252989
K562_GWPS,CEP68,0.03674141644
K562_GWPS,CEP97,0.03919919925
K562_GWPS,CFDP1,0.3253949613
K562_GWPS,CHCHD1,0.1156006104
K562_GWPS,CHCHD2,0.2982645957
K562_GWPS,CHCHD4,0.4513671144
K562_GWPS,CHD4,0.3854148022
K562_GWPS,CHERP,0.4627090201
K562_GWPS,CHMP5,0.07481456146
K562_GWPS,CHMP6,0.8686216103
K562_GWPS,CHMP7,0.2806453464
K562_GWPS,CHTOP,0.1408435804
K562_GWPS,CIAO1,0.4242837237
K562_GWPS,CMPK1,0.2348185205
K562_GWPS,CMTR1,0.6235677807
K562_GWPS,CNN2,0.2166662106
K562_GWPS,CNOT2,0.3433988898
K562_GWPS,COA5,0.2232460528
K562_GWPS,COASY,0.194750365
K562_GWPS,COPG1,0.1561852087
K562_GWPS,COPS3,0.2767415599
K562_GWPS,COPS5,0.2923451481
K562_GWPS,COQ2,0.1490732707
K562_GWPS,COQ4,0.09895369376
K562_GWPS,COX7C,0.4018237572
K562_GWPS,CPAMD8,0.203194363
K562_GWPS,CS,0.2983716348
K562_GWPS,CSNK2B,0.5534031396
K562_GWPS,CSTF3,0.5006716765
K562_GWPS,CTBP2,0.04910393955
K562_GWPS,CTNNBL1,0.3276235628
K562_GWPS,CTU2,0.3048311748
K562_GWPS,CUL1,0.3966662216
K562_GWPS,CUL2,0.2180381976
K562_GWPS,CUL3,0.2219232928
K562_GWPS,CYC1,0.127929654
K562_GWPS,CYP2A13,0.03002594684
K562_GWPS,CYP4F11,0.05206347972
K562_GWPS,CYS1,0.1143337533
K562_GWPS,DBR1,0.6903051678
K562_GWPS,DCAF6,0.1181836108
K562_GWPS,DCTN1,0.1114129061
K562_GWPS,DCTN6,0.05262064515
K562_GWPS,DCUN1D5,0.1475235228
K562_GWPS,DDOST,0.5148403492
K562_GWPS,DDX1,0.2309190632
K562_GWPS,DDX19B,0.2348820553
K562_GWPS,DDX46,0.3141948347
K562_GWPS,DDX5,0.4861264432
K562_GWPS,DDX55,0.4411619747
K562_GWPS,DENR,0.5701417868
K562_GWPS,DHPS,0.3201883045
K562_GWPS,DHX16,0.1255444425
K562_GWPS,DHX36,0.7037020355
K562_GWPS,DICER1,0.8101456316
K562_GWPS,DIMT1,0.3599409258
K562_GWPS,DLD,0.6630719647
K562_GWPS,DMRTA2,0.1282573493
K562_GWPS,DNAJA1,0.2437928175
K562_GWPS,DNAJC19,0.7244147908
K562_GWPS,DNAJC8,0.4994353796
K562_GWPS,DNLZ,0.09839211294
K562_GWPS,DNM1,0.08620352572
K562_GWPS,DNMT1,0.709458633
K562_GWPS,DOHH,0.7371611078
K562_GWPS,DOLK,0.324375353
K562_GWPS,DPAGT1,0.1028248552
K562_GWPS,DPH1,0.3235102729
K562_GWPS,DPH2,0.4302554507
K562_GWPS,DPH3,0.05851061467
K562_GWPS,DPH6,0.1839353914
K562_GWPS,DPM2,0.1799117241
K562_GWPS,DPPA2,0.005171895641
K562_GWPS,DPY19L2,0.07551742738
K562_GWPS,DRAP1,0.3602078123
K562_GWPS,DRG1,0.1714323327
K562_GWPS,DYNLL1,0.2877001405
K562_GWPS,E2F6,0.0961445015
K562_GWPS,EBNA1BP2,0.3150011497
K562_GWPS,EEF1B2,0.1063551613
K562_GWPS,EEF2,0.1419156237
K562_GWPS,EIF1,0.3816453265
K562_GWPS,EIF4A1,0.1990493666
K562_GWPS,EIF4B,0.1379857891
K562_GWPS,EIF4G1,0.613477324
K562_GWPS,EIF4G2,0.2259886543
K562_GWPS,ELAC2,0.1808390736
K562_GWPS,ELOVL1,0.1262205043
K562_GWPS,ELP3,0.2689275544
K562_GWPS,ELP5,0.4013169791
K562_GWPS,ELP6,0.09305272233
K562_GWPS,EMC3,0.1798114274
K562_GWPS,EMC4,0.0872469565
K562_GWPS,EMC7,0.175866728
K562_GWPS,ERAL1,0.1997687951
K562_GWPS,ERCC2,0.611027674
K562_GWPS,ERVW-1,0.1326806788
K562_GWPS,ESPN,0.3113510752
K562_GWPS,EWSR1,0.1715743976
K562_GWPS,EXOC1,0.2129467966
K562_GWPS,EXOC2,0.06514594539
K562_GWPS,EXOC5,0.207148309
K562_GWPS,EXOC7,0.1085580464
K562_GWPS,EXOSC5,0.3506585886
K562_GWPS,EXOSC7,0.257014794
K562_GWPS,FAM229A,0.1037818247
K562_GWPS,FARSA,0.6542667207
K562_GWPS,FDXR,0.1579446545
K562_GWPS,FNBP4,0.3823699463
K562_GWPS,FOLR3,0.228558459
K562_GWPS,FOXL2,0.2096671357
K562_GWPS,GAB2,0.8183549909
K562_GWPS,GAK,0.179092356
K562_GWPS,GAPDH,0.0720037385
K562_GWPS,GET1,0.1588762722
K562_GWPS,GET3,0.2824977038
K562_GWPS,GFM1,0.6614873012
K562_GWPS,GGPS1,0.07110110974
K562_GWPS,GJA3,0.07346348523
K562_GWPS,GLE1,0.06752949703
K562_GWPS,GLRX5,0.1214825146
K562_GWPS,GMPPB,0.2714279295
K562_GWPS,GNPNAT1,0.2151779028
K562_GWPS,GOLGA6L1,0.09330078654
K562_GWPS,GPKOW,0.1244040595
K562_GWPS,GPS1,0.606527871
K562_GWPS,GRB2,0.2895964608
K562_GWPS,GRSF1,0.269184521
K562_GWPS,GRWD1,0.2114325483
K562_GWPS,GSDMA,0.05173863302
K562_GWPS,GSPT1,0.3309796946
K562_GWPS,GTF2H2,0.116447313
K562_GWPS,GTF2H3,0.2440971537
K562_GWPS,GTF2H4,0.4980149004
K562_GWPS,GTF3C2,0.5064072601
K562_GWPS,GTF3C4,0.08968186557
K562_GWPS,GTF3C5,0.1407537364
K562_GWPS,GUCD1,0.05241172276
K562_GWPS,GUK1,0.1814226722
K562_GWPS,HAMP,0.06323756023
K562_GWPS,HDAC3,0.1265754535
K562_GWPS,HECTD1,0.2051050313
K562_GWPS,HGS,0.2419898101
K562_GWPS,HIRA,0.3314484219
K562_GWPS,HJURP,0.2632001499
K562_GWPS,HMGA1,0.3213242606
K562_GWPS,HMGB1,0.2094696913
K562_GWPS,HNRNPM,0.1327284074
K562_GWPS,HS6ST1,0.07481241703
K562_GWPS,HSD17B12,0.598164648
K562_GWPS,HSP90B1,0.2541514005
K562_GWPS,HSPA14,0.162921841
K562_GWPS,HSPA8,0.3213063071
K562_GWPS,HTATSF1,0.222902131
K562_GWPS,HUS1,0.2237234058
K562_GWPS,HUWE1,0.3459011294
K562_GWPS,HYPK,0.2121490062
K562_GWPS,ICE1,0.2171613945
K562_GWPS,ILF2,0.319760637
K562_GWPS,IMPDH2,0.4163565598
K562_GWPS,ING3,0.2601782716
K562_GWPS,INO80,0.5710321148
K562_GWPS,INTS1,0.3945144503
K562_GWPS,INTS6,0.2442932666
K562_GWPS,IPO11,0.1845687355
K562_GWPS,IPO9,0.3688104325
K562_GWPS,ISCA2,0.2893367637
K562_GWPS,JAZF1,0.2987246946
K562_GWPS,JMJD6,0.2504994887
K562_GWPS,KANSL1,0.1201481222
K562_GWPS,KAT8,0.6153056869
K562_GWPS,KDM8,0.1344207348
K562_GWPS,KIAA1143,0.1090970071
K562_GWPS,KIF18B,0.2237314278
K562_GWPS,KPNB1,0.1758719821
K562_GWPS,KRI1,0.2989554605
K562_GWPS,KRT17,0.08556735497
K562_GWPS,KRT8,0.2501217782
K562_GWPS,KRTAP4-2,0.1225716021
K562_GWPS,KTI12,0.1911061237
K562_GWPS,LAMTOR4,0.2706087516
K562_GWPS,LAS1L,0.4682205677
K562_GWPS,LETM1,0.4240779302
K562_GWPS,LIN54,0.2108445682
K562_GWPS,LRRC37A3,0.06908543118
K562_GWPS,LSM12,0.09428324125
K562_GWPS,LST1,0.05189680805
K562_GWPS,LTB4R2,0.1226086907
K562_GWPS,LTBP3,0.112822256
K562_GWPS,MANF,0.1319457154
K562_GWPS,MBTPS2,0.5919001527
K562_GWPS,MCM3,0.562453737
K562_GWPS,METTL1,0.2796533847
K562_GWPS,METTL14,0.6043629088
K562_GWPS,METTL17,0.2982211228
K562_GWPS,METTL23,0.04860270487
K562_GWPS,METTL3,0.5539637972
K562_GWPS,MEX3A,0.1434937671
K562_GWPS,MFN2,0.09800865637
K562_GWPS,MIOS,0.3982691848
K562_GWPS,MKRN1,0.1071919043
K562_GWPS,MOB4,0.3394967651
K562_GWPS,MRGBP,0.2928912966
K562_GWPS,MRPL10,0.3787241354
K562_GWPS,MRPL14,0.2492972863
K562_GWPS,MRPL16,0.2302240674
K562_GWPS,MRPL17,0.3539344159
K562_GWPS,MRPL18,0.4610513967
K562_GWPS,MRPL20,0.2793246959
K562_GWPS,MRPL3,0.4949608741
K562_GWPS,MRPL35,0.5492499816
K562_GWPS,MRPL36,0.5335477938
K562_GWPS,MRPL37,0.3673764922
K562_GWPS,MRPL38,0.3520810784
K562_GWPS,MRPL39,0.4721288482
K562_GWPS,MRPL4,0.326815351
K562_GWPS,MRPL41,0.1969356228
K562_GWPS,MRPL51,0.209604212
K562_GWPS,MRPL54,0.1883266561
K562_GWPS,MRPL9,0.2296539399
K562_GWPS,MRPS10,0.1336358934
K562_GWPS,MRPS21,0.3842706204
K562_GWPS,MRPS23,0.3174376221
K562_GWPS,MRPS26,0.2317462601
K562_GWPS,MRPS28,0.4442248226
K562_GWPS,MRPS34,0.3929087634
K562_GWPS,MRPS35,0.442571065
K562_GWPS,MRPS5,0.221016403
K562_GWPS,MRPS9,0.1693808399
K562_GWPS,MSRB1,0.2111747252
K562_GWPS,MTG2,0.1238260984
K562_GWPS,MVK,0.2813502614
K562_GWPS,MYO1H,0.06092466655
K562_GWPS,MZF1,0.09878258179
K562_GWPS,NAA20,0.6606310576
K562_GWPS,NAA25,0.7044775123
K562_GWPS,NAA38,0.5067913728
K562_GWPS,NAF1,0.3632749813
K562_GWPS,NAGLU,0.159986875
K562_GWPS,NAPG,0.07073600132
K562_GWPS,NASP,0.3219628943
K562_GWPS,NBAS,0.4779906022
K562_GWPS,NBEAL1,0.05197268712
K562_GWPS,NBPF12,0.1982030688
K562_GWPS,NBPF15,0.0280191802
K562_GWPS,NBPF3,0.1040080683
K562_GWPS,NCAPG2,0.006406274539
K562_GWPS,NCKAP1,0.1577643837
K562_GWPS,NDC1,0.08676534581
K562_GWPS,NDUFAB1,0.410754833
K562_GWPS,NDUFAF3,0.07648950908
K562_GWPS,NDUFB3,0.1597810748
K562_GWPS,NDUFB4,0.3533988977
K562_GWPS,NDUFS3,0.08162654726
K562_GWPS,NDUFS5,0.2863307876
K562_GWPS,NELFA,0.5608138489
K562_GWPS,NELFCD,0.6795188772
K562_GWPS,NEMF,0.106553142
K562_GWPS,NFATC2IP,0.1098337894
K562_GWPS,NFKBIE,0.186084202
K562_GWPS,NFRKB,0.6639307538
K562_GWPS,NHLRC2,0.1164472013
K562_GWPS,NIFK,0.4774072661
K562_GWPS,NISCH,0.1449843906
K562_GWPS,NLE1,0.6203437665
K562_GWPS,NOC3L,0.3433086003
K562_GWPS,NOL11,0.5435035826
K562_GWPS,NOLC1,0.4836830893
K562_GWPS,NOM1,0.1815031168
K562_GWPS,NOP9,0.03068415647
K562_GWPS,NOS1AP,0.08191934935
K562_GWPS,NPEPPS,0.2536204293
K562_GWPS,NRBP1,0.2639543163
K562_GWPS,NSF,0.137148553
K562_GWPS,NSMCE2,0.1791464452
K562_GWPS,NSUN4,0.2154736855
K562_GWPS,NUDC,0.3752332229
K562_GWPS,OGFOD1,0.6203020775
K562_GWPS,OIP5,0.07648561396
K562_GWPS,OLFML3,0.09264931997
K562_GWPS,OR1E2,0.06178242588
K562_GWPS,OR2T29,0.1123920014
K562_GWPS,OR4N2,0.1700621075
K562_GWPS,ORC3,0.1387895608
K562_GWPS,ORC6,0.2725906108
K562_GWPS,OSGEP,0.146562697
K562_GWPS,OSTC,0.3148245257
K562_GWPS,OTOP1,0.09524573554
K562_GWPS,OTX1,0.09525686258
K562_GWPS,OVCA2,0.08374560478
K562_GWPS,PALB2,-0.005220035489
K562_GWPS,PARN,0.1870241961
K562_GWPS,PARS2,0.09589897133
K562_GWPS,PC,0.1484613481
K562_GWPS,PCBP2,0.4017074597
K562_GWPS,PDAP1,0.1270370409
K562_GWPS,PDCD5,0.3805779533
K562_GWPS,PDCD6,0.2242112219
K562_GWPS,PDCD6IP,0.2436200667
K562_GWPS,PDCD7,0.07020554428
K562_GWPS,PDPK1,0.09722111074
K562_GWPS,PES1,0.422449291
K562_GWPS,PFDN4,0.1296336586
K562_GWPS,PGD,0.4604443687
K562_GWPS,PGK1,0.2711318637
K562_GWPS,PGS1,0.369354016
K562_GWPS,PHF12,0.3202239126
K562_GWPS,PI4KA,0.1731880271
K562_GWPS,PIAS4,0.2545988817
K562_GWPS,PIGH,0.1275996367
K562_GWPS,PIK3C3,0.06526668566
K562_GWPS,PKM,0.09774684278
K562_GWPS,PLA2G10,0.1065760694
K562_GWPS,PMPCB,0.7334858533
K562_GWPS,PNKP,0.1120763623
K562_GWPS,POLR3C,0.204568617
K562_GWPS,POLR3D,0.1653868798
K562_GWPS,POLR3E,0.3141636525
K562_GWPS,POP1,0.4329591446
K562_GWPS,POP4,0.4280739806
K562_GWPS,POP7,0.3865933709
K562_GWPS,POU5F1B,0.1579454297
K562_GWPS,PPA1,0.6309994352
K562_GWPS,PPA2,0.002664985603
K562_GWPS,PPARGC1B,0.3092930275
K562_GWPS,PPIA,0.4220570982
K562_GWPS,PPIL2,0.2161679058
K562_GWPS,PPME1,0.2898020541
K562_GWPS,PPP1CA,0.1592745427
K562_GWPS,PPP1R11,0.3646082034
K562_GWPS,PPP1R12A,0.2017376641
K562_GWPS,PPP1R15B,0.1579508195
K562_GWPS,PPP1R8,0.2959930437
K562_GWPS,PPP2CA,0.248816841
K562_GWPS,PPP6C,0.2720920764
K562_GWPS,PPRC1,0.5246070938
K562_GWPS,PRMT5,0.2603335672
K562_GWPS,PRODH,0.2693388665
K562_GWPS,PRRC2A,0.2708782779
K562_GWPS,PSAT1,0.04758034483
K562_GWPS,PSMB4,0.1047401635
K562_GWPS,PSME1,0.1783005505
K562_GWPS,PSME2,0.1913002187
K562_GWPS,PSMG2,0.1895646865
K562_GWPS,PSTK,0.2701900463
K562_GWPS,PTK2,0.09412711197
K562_GWPS,PTMA,0.2281176465
K562_GWPS,PTPMT1,0.2077807598
K562_GWPS,PXN,0.2189315205
K562_GWPS,PYROXD1,0.1535877076
K562_GWPS,RAB4A,0.1244526807
K562_GWPS,RABGGTB,0.2044439328
K562_GWPS,RAC1,0.2552386033
K562_GWPS,RAC3,0.2456044646
K562_GWPS,RAD51D,0.1260530689
K562_GWPS,RAD9A,0.05669674577
K562_GWPS,RARS2,0.5488556031
K562_GWPS,RBBP4,0.2590195158
K562_GWPS,RBM10,0.2219796552
K562_GWPS,RBM48,0.1155735829
K562_GWPS,RBMXL1,0.1428330919
K562_GWPS,RCC1,0.09781527751
K562_GWPS,RCL1,0.485099424
K562_GWPS,REV3L,0.1154302904
K562_GWPS,RFC4,0.2911570757
K562_GWPS,RHPN1,0.224236736
K562_GWPS,RINT1,0.4757408969
K562_GWPS,RIOK1,0.605744474
K562_GWPS,RMI1,0.2051444368
K562_GWPS,RNF103,0.09932918833
K562_GWPS,RNF123,0.1256289765
K562_GWPS,RNF14,0.2134062371
K562_GWPS,RNF8,0.1190824628
K562_GWPS,RNMT,0.5330531993
K562_GWPS,RNPS1,0.3051718357
K562_GWPS,RPL28,0.1401716327
K562_GWPS,RPL29,0.2217720927
K562_GWPS,RPL36A,0.189416912
K562_GWPS,RPL36AL,0.02891838193
K562_GWPS,RPL41,0.08494102452
K562_GWPS,RPL7L1,0.2400570449
K562_GWPS,RPP21,0.1538435907
K562_GWPS,RPS3,0.4961708219
K562_GWPS,RPS9,0.4087492267
K562_GWPS,RRN3,0.03699890856
K562_GWPS,RRP12,0.5210903261
K562_GWPS,RRS1,0.5207985993
K562_GWPS,RSL1D1,0.2143132147
K562_GWPS,RTCB,0.635731478
K562_GWPS,SARS2,0.2454034277
K562_GWPS,SASS6,0.03591368178
K562_GWPS,SBNO1,0.4824227236
K562_GWPS,SCAF1,0.07896759142
K562_GWPS,SCAP,0.3335986155
K562_GWPS,SDC1,0.335636159
K562_GWPS,SDHAF2,0.1066490951
K562_GWPS,SEC16A,0.03855473181
K562_GWPS,SEC61A1,0.106398608
K562_GWPS,SEPHS2,0.2018005379
K562_GWPS,SEPSECS,0.1559458066
K562_GWPS,SETD1A,0.2856431035
K562_GWPS,SETD2,0.2932217544
K562_GWPS,SETDB1,0.5147326789
K562_GWPS,SHQ1,0.09535555745
K562_GWPS,SIN3A,0.3351507215
K562_GWPS,SLC1A5,0.3554446825
K562_GWPS,SLC39A10,0.1574809247
K562_GWPS,SLC4A5,0.1487327824
K562_GWPS,SLC7A5,0.2867964191
K562_GWPS,SMAGP,0.206663197
K562_GWPS,SMARCB1,0.2956018686
K562_GWPS,SMC5,0.01145266542
K562_GWPS,SMC6,0.1212680643
K562_GWPS,SMG6,0.0601661614
K562_GWPS,SNAPC4,0.2002725231
K562_GWPS,SNIP1,0.05527585709
K562_GWPS,SNRNP40,0.3078038043
K562_GWPS,SNRNP70,0.2157874991
K562_GWPS,SNUPN,0.1796553341
K562_GWPS,SNX15,0.1802684958
K562_GWPS,SOD2,0.2370167574
K562_GWPS,SON,0.2102138619
K562_GWPS,SPCS3,0.3269190921
K562_GWPS,SPDYE2,0.134305224
K562_GWPS,SPRTN,0.1063109738
K562_GWPS,SPTSSA,0.09303609017
K562_GWPS,SRCAP,0.1528059883
K562_GWPS,SRF,0.3168995499
K562_GWPS,SRP72,0.7567288994
K562_GWPS,SRP9,0.630676212
K562_GWPS,SRPRB,0.6273705342
K562_GWPS,SRRM1,0.6283677384
K562_GWPS,SS18L2,0.2893927566
K562_GWPS,SSBP3,0.09677806361
K562_GWPS,STAT5A,0.1947119361
K562_GWPS,STIL,0.1078490318
K562_GWPS,STRIP1,0.1966903646
K562_GWPS,SUMO2,0.3074723434
K562_GWPS,SURF6,0.4038500885
K562_GWPS,TACC3,0.02842117279
K562_GWPS,TADA3,0.4927269024
K562_GWPS,TAF1D,0.3847591122
K562_GWPS,TAF2,0.693773674
K562_GWPS,TAF6,0.4551607683
K562_GWPS,TAF7,0.3783308193
K562_GWPS,TARDBP,0.4303208921
K562_GWPS,TARS2,0.426002431
K562_GWPS,TBC1D28,0.1328934816
K562_GWPS,TBCA,0.1170963442
K562_GWPS,TBCE,0.1764277576
K562_GWPS,TCERG1,0.4991195743
K562_GWPS,TERF2,0.1496615689
K562_GWPS,TFAM,0.7275760005
K562_GWPS,TFB2M,0.1779017389
K562_GWPS,THAP1,0.2102070377
K562_GWPS,THAP11,0.3192301785
K562_GWPS,THOC6,0.3141536663
K562_GWPS,TIGD1,0.03174819561
K562_GWPS,TIMM10,0.09865148642
K562_GWPS,TIMM13,0.3811171255
K562_GWPS,TIMM44,0.42691275
K562_GWPS,TIMM8A,0.2194678952
K562_GWPS,TINF2,0.09385147618
K562_GWPS,TKT,0.1304842308
K562_GWPS,TLCD1,0.04502673724
K562_GWPS,TM7SF2,0.06505890583
K562_GWPS,TMEM127,0.1522234727
K562_GWPS,TMEM240,0.1374371482
K562_GWPS,TMSB10,0.4527656942
K562_GWPS,TNPO3,0.5970849575
K562_GWPS,TOE1,0.4203545631
K562_GWPS,TOMM20,0.4093264851
K562_GWPS,TOMM22,0.6192551864
K562_GWPS,TOMM40,0.3068749977
K562_GWPS,TOP1,0.5521754223
K562_GWPS,TOP3A,0.100452371
K562_GWPS,TPI1,0.07200588857
K562_GWPS,TPR,0.488016394
K562_GWPS,TPRKB,0.06280211096
K562_GWPS,TRA2B,0.6514883044
K562_GWPS,TRAPPC1,0.07094190972
K562_GWPS,TRAPPC3,0.1537127392
K562_GWPS,TRAPPC5,0.1388753001
K562_GWPS,TRAPPC8,0.05891801547
K562_GWPS,TRIAP1,0.1617778252
K562_GWPS,TRMT112,0.4721687798
K562_GWPS,TRMT5,0.2983561177
K562_GWPS,TRMT6,0.05523861345
K562_GWPS,TRNT1,0.5268293208
K562_GWPS,TSEN2,0.6168063216
K562_GWPS,TSEN34,0.1485875171
K562_GWPS,TSEN54,0.08305675859
K562_GWPS,TSFM,0.1717430267
K562_GWPS,TSPYL5,0.1653305177
K562_GWPS,TSR1,0.1412868677
K562_GWPS,TSR2,0.7359299555
K562_GWPS,TSSK3,0.1168617522
K562_GWPS,TTC1,0.4556850613
K562_GWPS,TTC4,0.5465555184
K562_GWPS,TUBE1,0.05543408703
K562_GWPS,TUBGCP4,0.02226289579
K562_GWPS,TUBGCP5,4.309584891e-05
K562_GWPS,TULP1,0.1228406594
K562_GWPS,TVP23C,0.06037540253
K562_GWPS,TWF1,0.133269544
K562_GWPS,U2AF2,0.3140660826
K562_GWPS,UBAP1,0.1079543303
K562_GWPS,UBE2H,0.207792707
K562_GWPS,UBE2L3,0.5844430915
K562_GWPS,UBE2Z,0.132129673
K562_GWPS,UBR5,0.1918740274
K562_GWPS,UBTF,0.2783210633
K562_GWPS,UFL1,0.5777385656
K562_GWPS,UFM1,0.4921001973
K562_GWPS,UNC45A,0.07307388455
K562_GWPS,UPF2,0.7515743022
K562_GWPS,UQCRC1,0.1582926163
K562_GWPS,URB2,0.4334035968
K562_GWPS,URI1,0.2302312236
K562_GWPS,UROD,0.3195075671
K562_GWPS,USF2,0.1751019539
K562_GWPS,USP10,0.2041162287
K562_GWPS,USP19,0.1019947546
K562_GWPS,USP9X,0.1031895353
K562_GWPS,UTP18,0.2306197138
K562_GWPS,UTP20,0.4818971352
K562_GWPS,UTP23,0.4698122281
K562_GWPS,UXS1,0.2535813509
K562_GWPS,UXT,0.6351293241
K562_GWPS,VPS35,0.2046421696
K562_GWPS,VPS37A,0.134724727
K562_GWPS,VPS37C,0.1440950727
K562_GWPS,VPS41,0.1970978665
K562_GWPS,VPS54,0.05078266559
K562_GWPS,WAC,0.3277812622
K562_GWPS,WBP1,0.106449592
K562_GWPS,WBP1L,0.2020493764
K562_GWPS,WDR18,0.1920762997
K562_GWPS,WDR24,0.04812862907
K562_GWPS,WDR26,0.3237854677
K562_GWPS,WDR4,0.2055559462
K562_GWPS,WDR54,0.0869935763
K562_GWPS,WDR74,0.1008366097
K562_GWPS,WDR83OS,0.1176688367
K562_GWPS,WDTC1,0.4773017874
K562_GWPS,WNK1,0.2113825355
K562_GWPS,XPO5,0.4209476186
K562_GWPS,XRCC1,0.1250312112
K562_GWPS,XRCC2,0.1756170834
K562_GWPS,YARS2,0.3837852219
K562_GWPS,YEATS2,0.5467166816
K562_GWPS,YRDC,0.1130599607
K562_GWPS,YY1,0.1617392031
K562_GWPS,ZBTB17,0.4232368408
K562_GWPS,ZCRB1,0.5588200194
K562_GWPS,ZFC3H1,0.4823127183
K562_GWPS,ZFP69B,0.1402415241
K562_GWPS,ZNF100,0.06891185764
K562_GWPS,ZNF236,0.306220008
K562_GWPS,ZNF253,0.1037545559
K562_GWPS,ZNF468,0.1822944645
K562_GWPS,ZNF506,0.1445054076
K562_GWPS,ZNF559,0.1897865628
K562_GWPS,ZNF658,0.05728011234
K562_GWPS,ZNF674,0.1346120103
K562_GWPS,ZNF687,0.2256962305
K562_GWPS,ZNF718,0.12462754
K562_GWPS,ZNHIT2,0.07751344644
K562_GWPS_vipdepth,AAAS,0.04531433416
K562_GWPS_vipdepth,ABCB7,0.06306497956
K562_GWPS_vipdepth,ABCF1,0.007094824293
K562_GWPS_vipdepth,ABHD17A,0.05725332463
K562_GWPS_vipdepth,ACIN1,0.06072335383
K562_GWPS_vipdepth,ACOT12,0.03732218831
K562_GWPS_vipdepth,ACTB,0.165685787
K562_GWPS_vipdepth,ACTR1A,0.01877610545
K562_GWPS_vipdepth,ACTR1B,0.06547541296
K562_GWPS_vipdepth,ACTR2,0.020967114
K562_GWPS_vipdepth,ACTR6,0.3586469521
K562_GWPS_vipdepth,ACTR8,0.3263757845
K562_GWPS_vipdepth,ADRM1,0.002148619912
K562_GWPS_vipdepth,AIFM1,0.0006517071296
K562_GWPS_vipdepth,ALDOA,0.1624623181
K562_GWPS_vipdepth,ALG13,0.09261303098
K562_GWPS_vipdepth,ANAPC11,0.01094025866
K562_GWPS_vipdepth,ANAPC15,0.0286527111
K562_GWPS_vipdepth,ANKRD11,0.1473558045
K562_GWPS_vipdepth,ANKRD49,0.04005866308
K562_GWPS_vipdepth,ANKS6,0.05070742553
K562_GWPS_vipdepth,AP2M1,0.009627593639
K562_GWPS_vipdepth,AQP7,-0.002946738489
K562_GWPS_vipdepth,ARGFX,0.03130938741
K562_GWPS_vipdepth,ARGLU1,0.1479280458
K562_GWPS_vipdepth,ARL4D,0.06857502378
K562_GWPS_vipdepth,ARPC2,0.01761167758
K562_GWPS_vipdepth,ARPC3,0.02964825781
K562_GWPS_vipdepth,ASF1B,0.02638136794
K562_GWPS_vipdepth,ATP2A2,0.03188723864
K562_GWPS_vipdepth,ATP6AP2,0.01053057034
K562_GWPS_vipdepth,ATP6V1D,0.03912795903
K562_GWPS_vipdepth,ATP6V1F,0.054474465
K562_GWPS_vipdepth,ATP6V1G1,0.08767437049
K562_GWPS_vipdepth,ATRIP,0.3288506265
K562_GWPS_vipdepth,BAP1,0.314912381
K562_GWPS_vipdepth,BCAR1,0.04458701693
K562_GWPS_vipdepth,BCL2L1,0.02658462023
K562_GWPS_vipdepth,BCLAF1,0.04666174568
K562_GWPS_vipdepth,BET1,0.0239558854
K562_GWPS_vipdepth,BPTF,0.02092989318
K562_GWPS_vipdepth,BRCA2,0.01384769272
K562_GWPS_vipdepth,BTF3,0.3453689753
K562_GWPS_vipdepth,BTF3L4,0.0356767072
K562_GWPS_vipdepth,C16orf86,0.009305348765
K562_GWPS_vipdepth,C17orf58,0.03517751691
K562_GWPS_vipdepth,C1QTNF4,-0.01099422836
K562_GWPS_vipdepth,C6orf15,0.05550724319
K562_GWPS_vipdepth,C9orf78,0.04281247136
K562_GWPS_vipdepth,CA5A,0.0384975593
K562_GWPS_vipdepth,CACNB3,0.0427502591
K562_GWPS_vipdepth,CACTIN,0.05969943972
K562_GWPS_vipdepth,CADM4,0.04368935241
K562_GWPS_vipdepth,CBX1,0.100788714
K562_GWPS_vipdepth,CCDC115,0.04320642549
K562_GWPS_vipdepth,CCDC144A,0.01076893792
K562_GWPS_vipdepth,CCDC144NL,0.02693972387
K562_GWPS_vipdepth,CCDC59,0.09530988467
K562_GWPS_vipdepth,CCDC78,0.08953100351
K562_GWPS_vipdepth,CCND1,0.02456554263
K562_GWPS_vipdepth,CCNK,0.03062321297
K562_GWPS_vipdepth,CCP110,0.0004732151719
K562_GWPS_vipdepth,CD8B,0.03202077523
K562_GWPS_vipdepth,CDC123,0.0244907379
K562_GWPS_vipdepth,CDIPT,0.04782587821
K562_GWPS_vipdepth,CENPC,0.06882869316
K562_GWPS_vipdepth,CENPH,0.001804387098
K562_GWPS_vipdepth,CENPJ,0.1176722454
K562_GWPS_vipdepth,CENPW,0.0002663278841
K562_GWPS_vipdepth,CEP68,0.003199284533
K562_GWPS_vipdepth,CEP97,0.03783951278
K562_GWPS_vipdepth,CFDP1,0.08289043587
K562_GWPS_vipdepth,CHCHD1,0.01849086076
K562_GWPS_vipdepth,CHCHD2,0.1145851452
K562_GWPS_vipdepth,CHCHD4,0.1408685051
K562_GWPS_vipdepth,CHD4,0.2341109423
K562_GWPS_vipdepth,CHERP,0.2833089392
K562_GWPS_vipdepth,CHMP5,0.03194728326
K562_GWPS_vipdepth,CHMP6,0.6244093874
K562_GWPS_vipdepth,CHMP7,0.08254624215
K562_GWPS_vipdepth,CHTOP,0.0185331616
K562_GWPS_vipdepth,CIAO1,0.01854804498
K562_GWPS_vipdepth,CMPK1,0.01866258006
K562_GWPS_vipdepth,CMTR1,0.1622332937
K562_GWPS_vipdepth,CNN2,0.01335738385
K562_GWPS_vipdepth,CNOT2,0.1865109556
K562_GWPS_vipdepth,COA5,0.0122144689
K562_GWPS_vipdepth,COASY,0.03419696909
K562_GWPS_vipdepth,COPG1,-0.01679199854
K562_GWPS_vipdepth,COPS3,0.1535167388
K562_GWPS_vipdepth,COPS5,0.09205154962
K562_GWPS_vipdepth,COQ2,0.06025817411
K562_GWPS_vipdepth,COQ4,0.050508357
K562_GWPS_vipdepth,COX7C,0.08335399403
K562_GWPS_vipdepth,CPAMD8,0.01946699129
K562_GWPS_vipdepth,CS,0.06488123333
K562_GWPS_vipdepth,CSNK2B,0.1434318241
K562_GWPS_vipdepth,CSTF3,0.2687661949
K562_GWPS_vipdepth,CTBP2,0.01104400769
K562_GWPS_vipdepth,CTNNBL1,0.2215693917
K562_GWPS_vipdepth,CTU2,0.06794658571
K562_GWPS_vipdepth,CUL1,0.02789034022
K562_GWPS_vipdepth,CUL2,0.174763391
K562_GWPS_vipdepth,CUL3,0.03799918929
K562_GWPS_vipdepth,CYC1,0.05412251401
K562_GWPS_vipdepth,CYP2A13,0.003663690315
K562_GWPS_vipdepth,CYP4F11,0.0154021125
K562_GWPS_vipdepth,CYS1,0.0002809573834
K562_GWPS_vipdepth,DBR1,0.3213659376
K562_GWPS_vipdepth,DCAF6,0.002190078549
K562_GWPS_vipdepth,DCTN1,0.01344776786
K562_GWPS_vipdepth,DCTN6,0.008770281721
K562_GWPS_vipdepth,DCUN1D5,0.02853179125
K562_GWPS_vipdepth,DDOST,0.1106075558
K562_GWPS_vipdepth,DDX1,0.03014889233
K562_GWPS_vipdepth,DDX19B,0.06195866354
K562_GWPS_vipdepth,DDX46,-0.001179414515
K562_GWPS_vipdepth,DDX5,0.0739490406
K562_GWPS_vipdepth,DDX55,0.1318463567
K562_GWPS_vipdepth,DENR,0.1472218755
K562_GWPS_vipdepth,DHPS,0.178481019
K562_GWPS_vipdepth,DHX16,-0.01141213342
K562_GWPS_vipdepth,DHX36,0.1853958008
K562_GWPS_vipdepth,DICER1,0.2862139017
K562_GWPS_vipdepth,DIMT1,0.2271649529
K562_GWPS_vipdepth,DLD,0.2792265145
K562_GWPS_vipdepth,DMRTA2,0.0002880310317
K562_GWPS_vipdepth,DNAJA1,0.04069708919
K562_GWPS_vipdepth,DNAJC19,0.2819320195
K562_GWPS_vipdepth,DNAJC8,0.03462210225
K562_GWPS_vipdepth,DNLZ,-0.01328424641
K562_GWPS_vipdepth,DNM1,0.03859693266
K562_GWPS_vipdepth,DNMT1,0.1956476618
K562_GWPS_vipdepth,DOHH,0.2076848553
K562_GWPS_vipdepth,DOLK,0.04862432051
K562_GWPS_vipdepth,DPAGT1,0.06137826257
K562_GWPS_vipdepth,DPH1,0.02043581603
K562_GWPS_vipdepth,DPH2,0.1337883033
K562_GWPS_vipdepth,DPH3,0.04882315545
K562_GWPS_vipdepth,DPH6,0.0430885411
K562_GWPS_vipdepth,DPM2,0.02705747012
K562_GWPS_vipdepth,DPPA2,0.0219037135
K562_GWPS_vipdepth,DPY19L2,0.05414808422
K562_GWPS_vipdepth,DRAP1,0.03817922866
K562_GWPS_vipdepth,DRG1,0.04099943085
K562_GWPS_vipdepth,DYNLL1,0.247711062
K562_GWPS_vipdepth,E2F6,0.01768316595
K562_GWPS_vipdepth,EBNA1BP2,0.08211635761
K562_GWPS_vipdepth,EEF1B2,0.11691992
K562_GWPS_vipdepth,EEF2,0.01718627866
K562_GWPS_vipdepth,EIF1,0.1268018699
K562_GWPS_vipdepth,EIF4A1,0.1352717454
K562_GWPS_vipdepth,EIF4B,0.042295098
K562_GWPS_vipdepth,EIF4G1,0.3016882044
K562_GWPS_vipdepth,EIF4G2,0.03061486924
K562_GWPS_vipdepth,ELAC2,0.05225846581
K562_GWPS_vipdepth,ELOVL1,0.02328317886
K562_GWPS_vipdepth,ELP3,0.1003400736
K562_GWPS_vipdepth,ELP5,0.1146329558
K562_GWPS_vipdepth,ELP6,0.02182739671
K562_GWPS_vipdepth,EMC3,0.02455701796
K562_GWPS_vipdepth,EMC4,0.05377061064
K562_GWPS_vipdepth,EMC7,0.04178034616
K562_GWPS_vipdepth,ERAL1,0.06357952521
K562_GWPS_vipdepth,ERCC2,0.350575828
K562_GWPS_vipdepth,ERVW-1,0.001054392945
K562_GWPS_vipdepth,ESPN,0.03539843918
K562_GWPS_vipdepth,EWSR1,0.08939266836
K562_GWPS_vipdepth,EXOC1,-0.01239499866
K562_GWPS_vipdepth,EXOC2,0.00671970785
K562_GWPS_vipdepth,EXOC5,0.01650102584
K562_GWPS_vipdepth,EXOC7,0.0640621471
K562_GWPS_vipdepth,EXOSC5,0.2705357071
K562_GWPS_vipdepth,EXOSC7,0.2060397106
K562_GWPS_vipdepth,FAM229A,0.02282083558
K562_GWPS_vipdepth,FARSA,0.3221350142
K562_GWPS_vipdepth,FDXR,0.03920787059
K562_GWPS_vipdepth,FNBP4,0.03884880498
K562_GWPS_vipdepth,FOLR3,0.06346621908
K562_GWPS_vipdepth,FOXL2,0.07709328378
K562_GWPS_vipdepth,GAB2,0.4082436665
K562_GWPS_vipdepth,GAK,-0.001323030948
K562_GWPS_vipdepth,GAPDH,-0.01939492086
K562_GWPS_vipdepth,GET1,0.01592399285
K562_GWPS_vipdepth,GET3,0.0973327433
K562_GWPS_vipdepth,GFM1,0.1156114777
K562_GWPS_vipdepth,GGPS1,0.02686720694
K562_GWPS_vipdepth,GJA3,0.03273723775
K562_GWPS_vipdepth,GLE1,0.06581052262
K562_GWPS_vipdepth,GLRX5,0.04659139622
K562_GWPS_vipdepth,GMPPB,0.002677340919
K562_GWPS_vipdepth,GNPNAT1,0.02032505737
K562_GWPS_vipdepth,GOLGA6L1,0.04478521885
K562_GWPS_vipdepth,GPKOW,0.02964556818
K562_GWPS_vipdepth,GPS1,0.08839446878
K562_GWPS_vipdepth,GRB2,0.1313841769
K562_GWPS_vipdepth,GRSF1,0.05269240564
K562_GWPS_vipdepth,GRWD1,0.03037578707
K562_GWPS_vipdepth,GSDMA,0.02098752377
K562_GWPS_vipdepth,GSPT1,0.3514721229
K562_GWPS_vipdepth,GTF2H2,0.02356361014
K562_GWPS_vipdepth,GTF2H3,0.04678427396
K562_GWPS_vipdepth,GTF2H4,0.2159681218
K562_GWPS_vipdepth,GTF3C2,0.1503892162
K562_GWPS_vipdepth,GTF3C4,0.003385167632
K562_GWPS_vipdepth,GTF3C5,-0.01032173171
K562_GWPS_vipdepth,GUCD1,0.004482411299
K562_GWPS_vipdepth,GUK1,0.03032481971
K562_GWPS_vipdepth,HAMP,-0.001850647335
K562_GWPS_vipdepth,HDAC3,0.0119476244
K562_GWPS_vipdepth,HECTD1,0.05628969808
K562_GWPS_vipdepth,HGS,0.1422862267
K562_GWPS_vipdepth,HIRA,0.05267003522
K562_GWPS_vipdepth,HJURP,0.06286510944
K562_GWPS_vipdepth,HMGA1,0.0853179006
K562_GWPS_vipdepth,HMGB1,-0.01351983624
K562_GWPS_vipdepth,HNRNPM,0.02262591802
K562_GWPS_vipdepth,HS6ST1,0.01271611846
K562_GWPS_vipdepth,HSD17B12,0.2889023586
K562_GWPS_vipdepth,HSP90B1,0.06810913276
K562_GWPS_vipdepth,HSPA14,0.0489764533
K562_GWPS_vipdepth,HSPA8,0.1766409749
K562_GWPS_vipdepth,HTATSF1,0.03381395761
K562_GWPS_vipdepth,HUS1,0.02973364688
K562_GWPS_vipdepth,HUWE1,0.0851625597
K562_GWPS_vipdepth,HYPK,0.04597884104
K562_GWPS_vipdepth,ICE1,0.07239523615
K562_GWPS_vipdepth,ILF2,0.1720805212
K562_GWPS_vipdepth,IMPDH2,0.2683695277
K562_GWPS_vipdepth,ING3,0.09122689225
K562_GWPS_vipdepth,INO80,0.1640616254
K562_GWPS_vipdepth,INTS1,0.08291784061
K562_GWPS_vipdepth,INTS6,0.01732737979
K562_GWPS_vipdepth,IPO11,0.0113355953
K562_GWPS_vipdepth,IPO9,0.05708286739
K562_GWPS_vipdepth,ISCA2,0.04562365619
K562_GWPS_vipdepth,JAZF1,0.04199843366
K562_GWPS_vipdepth,JMJD6,0.02275153658
K562_GWPS_vipdepth,KANSL1,0.07750703645
K562_GWPS_vipdepth,KAT8,0.1217716478
K562_GWPS_vipdepth,KDM8,0.08523277205
K562_GWPS_vipdepth,KIAA1143,0.04270938122
K562_GWPS_vipdepth,KIF18B,0.2133215992
K562_GWPS_vipdepth,KPNB1,0.01203403657
K562_GWPS_vipdepth,KRI1,0.2208945931
K562_GWPS_vipdepth,KRT17,0.01013450624
K562_GWPS_vipdepth,KRT8,-0.0004505709871
K562_GWPS_vipdepth,KRTAP4-2,-0.01602101511
K562_GWPS_vipdepth,KTI12,0.05648394442
K562_GWPS_vipdepth,LAMTOR4,0.02904202612
K562_GWPS_vipdepth,LAS1L,0.2314410751
K562_GWPS_vipdepth,LETM1,0.1560499698
K562_GWPS_vipdepth,LIN54,0.02240971869
K562_GWPS_vipdepth,LRRC37A3,-0.01705428737
K562_GWPS_vipdepth,LSM12,0.05166238679
K562_GWPS_vipdepth,LST1,0.0008338872509
K562_GWPS_vipdepth,LTB4R2,0.05461430125
K562_GWPS_vipdepth,LTBP3,0.01780052275
K562_GWPS_vipdepth,MANF,0.001964779602
K562_GWPS_vipdepth,MBTPS2,0.1938007704
K562_GWPS_vipdepth,MCM3,0.2264343989
K562_GWPS_vipdepth,METTL1,0.03729198263
K562_GWPS_vipdepth,METTL14,0.3929382638
K562_GWPS_vipdepth,METTL17,0.08220462024
K562_GWPS_vipdepth,METTL23,0.0013675647
K562_GWPS_vipdepth,METTL3,0.07704717574
K562_GWPS_vipdepth,MEX3A,-0.001755151581
K562_GWPS_vipdepth,MFN2,0.002164327831
K562_GWPS_vipdepth,MIOS,0.1958996428
K562_GWPS_vipdepth,MKRN1,0.03000049178
K562_GWPS_vipdepth,MOB4,0.09159704527
K562_GWPS_vipdepth,MRGBP,0.08003385983
K562_GWPS_vipdepth,MRPL10,0.1171440131
K562_GWPS_vipdepth,MRPL14,0.05530970445
K562_GWPS_vipdepth,MRPL16,0.07992474221
K562_GWPS_vipdepth,MRPL17,0.2052721398
K562_GWPS_vipdepth,MRPL18,0.1681322459
K562_GWPS_vipdepth,MRPL20,0.09043270559
K562_GWPS_vipdepth,MRPL3,0.125991162
K562_GWPS_vipdepth,MRPL35,0.158616342
K562_GWPS_vipdepth,MRPL36,0.1487510643
K562_GWPS_vipdepth,MRPL37,0.1087648
K562_GWPS_vipdepth,MRPL38,0.05983583732
K562_GWPS_vipdepth,MRPL39,0.1946909428
K562_GWPS_vipdepth,MRPL4,0.09751487625
K562_GWPS_vipdepth,MRPL41,0.09108820142
K562_GWPS_vipdepth,MRPL51,0.1058023637
K562_GWPS_vipdepth,MRPL54,0.04567082202
K562_GWPS_vipdepth,MRPL9,0.03632514695
K562_GWPS_vipdepth,MRPS10,0.04873695141
K562_GWPS_vipdepth,MRPS21,0.1427648095
K562_GWPS_vipdepth,MRPS23,0.1032586621
K562_GWPS_vipdepth,MRPS26,0.04280031631
K562_GWPS_vipdepth,MRPS28,0.1560330032
K562_GWPS_vipdepth,MRPS34,0.1485298242
K562_GWPS_vipdepth,MRPS35,0.0745998713
K562_GWPS_vipdepth,MRPS5,0.1299300707
K562_GWPS_vipdepth,MRPS9,0.09511890973
K562_GWPS_vipdepth,MSRB1,0.06429068789
K562_GWPS_vipdepth,MTG2,0.01236555314
K562_GWPS_vipdepth,MVK,0.05620116588
K562_GWPS_vipdepth,MYO1H,0.02500343243
K562_GWPS_vipdepth,MZF1,0.002517541979
K562_GWPS_vipdepth,NAA20,0.2931949039
K562_GWPS_vipdepth,NAA25,0.2186397207
K562_GWPS_vipdepth,NAA38,0.309130652
K562_GWPS_vipdepth,NAF1,0.1539457311
K562_GWPS_vipdepth,NAGLU,0.00758741474
K562_GWPS_vipdepth,NAPG,0.03971257864
K562_GWPS_vipdepth,NASP,0.07807807705
K562_GWPS_vipdepth,NBAS,0.1980918647
K562_GWPS_vipdepth,NBEAL1,0.00350325986
K562_GWPS_vipdepth,NBPF12,0.08640675228
K562_GWPS_vipdepth,NBPF15,0.02295557174
K562_GWPS_vipdepth,NBPF3,0.07776452055
K562_GWPS_vipdepth,NCAPG2,0.04293604918
K562_GWPS_vipdepth,NCKAP1,0.09215284566
K562_GWPS_vipdepth,NDC1,0.05205407926
K562_GWPS_vipdepth,NDUFAB1,0.07633748892
K562_GWPS_vipdepth,NDUFAF3,0.04085315958
K562_GWPS_vipdepth,NDUFB3,0.02392073165
K562_GWPS_vipdepth,NDUFB4,0.07776282233
K562_GWPS_vipdepth,NDUFS3,-0.00180403274
K562_GWPS_vipdepth,NDUFS5,0.04227878548
K562_GWPS_vipdepth,NELFA,0.290744397
K562_GWPS_vipdepth,NELFCD,0.2072928648
K562_GWPS_vipdepth,NEMF,0.01681615418
K562_GWPS_vipdepth,NFATC2IP,-0.01662333744
K562_GWPS_vipdepth,NFKBIE,0.1496101125
K562_GWPS_vipdepth,NFRKB,0.2527299377
K562_GWPS_vipdepth,NHLRC2,-0.001763219172
K562_GWPS_vipdepth,NIFK,0.3674502639
K562_GWPS_vipdepth,NISCH,-0.00329511627
K562_GWPS_vipdepth,NLE1,0.2883060166
K562_GWPS_vipdepth,NOC3L,0.1894874948
K562_GWPS_vipdepth,NOL11,0.2504923057
K562_GWPS_vipdepth,NOLC1,0.1127488539
K562_GWPS_vipdepth,NOM1,0.1263165453
K562_GWPS_vipdepth,NOP9,0.03421158159
K562_GWPS_vipdepth,NOS1AP,0.02515451397
K562_GWPS_vipdepth,NPEPPS,0.04632685786
K562_GWPS_vipdepth,NRBP1,0.1121484564
K562_GWPS_vipdepth,NSF,0.0006471409528
K562_GWPS_vipdepth,NSMCE2,0.08537795368
K562_GWPS_vipdepth,NSUN4,0.08765695481
K562_GWPS_vipdepth,NUDC,0.2112534076
K562_GWPS_vipdepth,OGFOD1,0.1582663273
K562_GWPS_vipdepth,OIP5,0.03785267374
K562_GWPS_vipdepth,OLFML3,-0.01262619248
K562_GWPS_vipdepth,OR1E2,0.04547957467
K562_GWPS_vipdepth,OR2T29,0.01127854579
K562_GWPS_vipdepth,OR4N2,0.06573773124
K562_GWPS_vipdepth,ORC3,0.01881733505
K562_GWPS_vipdepth,ORC6,0.1073315627
K562_GWPS_vipdepth,OSGEP,0.05707423123
K562_GWPS_vipdepth,OSTC,0.05179426512
K562_GWPS_vipdepth,OTOP1,0.01785408962
K562_GWPS_vipdepth,OTX1,0.01623305477
K562_GWPS_vipdepth,OVCA2,0.001374645413
K562_GWPS_vipdepth,PALB2,0.01338548015
K562_GWPS_vipdepth,PARN,0.03145005784
K562_GWPS_vipdepth,PARS2,0.02090067571
K562_GWPS_vipdepth,PC,0.04381198667
K562_GWPS_vipdepth,PCBP2,0.1232607396
K562_GWPS_vipdepth,PDAP1,0.08238744774
K562_GWPS_vipdepth,PDCD5,0.04408282273
K562_GWPS_vipdepth,PDCD6,0.04161935174
K562_GWPS_vipdepth,PDCD6IP,0.02056843331
K562_GWPS_vipdepth,PDCD7,0.06679011005
K562_GWPS_vipdepth,PDPK1,0.01011455223
K562_GWPS_vipdepth,PES1,0.3819320965
K562_GWPS_vipdepth,PFDN4,0.02340350812
K562_GWPS_vipdepth,PGD,0.09934804341
K562_GWPS_vipdepth,PGK1,0.1491283004
K562_GWPS_vipdepth,PGS1,0.06848111408
K562_GWPS_vipdepth,PHF12,0.03959039375
K562_GWPS_vipdepth,PI4KA,0.05338531804
K562_GWPS_vipdepth,PIAS4,0.03699189845
K562_GWPS_vipdepth,PIGH,0.01997492448
K562_GWPS_vipdepth,PIK3C3,0.02725406778
K562_GWPS_vipdepth,PKM,0.05151454697
K562_GWPS_vipdepth,PLA2G10,0.03343886122
K562_GWPS_vipdepth,PMPCB,0.2467829165
K562_GWPS_vipdepth,PNKP,0.02274850659
K562_GWPS_vipdepth,POLR3C,0.05764669011
K562_GWPS_vipdepth,POLR3D,0.09120238987
K562_GWPS_vipdepth,POLR3E,0.07084271605
K562_GWPS_vipdepth,POP1,0.2464164174
K562_GWPS_vipdepth,POP4,0.1932266909
K562_GWPS_vipdepth,POP7,0.01337399912
K562_GWPS_vipdepth,POU5F1B,0.1005031668
K562_GWPS_vipdepth,PPA1,0.1828067386
K562_GWPS_vipdepth,PPA2,-0.006745378657
K562_GWPS_vipdepth,PPARGC1B,0.08424846399
K562_GWPS_vipdepth,PPIA,0.1163461158
K562_GWPS_vipdepth,PPIL2,0.06079397735
K562_GWPS_vipdepth,PPME1,0.07237668084
K562_GWPS_vipdepth,PPP1CA,0.01921727196
K562_GWPS_vipdepth,PPP1R11,0.1937503996
K562_GWPS_vipdepth,PPP1R12A,-0.004871488002
K562_GWPS_vipdepth,PPP1R15B,0.0374516913
K562_GWPS_vipdepth,PPP1R8,0.1373931602
K562_GWPS_vipdepth,PPP2CA,0.05612818745
K562_GWPS_vipdepth,PPP6C,0.07479155268
K562_GWPS_vipdepth,PPRC1,0.06376503681
K562_GWPS_vipdepth,PRMT5,0.1146120125
K562_GWPS_vipdepth,PRODH,-0.004125525605
K562_GWPS_vipdepth,PRRC2A,0.04841526079
K562_GWPS_vipdepth,PSAT1,0.02996631242
K562_GWPS_vipdepth,PSMB4,0.03337364427
K562_GWPS_vipdepth,PSME1,0.07546266505
K562_GWPS_vipdepth,PSME2,0.06043632931
K562_GWPS_vipdepth,PSMG2,0.0514345643
K562_GWPS_vipdepth,PSTK,0.002422781991
K562_GWPS_vipdepth,PTK2,0.04567946129
K562_GWPS_vipdepth,PTMA,0.05961166652
K562_GWPS_vipdepth,PTPMT1,0.01096461141
K562_GWPS_vipdepth,PXN,0.06494432729
K562_GWPS_vipdepth,PYROXD1,0.01525155652
K562_GWPS_vipdepth,RAB4A,0.0228379119
K562_GWPS_vipdepth,RABGGTB,0.05552391123
K562_GWPS_vipdepth,RAC1,0.01699814611
K562_GWPS_vipdepth,RAC3,0.05730295997
K562_GWPS_vipdepth,RAD51D,0.03199519439
K562_GWPS_vipdepth,RAD9A,0.01911697044
K562_GWPS_vipdepth,RARS2,0.4059574504
K562_GWPS_vipdepth,RBBP4,0.04827210062
K562_GWPS_vipdepth,RBM10,0.03427272972
K562_GWPS_vipdepth,RBM48,0.05135111352
K562_GWPS_vipdepth,RBMXL1,0.08398820697
K562_GWPS_vipdepth,RCC1,0.04446008161
K562_GWPS_vipdepth,RCL1,0.2775502066
K562_GWPS_vipdepth,REV3L,0.004301240401
K562_GWPS_vipdepth,RFC4,0.12783403
K562_GWPS_vipdepth,RHPN1,0.05263080804
K562_GWPS_vipdepth,RINT1,0.2088374977
K562_GWPS_vipdepth,RIOK1,0.1540879571
K562_GWPS_vipdepth,RMI1,0.07342244653
K562_GWPS_vipdepth,RNF103,0.006864279358
K562_GWPS_vipdepth,RNF123,0.006136319279
K562_GWPS_vipdepth,RNF14,0.02074652525
K562_GWPS_vipdepth,RNF8,0.01627490275
K562_GWPS_vipdepth,RNMT,0.2011717429
K562_GWPS_vipdepth,RNPS1,0.08714858379
K562_GWPS_vipdepth,RPL28,0.008027978991
K562_GWPS_vipdepth,RPL29,0.1211565116
K562_GWPS_vipdepth,RPL36A,0.1478182257
K562_GWPS_vipdepth,RPL36AL,0.01425555361
K562_GWPS_vipdepth,RPL41,0.06669487536
K562_GWPS_vipdepth,RPL7L1,0.2529653605
K562_GWPS_vipdepth,RPP21,0.04075351193
K562_GWPS_vipdepth,RPS3,0.1355671661
K562_GWPS_vipdepth,RPS9,0.04310534166
K562_GWPS_vipdepth,RRN3,0.04068446137
K562_GWPS_vipdepth,RRP12,0.4288002218
K562_GWPS_vipdepth,RRS1,0.4224689525
K562_GWPS_vipdepth,RSL1D1,0.01014292695
K562_GWPS_vipdepth,RTCB,0.3809264573
K562_GWPS_vipdepth,SARS2,0.04051174989
K562_GWPS_vipdepth,SASS6,-0.01690398509
K562_GWPS_vipdepth,SBNO1,0.09099459257
K562_GWPS_vipdepth,SCAF1,0.05031719695
K562_GWPS_vipdepth,SCAP,0.03142850535
K562_GWPS_vipdepth,SDC1,0.07564808198
K562_GWPS_vipdepth,SDHAF2,0.06375784037
K562_GWPS_vipdepth,SEC16A,0.01046729403
K562_GWPS_vipdepth,SEC61A1,0.02150884632
K562_GWPS_vipdepth,SEPHS2,0.07162802216
K562_GWPS_vipdepth,SEPSECS,0.09546716739
K562_GWPS_vipdepth,SETD1A,0.1358125384
K562_GWPS_vipdepth,SETD2,0.09551431238
K562_GWPS_vipdepth,SETDB1,0.1644807392
K562_GWPS_vipdepth,SHQ1,0.01533533011
K562_GWPS_vipdepth,SIN3A,0.06797484138
K562_GWPS_vipdepth,SLC1A5,0.04590250454
K562_GWPS_vipdepth,SLC39A10,0.05584430656
K562_GWPS_vipdepth,SLC4A5,0.03014321576
K562_GWPS_vipdepth,SLC7A5,0.0793557409
K562_GWPS_vipdepth,SMAGP,0.03368913161
K562_GWPS_vipdepth,SMARCB1,0.02162601133
K562_GWPS_vipdepth,SMC5,0.0396949377
K562_GWPS_vipdepth,SMC6,0.009885351818
K562_GWPS_vipdepth,SMG6,0.03438333785
K562_GWPS_vipdepth,SNAPC4,0.06264982526
K562_GWPS_vipdepth,SNIP1,0.05735657871
K562_GWPS_vipdepth,SNRNP40,0.04609252941
K562_GWPS_vipdepth,SNRNP70,0.1487629277
K562_GWPS_vipdepth,SNUPN,0.02048927665
K562_GWPS_vipdepth,SNX15,-0.004054276709
K562_GWPS_vipdepth,SOD2,0.01230529511
K562_GWPS_vipdepth,SON,0.01213421399
K562_GWPS_vipdepth,SPCS3,0.03941328072
K562_GWPS_vipdepth,SPDYE2,0.03930533684
K562_GWPS_vipdepth,SPRTN,0.04822343311
K562_GWPS_vipdepth,SPTSSA,0.00720911365
K562_GWPS_vipdepth,SRCAP,0.02787177965
K562_GWPS_vipdepth,SRF,0.06987344771
K562_GWPS_vipdepth,SRP72,0.2681143209
K562_GWPS_vipdepth,SRP9,0.3114420354
K562_GWPS_vipdepth,SRPRB,0.3821704321
K562_GWPS_vipdepth,SRRM1,0.1549186314
K562_GWPS_vipdepth,SS18L2,0.07584496436
K562_GWPS_vipdepth,SSBP3,0.03733512441
K562_GWPS_vipdepth,STAT5A,0.00356427526
K562_GWPS_vipdepth,STIL,-0.005602384502
K562_GWPS_vipdepth,STRIP1,0.05390599389
K562_GWPS_vipdepth,SUMO2,0.09003917026
K562_GWPS_vipdepth,SURF6,0.09457614452
K562_GWPS_vipdepth,TACC3,0.0552412357
K562_GWPS_vipdepth,TADA3,0.145959079
K562_GWPS_vipdepth,TAF1D,0.1573868194
K562_GWPS_vipdepth,TAF2,0.3071403002
K562_GWPS_vipdepth,TAF6,0.274334841
K562_GWPS_vipdepth,TAF7,0.1135524576
K562_GWPS_vipdepth,TARDBP,0.09050561571
K562_GWPS_vipdepth,TARS2,0.1310874563
K562_GWPS_vipdepth,TBC1D28,0.03195254655
K562_GWPS_vipdepth,TBCA,0.05277650195
K562_GWPS_vipdepth,TBCE,0.0436231127
K562_GWPS_vipdepth,TCERG1,0.2102147046
K562_GWPS_vipdepth,TERF2,0.05594124001
K562_GWPS_vipdepth,TFAM,0.3740139924
K562_GWPS_vipdepth,TFB2M,0.0130454997
K562_GWPS_vipdepth,THAP1,0.04352938883
K562_GWPS_vipdepth,THAP11,0.1951673509
K562_GWPS_vipdepth,THOC6,0.05221728228
K562_GWPS_vipdepth,TIGD1,0.01953768456
K562_GWPS_vipdepth,TIMM10,0.02286450937
K562_GWPS_vipdepth,TIMM13,0.04536335998
K562_GWPS_vipdepth,TIMM44,0.3403745432
K562_GWPS_vipdepth,TIMM8A,0.02860114587
K562_GWPS_vipdepth,TINF2,0.01724415163
K562_GWPS_vipdepth,TKT,0.01152380501
K562_GWPS_vipdepth,TLCD1,0.01640519082
K562_GWPS_vipdepth,TM7SF2,-0.003041916103
K562_GWPS_vipdepth,TMEM127,0.0370033899
K562_GWPS_vipdepth,TMEM240,0.07509681061
K562_GWPS_vipdepth,TMSB10,0.09264988083
K562_GWPS_vipdepth,TNPO3,0.138516258
K562_GWPS_vipdepth,TOE1,0.05192328798
K562_GWPS_vipdepth,TOMM20,0.125049762
K562_GWPS_vipdepth,TOMM22,0.3826465152
K562_GWPS_vipdepth,TOMM40,0.0168506702
K562_GWPS_vipdepth,TOP1,0.1864593114
K562_GWPS_vipdepth,TOP3A,-5.699657222e-05
K562_GWPS_vipdepth,TPI1,0.06438701576
K562_GWPS_vipdepth,TPR,0.3967866574
K562_GWPS_vipdepth,TPRKB,0.0674033116
K562_GWPS_vipdepth,TRA2B,0.1278262139
K562_GWPS_vipdepth,TRAPPC1,0.02450450418
K562_GWPS_vipdepth,TRAPPC3,0.0342951814
K562_GWPS_vipdepth,TRAPPC5,0.05410851929
K562_GWPS_vipdepth,TRAPPC8,0.01379428465
K562_GWPS_vipdepth,TRIAP1,0.1006861686
K562_GWPS_vipdepth,TRMT112,0.3161971036
K562_GWPS_vipdepth,TRMT5,0.06039221363
K562_GWPS_vipdepth,TRMT6,0.03991527533
K562_GWPS_vipdepth,TRNT1,0.0487435041
K562_GWPS_vipdepth,TSEN2,0.1406650186
K562_GWPS_vipdepth,TSEN34,0.067586582
K562_GWPS_vipdepth,TSEN54,0.04791837589
K562_GWPS_vipdepth,TSFM,0.1448356564
K562_GWPS_vipdepth,TSPYL5,0.07321969
K562_GWPS_vipdepth,TSR1,0.03318081136
K562_GWPS_vipdepth,TSR2,0.4849556412
K562_GWPS_vipdepth,TSSK3,0.003408814874
K562_GWPS_vipdepth,TTC1,0.3192143092
K562_GWPS_vipdepth,TTC4,0.3520176254
K562_GWPS_vipdepth,TUBE1,0.0006277219454
K562_GWPS_vipdepth,TUBGCP4,0.03730123927
K562_GWPS_vipdepth,TUBGCP5,0.006010175866
K562_GWPS_vipdepth,TULP1,0.0440027241
K562_GWPS_vipdepth,TVP23C,-0.005084315245
K562_GWPS_vipdepth,TWF1,0.0936036152
K562_GWPS_vipdepth,U2AF2,0.08365879421
K562_GWPS_vipdepth,UBAP1,0.04492550838
K562_GWPS_vipdepth,UBE2H,0.04429101729
K562_GWPS_vipdepth,UBE2L3,0.1100133279
K562_GWPS_vipdepth,UBE2Z,0.07301939024
K562_GWPS_vipdepth,UBR5,0.1885906745
K562_GWPS_vipdepth,UBTF,0.06834697566
K562_GWPS_vipdepth,UFL1,0.08369309887
K562_GWPS_vipdepth,UFM1,0.281998516
K562_GWPS_vipdepth,UNC45A,-0.007704173024
K562_GWPS_vipdepth,UPF2,0.2987478002
K562_GWPS_vipdepth,UQCRC1,0.005715102804
K562_GWPS_vipdepth,URB2,0.1414610344
K562_GWPS_vipdepth,URI1,0.04009191649
K562_GWPS_vipdepth,UROD,0.04357608146
K562_GWPS_vipdepth,USF2,0.01122247646
K562_GWPS_vipdepth,USP10,0.05496946026
K562_GWPS_vipdepth,USP19,0.04054227916
K562_GWPS_vipdepth,USP9X,0.005838899533
K562_GWPS_vipdepth,UTP18,0.0788336307
K562_GWPS_vipdepth,UTP20,0.3046659712
K562_GWPS_vipdepth,UTP23,0.1894351249
K562_GWPS_vipdepth,UXS1,0.01137575986
K562_GWPS_vipdepth,UXT,0.1494252977
K562_GWPS_vipdepth,VPS35,0.1971737623
K562_GWPS_vipdepth,VPS37A,0.02071494539
K562_GWPS_vipdepth,VPS37C,0.009545672802
K562_GWPS_vipdepth,VPS41,0.0002201104719
K562_GWPS_vipdepth,VPS54,0.02570113097
K562_GWPS_vipdepth,WAC,0.04251233502
K562_GWPS_vipdepth,WBP1,0.03412732161
K562_GWPS_vipdepth,WBP1L,0.0007134836605
K562_GWPS_vipdepth,WDR18,0.03093643255
K562_GWPS_vipdepth,WDR24,0.02769992691
K562_GWPS_vipdepth,WDR26,0.07117881683
K562_GWPS_vipdepth,WDR4,0.05764136317
K562_GWPS_vipdepth,WDR54,0.01233100998
K562_GWPS_vipdepth,WDR74,0.002613714332
K562_GWPS_vipdepth,WDR83OS,0.03613081299
K562_GWPS_vipdepth,WDTC1,0.1600815205
K562_GWPS_vipdepth,WNK1,0.0737658852
K562_GWPS_vipdepth,XPO5,0.09244310038
K562_GWPS_vipdepth,XRCC1,0.005701970141
K562_GWPS_vipdepth,XRCC2,0.06166558716
K562_GWPS_vipdepth,YARS2,0.07192427108
K562_GWPS_vipdepth,YEATS2,0.0876872743
K562_GWPS_vipdepth,YRDC,0.03460899353
K562_GWPS_vipdepth,YY1,0.04796054035
K562_GWPS_vipdepth,ZBTB17,0.1454565991
K562_GWPS_vipdepth,ZCRB1,0.1090775403
K562_GWPS_vipdepth,ZFC3H1,0.1968399788
K562_GWPS_vipdepth,ZFP69B,0.05264808689
K562_GWPS_vipdepth,ZNF100,0.01555901314
K562_GWPS_vipdepth,ZNF236,0.2421911095
K562_GWPS_vipdepth,ZNF253,0.01164885452
K562_GWPS_vipdepth,ZNF468,0.04556579278
K562_GWPS_vipdepth,ZNF506,0.003176286946
K562_GWPS_vipdepth,ZNF559,0.003182450105
K562_GWPS_vipdepth,ZNF658,0.06684568331
K562_GWPS_vipdepth,ZNF674,0.05041389025
K562_GWPS_vipdepth,ZNF687,0.01907392412
K562_GWPS_vipdepth,ZNF718,0.03478011809
K562_GWPS_vipdepth,ZNHIT2,0.03536887984
