context,frame,delta20_m5_minus_m3,lo,hi
K562,preregistered fixed frame,0.06649262538,0.02855319372,0.1211269922
K562,own frame (exploratory),0.006585610288,-0.01193828239,0.03005012202
RPE1,preregistered fixed frame,0.0561235524,0.03702008201,0.08108323015
RPE1,own frame (exploratory),0.00949257893,-0.01428088105,0.02192480602
HepG2,preregistered fixed frame,0.07171719497,0.0407413571,0.1551933889
HepG2,own frame (exploratory),-0.0002462848244,-0.03128622025,0.02215286942
Jurkat,preregistered fixed frame,0.06401898306,0.01895938988,0.09889910168
Jurkat,own frame (exploratory),0.007772931877,-0.005702031447,0.01823093242
HCT116,preregistered fixed frame,0.07300809848,0.01984032136,0.152918877
HCT116,own frame (exploratory),0.0004786752816,-0.04056253065,0.01381478946
HEK293T,preregistered fixed frame,0.02657403284,-0.005254435824,0.05743835414
HEK293T,own frame (exploratory),0.002620310651,-0.01456024963,0.01852565384
