context,k,template_gain_M0,template_gain_ref_M0,template_frac,gamma_M3_median,gamma_M3_draw_lo,gamma_M3_draw_hi,gamma_M3_boot_point,gamma_M3_boot_lo,gamma_M3_boot_hi,k_T50,k_gamma50,class_N1_rule,E0s_M0
K562,0,0,0.1084190679,0,0,0,0,0,0,0,50,100,FAIL-A-type,0.2469992805
K562,1,-1.253971931,0.1084190679,-11.56597225,0,-2.220446049e-16,2.220446049e-16,0,-2.220446049e-16,2.220446049e-16,50,100,FAIL-A-type,0.2469992805
K562,2,-0.7990149776,0.1084190679,-7.369690526,9.993029724e-05,-3.052872107e-05,0.001745909338,0.0002949034806,0.0002528871391,0.00033964275,50,100,FAIL-A-type,0.2469992805
K562,5,-0.2719187387,0.1084190679,-2.508034278,0.0001421126325,-0.204989386,0.03047757621,-0.02876378532,-0.04034433082,-0.01925907991,50,100,FAIL-A-type,0.2469992805
K562,10,-0.0825479003,0.1084190679,-0.7613780665,0.008954064553,-0.02030784115,0.07264444137,0.01447724084,0.005359268414,0.02316433086,50,100,FAIL-A-type,0.2469992805
K562,20,0.0150965522,0.1084190679,0.1392425934,0.03612011808,-0.002642083668,0.1113900595,0.04477216454,0.02693347121,0.06096340779,50,100,FAIL-A-type,0.2469992805
K562,50,0.07305895102,0.1084190679,0.6738570293,0.1278078783,0.03402206442,0.1773513228,0.1129991245,0.08544191529,0.1384894947,50,100,FAIL-A-type,0.2469992805
K562,100,0.09261069494,0.1084190679,0.8541919491,0.1927387011,0.143355976,0.2277159453,0.1908362204,0.1461504246,0.2329892155,50,100,FAIL-A-type,0.2469992805
K562,200,0.1011554777,0.1084190679,0.9330044946,0.2597758541,0.2270596582,0.2884497498,0.2592612567,0.2079031678,0.3061099382,50,100,FAIL-A-type,0.2469992805
K562,743,0.1084190679,0.1084190679,1,0.3714387082,0.3658285701,0.3822212381,0.3738686199,0.3149358896,0.4255887951,50,100,FAIL-A-type,0.2469992805
RPE1,0,0,0.2647051329,0,0,0,0,0,0,0,10,50,PASS,0.2416326636
RPE1,1,-0.4677148551,0.2647051329,-1.766927788,0,-2.220446049e-16,1.110223025e-16,0,-2.220446049e-16,2.220446049e-16,10,50,PASS,0.2416326636
RPE1,2,-0.2102709579,0.2647051329,-0.7943592009,0.000177176571,-0.0002898939885,0.001800096478,0.0003323998426,0.0002910609026,0.0003736484899,10,50,PASS,0.2416326636
RPE1,5,0.087625003,0.2647051329,0.3310287263,0.04125854732,2.122254621e-06,0.1268796548,0.04651988376,0.03734596725,0.05510988391,10,50,PASS,0.2416326636
RPE1,10,0.1721680826,0.2647051329,0.6504145979,0.09545216954,0.0006792121365,0.1703163064,0.08523369926,0.07002259957,0.09879282906,10,50,PASS,0.2416326636
RPE1,20,0.2170145332,0.2647051329,0.819835002,0.1493997466,0.02546814285,0.1993981129,0.1430508194,0.1210255527,0.1654566552,10,50,PASS,0.2416326636
RPE1,50,0.245731999,0.2647051329,0.9283235136,0.2252390634,0.1660957819,0.2614837287,0.2218003045,0.190002452,0.2516472227,10,50,PASS,0.2416326636
RPE1,100,0.2539012495,0.2647051329,0.9591852138,0.2808799754,0.2383477364,0.3051781436,0.2778354358,0.2384831137,0.3149178704,10,50,PASS,0.2416326636
RPE1,200,0.26016442,0.2647051329,0.9828461471,0.3273970405,0.3046342002,0.345453817,0.326964494,0.2869127898,0.3696198986,10,50,PASS,0.2416326636
RPE1,743,0.2647051329,0.2647051329,1,0.4117348356,0.4062513013,0.4142729392,0.4109748119,0.3632553121,0.4552262028,10,50,PASS,0.2416326636
HepG2,0,0,0.06312017927,0,0,0,0,0,0,0,100,100,FAIL-A-type,0.3574843527
HepG2,1,-1.825670581,0.06312017927,-28.92372299,0,-2.220446049e-16,1.110223025e-16,-2.220446049e-16,-2.220446049e-16,1.110223025e-16,100,100,FAIL-A-type,0.3574843527
HepG2,2,-1.028748078,0.06312017927,-16.29824392,0.0001683315722,-0.0001063647236,0.001984409765,0.0004045490541,0.0003663971591,0.0004450348907,100,100,FAIL-A-type,0.3574843527
HepG2,5,-0.3576751439,0.06312017927,-5.666573638,0.0004501429261,-0.1349078624,0.06130735469,-0.01324044202,-0.02552516739,-0.003450909996,100,100,FAIL-A-type,0.3574843527
HepG2,10,-0.1408676211,0.06312017927,-2.231736709,0.01884509434,-0.03406495491,0.09856094958,0.02401177007,0.01258616494,0.03365593216,100,100,FAIL-A-type,0.3574843527
HepG2,20,-0.03940248657,0.06312017927,-0.6242454794,0.04934398332,0.002443535946,0.1364606033,0.05983203635,0.04206351487,0.07583078054,100,100,FAIL-A-type,0.3574843527
HepG2,50,0.02215601794,0.06312017927,0.351013229,0.1414117789,0.06864211235,0.1907585183,0.1335749662,0.1019173811,0.1636158859,100,100,FAIL-A-type,0.3574843527
HepG2,100,0.04411717587,0.06312017927,0.6989393309,0.2128965142,0.1211403488,0.2481982564,0.2056038135,0.1591071572,0.2442947662,100,100,FAIL-A-type,0.3574843527
HepG2,200,0.05452705087,0.06312017927,0.8638608365,0.2780575229,0.2400906356,0.3020099711,0.2766412851,0.2244561364,0.324379578,100,100,FAIL-A-type,0.3574843527
HepG2,743,0.06312017927,0.06312017927,1,0.3966823301,0.3895148494,0.4008668299,0.3955444953,0.33415508,0.4459535133,100,100,FAIL-A-type,0.3574843527
Jurkat,0,0,0.0729082322,0,0,0,0,0,0,0,100,200,FAIL-A-type,0.2921556974
Jurkat,1,-1.646202408,0.0729082322,-22.57910195,0,-2.220446049e-16,3.330669074e-16,-2.220446049e-16,-2.220446049e-16,1.110223025e-16,100,200,FAIL-A-type,0.2921556974
Jurkat,2,-0.948099863,0.0729082322,-13.00401662,0.0001503258791,-3.818421135e-05,0.001701884799,0.0003393813695,0.0002908204019,0.0003986073883,100,200,FAIL-A-type,0.2921556974
Jurkat,5,-0.3499129701,0.0729082322,-4.799361602,0.0001342924441,-0.1879071329,0.03017374302,-0.03494153323,-0.04622865737,-0.02538030806,100,200,FAIL-A-type,0.2921556974
Jurkat,10,-0.134131563,0.0729082322,-1.839731385,0.005196413489,-0.1286688699,0.05754599652,-0.001595281026,-0.01195092708,0.008271970733,100,200,FAIL-A-type,0.2921556974
Jurkat,20,-0.02907894217,0.0729082322,-0.3988430564,0.03337959659,0.001692108922,0.08750368542,0.03806580967,0.02423909723,0.0513835285,100,200,FAIL-A-type,0.2921556974
Jurkat,50,0.03179231751,0.0729082322,0.436059366,0.09713584962,0.04437578661,0.1340845743,0.09454843896,0.06944295051,0.1191819228,100,200,FAIL-A-type,0.2921556974
Jurkat,100,0.05375149604,0.0729082322,0.7372486538,0.1583364005,0.1172150293,0.1885606517,0.156354355,0.1207918967,0.1904987712,100,200,FAIL-A-type,0.2921556974
Jurkat,200,0.06490615184,0.0729082322,0.8902444879,0.2187002844,0.1938324952,0.2434713491,0.2188693535,0.1769392997,0.2583227262,100,200,FAIL-A-type,0.2921556974
Jurkat,743,0.0729082322,0.0729082322,1,0.3281870839,0.326471002,0.335027242,0.3300800444,0.2814894076,0.3751460412,100,200,FAIL-A-type,0.2921556974
HCT116,0,0,0.2010170371,0,0,0,0,0,0,0,50,200,FAIL-A-type,0.1483822328
HCT116,1,-2.506448318,0.2010170371,-12.46883525,0,-2.220446049e-16,0,0,-2.220446049e-16,2.220446049e-16,50,200,FAIL-A-type,0.1483822328
HCT116,2,-1.197307339,0.2010170371,-5.956248069,0.0001081593425,-0.000249423205,0.002096624448,0.0003392504819,0.0002911561847,0.000387287752,50,200,FAIL-A-type,0.1483822328
HCT116,5,-0.4274329647,0.2010170371,-2.12635193,-0.000105660986,-0.4191903585,0.01870874111,-0.07164727401,-0.09261740507,-0.05524607226,50,200,FAIL-A-type,0.1483822328
HCT116,10,-0.1127623171,0.2010170371,-0.560959005,0.001044068455,-0.3287899124,0.03946334558,-0.02707357283,-0.04377119061,-0.01298970546,50,200,FAIL-A-type,0.1483822328
HCT116,20,0.05020573064,0.2010170371,0.2497585845,0.02293970617,-0.07702869091,0.06151825809,0.01583808125,0.0001428802655,0.02927549458,50,200,FAIL-A-type,0.1483822328
HCT116,50,0.1449869902,0.2010170371,0.7212671736,0.06168217272,-0.009469429658,0.0888241008,0.05557541153,0.03116286958,0.07688990571,50,200,FAIL-A-type,0.1483822328
HCT116,100,0.1768164618,0.2010170371,0.8796093327,0.1052377449,0.04258593229,0.14409931,0.1034768408,0.06820893765,0.1349434571,50,200,FAIL-A-type,0.1483822328
HCT116,200,0.1900464964,0.2010170371,0.9454248214,0.1545404088,0.1117128979,0.1874389539,0.1518417713,0.10410603,0.1945927534,50,200,FAIL-A-type,0.1483822328
HCT116,743,0.2010170371,0.2010170371,1,0.2633307413,0.233908428,0.2794941125,0.2594631963,0.1832107485,0.3242466206,50,200,FAIL-A-type,0.1483822328
HEK293T,0,0,0.7453147778,0,0,0,0,0,0,0,10,200,FAIL-A-type,-0.5213194331
HEK293T,1,-2.22571315,0.7453147778,-2.986272668,0,0,2.220446049e-16,0,-2.220446049e-16,2.220446049e-16,10,200,FAIL-A-type,-0.5213194331
HEK293T,2,-0.6869988558,0.7453147778,-0.9217566541,0.0001182566175,-0.000408750757,0.002104097928,0.0003467435724,0.0002862368818,0.0004044890489,10,200,FAIL-A-type,-0.5213194331
HEK293T,5,0.1185225273,0.7453147778,0.15902345,-0.0001196400672,-0.2665305652,0.03942243213,-0.05169566663,-0.07020793777,-0.03661143786,10,200,FAIL-A-type,-0.5213194331
HEK293T,10,0.4419586378,0.7453147778,0.5929825236,0.002278414746,-0.3226577409,0.05036967034,-0.02803040605,-0.04695157001,-0.01159668504,10,200,FAIL-A-type,-0.5213194331
HEK293T,20,0.5841423,0.7453147778,0.7837524727,0.03350784501,-0.02337650155,0.07208907896,0.02977150609,0.01054161536,0.04533947371,10,200,FAIL-A-type,-0.5213194331
HEK293T,50,0.6849899416,0.7453147778,0.9190612639,0.08538796033,0.03550923874,0.1174465588,0.08216201622,0.06154175781,0.1020586032,10,200,FAIL-A-type,-0.5213194331
HEK293T,100,0.7151772848,0.7453147778,0.9595640743,0.124861221,0.08333422744,0.1611354054,0.12393804,0.09642445751,0.1503096828,10,200,FAIL-A-type,-0.5213194331
HEK293T,200,0.7325392347,0.7453147778,0.9828588625,0.1718938607,0.137108317,0.1978725244,0.1707605046,0.1347793369,0.2051052868,10,200,FAIL-A-type,-0.5213194331
HEK293T,743,0.7453147778,0.7453147778,1,0.2664435171,0.2540378174,0.2732270435,0.2635893871,0.2143428197,0.3093453951,10,200,FAIL-A-type,-0.5213194331
