context,k,component,point,lo,hi,n_draws
K562,20,gamma_perp,0.09724381786,-0.007107046057,0.3005490129,200
K562,20,template_scale,0.1392425934,-0.2975347167,0.353699676,200
K562,50,gamma_perp,0.3440887433,0.09014711769,0.4703559354,200
K562,50,template_scale,0.6738570293,0.5002938723,0.7545874769,200
K562,100,gamma_perp,0.5188977263,0.3861057186,0.6129915243,200
K562,100,template_scale,0.8541919491,0.7397730117,0.8865853186,200
K562,200,gamma_perp,0.6993774433,0.6113312019,0.7597973767,200
K562,200,template_scale,0.9330044946,0.8719058298,0.9561396607,200
RPE1,20,gamma_perp,0.3628542782,0.06146694869,0.4910568289,200
RPE1,20,template_scale,0.819835002,0.6040327276,0.90011149,200
RPE1,50,gamma_perp,0.547048838,0.4091313654,0.6380346704,200
RPE1,50,template_scale,0.9283235136,0.857274241,0.9620638382,200
RPE1,100,gamma_perp,0.6821865704,0.5812786536,0.7446649592,200
RPE1,100,template_scale,0.9591852138,0.9134301212,0.987353245,200
RPE1,200,gamma_perp,0.7951647813,0.741043899,0.8428397104,200
RPE1,200,template_scale,0.9828461471,0.9666071629,0.9977347818,200
HepG2,20,gamma_perp,0.1243916847,0.006276975148,0.3436407378,200
HepG2,20,template_scale,-0.6242454794,-1.874266953,-0.1411651153,200
HepG2,50,gamma_perp,0.356486206,0.1728624324,0.48037984,200
HepG2,50,template_scale,0.351013229,-0.1267251164,0.584724532,200
HepG2,100,gamma_perp,0.5366927085,0.3053019637,0.6284395883,200
HepG2,100,template_scale,0.6989393309,0.4617320766,0.8328417257,200
HepG2,200,gamma_perp,0.7009576726,0.6072541287,0.76134786,200
HepG2,200,template_scale,0.8638608365,0.7562210525,0.9588710758,200
Jurkat,20,gamma_perp,0.1017090502,0.005154667067,0.2679869976,200
Jurkat,20,template_scale,-0.3988430564,-1.452332394,0.03874099502,200
Jurkat,50,gamma_perp,0.2959770643,0.1352154948,0.4051672394,200
Jurkat,50,template_scale,0.436059366,-0.05602047169,0.6167021012,200
Jurkat,100,gamma_perp,0.4824577452,0.3563182837,0.5689270252,200
Jurkat,100,template_scale,0.7372486538,0.5370577629,0.8247011854,200
Jurkat,200,gamma_perp,0.6663890664,0.5905445758,0.7318603327,200
Jurkat,200,template_scale,0.8902444879,0.7930329791,0.9403518545,200
HCT116,20,gamma_perp,0.08711366572,-0.3065321814,0.2302426043,200
HCT116,20,template_scale,0.2497585845,-0.2603139509,0.487839165,200
HCT116,50,gamma_perp,0.2342384046,-0.03388082108,0.3657347694,200
HCT116,50,template_scale,0.7212671736,0.4357227624,0.7866629404,200
HCT116,100,gamma_perp,0.3996409398,0.1714181453,0.5509193856,200
HCT116,100,template_scale,0.8796093327,0.772392755,0.9073302713,200
HCT116,200,gamma_perp,0.5868680883,0.4419444683,0.7221049395,200
HCT116,200,template_scale,0.9454248214,0.8984033956,0.9673583289,200
HEK293T,20,gamma_perp,0.1257596558,-0.09040820656,0.270560454,200
HEK293T,20,template_scale,0.7837524727,0.5690204138,0.8570325663,200
HEK293T,50,gamma_perp,0.3204730265,0.1296529017,0.4351257956,200
HEK293T,50,template_scale,0.9190612639,0.857654118,0.9438299319,200
HEK293T,100,gamma_perp,0.4686217264,0.3212717624,0.5990957904,200
HEK293T,100,template_scale,0.9595640743,0.9337928107,0.9722367177,200
HEK293T,200,gamma_perp,0.6451418394,0.5309185127,0.7412280841,200
HEK293T,200,template_scale,0.9828588625,0.967159573,0.9903603179,200
